source1_entity_id	candidate_entity_ids
S1-714132312	S2-435263846,S2-786029403
S1-106407869	S2-13250243,S2-168873018,S2-189273846,S2-207604660,S2-300110803,S2-321859321,S2-398802793,S2-411732667,S2-432323917,S2-454527202,S2-464472771,S2-47475427,S2-518551749,S2-555857853,S2-557944627,S2-641567960,S2-643842978,S2-660292571,S2-665309815,S2-675530994,S2-704010117,S2-710425764,S2-723870208,S2-768455544,S2-795018965,S2-877759424,S2-886540563,S2-8949179,S2-908895531,S2-977181041,S3-106636492,S3-168622925,S3-220589102,S3-22604138,S3-249244002,S3-356155310,S3-359910907,S3-361971360,S3-400509792,S3-41638112,S3-500299746,S3-506188869,S3-529043883,S3-553923470,S3-571611293,S3-571947386,S3-634175768,S3-639246665,S3-645278265,S3-645395064,S3-659354804,S3-708755856,S3-752737936,S3-822494094,S3-823417113,S3-881324368,S3-893737840,S3-905037143,S3-917800466,S3-965396284
S1-156285671	S2-153730076,S2-160966771,S2-181576625,S2-332398666,S2-333796656,S2-360475846,S2-369698496,S2-389581512,S2-439825444,S2-467918998,S2-490814295,S2-494645487,S2-5302487,S2-549846309,S2-564259126,S2-590147159,S2-631313044,S2-64661346,S2-648642878,S2-689681118,S2-721272321,S2-761253428,S2-791409685,S2-794683496,S2-837617006,S2-845173152,S2-876952512,S2-890873348,S2-951943778,S2-991495500,S3-136954291,S3-180602430,S3-206875036,S3-217401762,S3-250125870,S3-254616941,S3-277504297,S3-297001283,S3-33213500,S3-371397837,S3-396568146,S3-435093237,S3-46285383,S3-516625443,S3-539513745,S3-555798707,S3-596662808,S3-6219519,S3-632188745,S3-666769106,S3-676242606,S3-705874844,S3-762835469,S3-788875930,S3-819379657,S3-871416040,S3-875859009,S3-880340018,S3-963810725,S3-996794116
S1-689823050	S2-26353498,S2-349088424,S2-65478038,S3-400373447,S3-506456729,S3-623130146,S3-662377810,S3-680802229,S3-824785803
S1-921369899	S2-107533354,S2-808920974,S3-285097097,S3-779830725,S3-974282260
S1-481669221	S2-284602321
S1-909865979	S2-148444293,S2-160387884,S2-191877346,S2-192695265,S2-256532479,S2-259022500,S2-271261991,S2-274468776,S2-282102043,S2-38744097,S2-391573996,S2-410158560,S2-460900486,S2-547847470,S2-580598127,S2-588446879,S2-598320762,S2-702393133,S2-738326502,S2-745986986,S2-755480713,S2-804501274,S2-81776388,S2-819123304,S2-819591958,S2-819868408,S2-830595189,S2-878224471,S2-939615243,S2-96508405,S3-12894730,S3-145974554,S3-182986134,S3-216904859,S3-218970711,S3-22433462,S3-274473339,S3-296517206,S3-309701421,S3-317089946,S3-34432316,S3-391298150,S3-403086436,S3-45370125,S3-47801110,S3-493031755,S3-508687984,S3-572117358,S3-613974661,S3-655002764,S3-665781314,S3-73053134,S3-759575393,S3-821778489,S3-8362112,S3-840985331,S3-870000611,S3-883961775,S3-911082795,S3-947203525
S1-280204013	S2-106459682,S2-107213253,S2-15564152,S2-245286085,S2-317541015,S2-321035021,S2-331530703,S2-372958450,S2-401921764,S2-510010767,S2-513757111,S2-527750428,S2-54943976,S2-601684747,S2-608098362,S2-616226992,S2-620728410,S2-643189982,S2-645363600,S2-698749071,S2-702888802,S2-733755845,S2-775006528,S2-830032832,S2-830875014,S2-896014957,S2-907102481,S2-969786061,S2-990009476,S2-995762390,S3-109256735,S3-112124901,S3-140953379,S3-149682531,S3-151080667,S3-22838532,S3-252657293,S3-257824113,S3-274846378,S3-338991483,S3-349521553,S3-385981105,S3-39755887,S3-420381652,S3-429110082,S3-436285158,S3-471896247,S3-53646699,S3-539891283,S3-570450496,S3-57375444,S3-739572841,S3-756986992,S3-768723926,S3-818826424,S3-842804725,S3-872967348,S3-884253916,S3-906324626,S3-99690505
S1-742053041	S2-315673501,S2-317425677,S2-446206310,S2-73207920,S3-415482884,S3-488222184
S1-913506265	S2-813184149,S3-388866191,S3-739817217
S1-479574617	S2-443103183,S2-985539429,S3-120581080,S3-407377878
S1-680637447	S2-876151147,S3-261988229
S1-870190130	S2-240957364,S3-756882787,S3-818367368
S1-365170694	S2-487943573,S2-640658335,S2-693461542,S2-936277505,S3-112662575,S3-125581643,S3-173740352,S3-214976398,S3-223519390,S3-241047147,S3-487843250,S3-578183275,S3-804632571,S3-839914082,S3-875336337
S1-778640743	S2-484690984,S2-673208513,S2-87750197,S2-933136796,S2-944021337,S3-467616579,S3-698916948
S1-378191895	S2-141260094,S2-186845403,S2-224408774,S2-228539472,S2-248242028,S2-293784469,S2-330771386,S2-365734293,S2-412339540,S2-444264246,S2-44633733,S2-457169725,S2-46308007,S2-474261342,S2-527133538,S2-549297435,S2-573328411,S2-58694026,S2-636373480,S2-646401979,S2-681650886,S2-697018913,S2-815594325,S2-921128683,S2-942285178,S2-947636349,S2-955332303,S2-95645426,S2-968346346,S2-979788923,S3-107853422,S3-127883212,S3-137485326,S3-141696091,S3-176548322,S3-207459811,S3-250088460,S3-260738758,S3-266453573,S3-32914651,S3-382597732,S3-383378845,S3-398010529,S3-405296684,S3-473350829,S3-513490686,S3-520802755,S3-543633403,S3-566899294,S3-594098936,S3-63904465,S3-640346204,S3-650032450,S3-724669529,S3-78954317,S3-86297697,S3-87316983,S3-877494679,S3-949812364,S3-999718009
S1-684974736	S2-260833537,S2-363868281,S2-653794580,S3-668113792,S3-894822385,S3-981604485
S1-750279127	S3-255669508
S1-209281220	S2-873605695,S3-893592109
S1-550154910	S2-125337135,S2-17305717,S2-202445354,S2-286161934,S2-368918179,S2-421260665,S2-43467331,S2-504312643,S2-525830241,S2-551558421,S2-639403570,S2-667150197,S2-697703418,S2-732061692,S2-795490743,S2-820511261,S2-838316521,S2-852498069,S2-861923750,S2-982902290,S3-103011786,S3-10343481,S3-105314886,S3-132344685,S3-14943681,S3-218788176,S3-22492432,S3-244476786,S3-259793617,S3-260640507,S3-321094119,S3-323648817,S3-329960368,S3-395109257,S3-580240526,S3-58980121,S3-615546124,S3-619539637,S3-656640135,S3-661543899,S3-676906993,S3-681061071,S3-687110339,S3-743044361,S3-744305880,S3-843871757,S3-860981683,S3-901478504,S3-920531072,S3-951969901
S1-897975128	S2-269643891,S2-504377531,S2-721050409,S2-848083938,S3-348560482,S3-472461594,S3-970799342
S1-704604312	S2-448044955,S3-7278253
S1-628750886	S2-406813553,S2-596358157,S2-696378102,S2-724882944,S2-735449374,S2-921384396,S2-95181494,S2-98924716,S3-159214046,S3-183021162,S3-668530404,S3-734992856
S1-714038427	S2-112751482,S2-13311261,S2-155117666,S2-172434363,S2-208725512,S2-22641627,S2-232734656,S2-2729693,S2-278648557,S2-398590345,S2-458558953,S2-461538890,S2-486673550,S2-494569352,S2-520570812,S2-600815155,S2-652666767,S2-770603985,S2-80092135,S2-844585347,S2-870313061,S2-893546263,S2-935916311,S2-9389075,S2-941470442,S3-111877816,S3-129217486,S3-140929123,S3-144569215,S3-157627754,S3-183428480,S3-207263123,S3-284327573,S3-365290699,S3-446156652,S3-459381081,S3-466941085,S3-556092751,S3-588541367,S3-593911191,S3-618306303,S3-621489667,S3-749944801,S3-784122115,S3-798066035,S3-832586730,S3-83586757,S3-84842454,S3-896824759,S3-922526608,S3-935202160,S3-951100828,S3-957515890,S3-966511608,S3-994150904
S1-426194890	S2-11663282,S2-157162931,S2-189578510,S2-193553460,S2-206924199,S2-230097346,S2-246461203,S2-300335025,S2-35826451,S2-388808644,S2-42963406,S2-469356119,S2-500527496,S2-577855557,S2-579662359,S2-606911764,S2-618691235,S2-681433610,S2-705926113,S2-729803148,S2-768713053,S2-804093663,S2-820039753,S2-883294479,S2-890949708,S2-902791828,S2-941455888,S2-949511009,S2-956792262,S2-986205797,S3-131842585,S3-147032810,S3-148714299,S3-158515046,S3-235715258,S3-272884423,S3-293589937,S3-333721409,S3-340115551,S3-344112487,S3-423661647,S3-490611757,S3-550617400,S3-565531356,S3-594435995,S3-658918261,S3-741714398,S3-746010060,S3-75078594,S3-781313759,S3-782441928,S3-789159400,S3-815908523,S3-845358842,S3-845370272,S3-927366068,S3-946787369,S3-970953691,S3-973413439,S3-980122171
S1-122385784	S2-125661318,S2-177039790,S2-199053849,S2-971113636,S3-375692972,S3-821803480,S3-870011729
S1-540642140	S2-124773017,S2-18373037,S2-184312863,S2-220248812,S2-271369594,S2-299061023,S2-29942664,S2-332740451,S2-332864044,S2-34145552,S2-374086598,S2-375564096,S2-398745325,S2-436166920,S2-456514313,S2-475822291,S2-517286309,S2-53301658,S2-600711299,S2-670162547,S2-692842245,S2-701271844,S2-744098365,S2-842678300,S2-873367081,S2-885493859,S2-920233858,S2-973743367,S2-974127737,S2-98712145,S3-123801729,S3-227972985,S3-242645790,S3-265050748,S3-268397330,S3-307160727,S3-310143925,S3-358249200,S3-389986568,S3-509033058,S3-532248119,S3-605923847,S3-633301761,S3-633899794,S3-647541936,S3-65006793,S3-728770865,S3-742213830,S3-758642080,S3-76144293,S3-785919525,S3-787991253,S3-803349000,S3-824779716,S3-834841989,S3-849510245,S3-876629945,S3-912771011,S3-929042212,S3-962476976
S1-123475953	S2-108275443,S2-111933971,S2-123259164,S2-140650462,S2-167272637,S2-319189583,S2-417838236,S2-456318932,S2-499564114,S2-551008075,S2-596729763,S2-598519962,S2-698084861,S2-737576051,S2-788629262,S2-803364981,S2-818481523,S2-843008333,S2-867994349,S2-899739354,S2-947319629,S2-986014950,S2-993323860,S3-148975395,S3-209327621,S3-270969323,S3-283669584,S3-367249595,S3-376159046,S3-388805592,S3-482584752,S3-577626649,S3-581282053,S3-589461964,S3-639299719,S3-662462685,S3-669730032,S3-77230621,S3-81264636,S3-828936320,S3-928421064,S3-944840962,S3-999210855
S1-444801830	S3-701255667,S3-8714040
S1-502376041	S2-135305325,S2-408714071,S2-54256234,S2-551281247,S3-652271863
S1-594021398	S3-686916460
S1-261170522	S2-470996829,S3-422627746
S1-466641145	S2-469883604,S3-652998887,S3-818245661
S1-99245709	S2-563728223,S3-140946557,S3-332530974,S3-539394332,S3-602269138
S1-339015166	S2-15078231,S2-262721816,S2-448485205
S1-614259237	S2-567665713,S2-852216067,S3-625725294,S3-679231596
S1-385801270	S2-150444666,S2-16793540,S2-173133274,S2-207797561,S2-20962013,S2-215194266,S2-273602723,S2-275318921,S2-301214244,S2-318919619,S2-326322148,S2-332505575,S2-332917317,S2-349704603,S2-39691901,S2-425417474,S2-431894927,S2-502124284,S2-521485245,S2-532673061,S2-536110477,S2-611759661,S2-66062632,S2-692712904,S2-739694606,S2-806142016,S2-870536513,S2-951575599,S2-953744243,S2-963034254,S3-130647528,S3-156593466,S3-156752988,S3-191221379,S3-231600993,S3-233294793,S3-290413216,S3-315146225,S3-322521482,S3-368173526,S3-38114962,S3-394918230,S3-397877752,S3-402689461,S3-428934153,S3-489441711,S3-499105553,S3-504838293,S3-611140283,S3-673073998,S3-684962224,S3-734229128,S3-739008516,S3-763697683,S3-784853848,S3-806684487,S3-88039526,S3-928688151,S3-960869219,S3-96727448
S1-334672926	S2-440961035,S2-947681751,S3-356701721,S3-947666892
S1-717749279	S2-164279437,S2-209203368,S2-234233670,S2-247738094,S2-251860012,S2-271082339,S2-296749641,S2-31597666,S2-369966392,S2-439078347,S2-461662527,S2-51435294,S2-536374161,S2-638985915,S2-677883284,S2-711709039,S2-715729108,S2-747588389,S2-787653819,S2-792980931,S2-817082510,S2-819219612,S2-829602188,S2-855700277,S2-871909013,S2-876889991,S2-913195122,S2-926387302,S2-989082328,S2-991736902,S3-103139713,S3-126825092,S3-164571937,S3-318930254,S3-325712301,S3-331592042,S3-354366431,S3-376456486,S3-390929238,S3-397026716,S3-407822476,S3-436177879,S3-462381740,S3-467633729,S3-566065896,S3-576866747,S3-618110846,S3-646569779,S3-651000445,S3-653648018,S3-680031472,S3-740168561,S3-79790717,S3-819479857,S3-830404277,S3-872300073,S3-904908845,S3-928825190,S3-957723993,S3-96417441
S1-564662660	S2-288845746,S2-310193917,S2-335705450,S2-391373274,S2-505808175,S2-584561222,S2-596549433,S2-750842839,S2-753934658,S2-989459301,S3-154742796,S3-391835815,S3-703576675,S3-838272221,S3-888514502
S1-41643447	S3-54250287
S1-581360597	S2-109172202,S2-120420573,S2-132159133,S2-160003217,S2-172781923,S2-198658279,S2-210988065,S2-21171524,S2-266001263,S2-268674674,S2-276986437,S2-291099245,S2-327377061,S2-354345772,S2-438813158,S2-449492939,S2-574589715,S2-575881184,S2-578854348,S2-585513323,S2-63434290,S2-664036246,S2-678780005,S2-695304662,S2-745066409,S2-785825163,S2-807659513,S2-8398330,S2-921605011,S2-997139748,S3-203814596,S3-239547662,S3-242674353,S3-273337035,S3-348774861,S3-349679455,S3-378727129,S3-383898779,S3-388105618,S3-420153571,S3-440113927,S3-451764438,S3-476492688,S3-526876240,S3-544230522,S3-574979468,S3-617568246,S3-649834292,S3-670186134,S3-703130146,S3-724289015,S3-759527859,S3-767800129,S3-793689345,S3-808918580,S3-813241071,S3-831414566,S3-843536742,S3-897235370,S3-990839005
S1-946184931	S2-250704063,S2-417066550,S2-52796903,S2-686938201,S2-781028262,S3-449676958,S3-538511980,S3-611198436,S3-797831845
S1-244940399	S2-212658896,S2-747246542,S2-874696367,S2-924786866,S3-882809411
S1-616465752	S2-117342048,S2-121542282,S2-187774246,S2-202340261,S2-265827625,S2-323424371,S2-326985182,S2-42865733,S2-430228793,S2-438363691,S2-450476300,S2-477355085,S2-5063940,S2-509419903,S2-55339906,S2-555237168,S2-626612,S2-628710216,S2-641757866,S2-669236483,S2-689016303,S2-706023799,S2-744054810,S2-74584254,S2-753713247,S2-803068701,S2-825049655,S2-859350970,S2-898058593,S2-995631959,S3-136872555,S3-157769318,S3-172391544,S3-17354610,S3-174735914,S3-270849173,S3-279172743,S3-283446484,S3-307333314,S3-324938234,S3-338787581,S3-367868141,S3-402388716,S3-455166983,S3-456436358,S3-460674044,S3-50181822,S3-536569155,S3-571048119,S3-590648866,S3-624003656,S3-661487456,S3-664174575,S3-773418680,S3-778860966,S3-803619512,S3-814800939,S3-876606902,S3-90718718,S3-96849356
S1-762904067	S2-126472906,S2-227589244,S2-249914737,S2-344412137,S2-355648129,S2-361512042,S2-390485683,S2-424422630,S2-424942652,S2-440190859,S2-453803876,S2-467637576,S2-487887403,S2-512098307,S2-519262886,S2-532381572,S2-592510226,S2-595506379,S2-598594067,S2-646085405,S2-71420339,S2-731647766,S2-73641796,S2-750418143,S2-786478566,S2-820698936,S2-844577056,S2-870790368,S2-877482773,S2-889436497,S3-106789966,S3-157271432,S3-174894132,S3-260804524,S3-2786586,S3-28029316,S3-288607716,S3-335635676,S3-336391031,S3-353024365,S3-424116769,S3-434296473,S3-467290153,S3-480870131,S3-518428654,S3-541503980,S3-549638784,S3-59223083,S3-5933347,S3-623385025,S3-627134165,S3-643576537,S3-704154500,S3-740733692,S3-766384113,S3-774766540,S3-807007322,S3-82310377,S3-950024124,S3-976044565
S1-261476747	S2-300243886,S2-969569602,S3-255859609,S3-449183302
S1-874436225	S2-148565416,S2-156764530,S2-175943385,S2-241070484,S2-253438997,S2-256340765,S2-266300083,S2-313568806,S2-326183116,S2-376848687,S2-385143075,S2-392143884,S2-419278223,S2-4428148,S2-447489505,S2-516571345,S2-556637424,S2-560435436,S2-566441653,S2-581443733,S2-621225647,S2-640599619,S2-663451457,S2-717824999,S2-728992082,S2-751786772,S2-841612845,S2-866208268,S2-893072856,S2-931086861,S3-101156628,S3-118724510,S3-173100375,S3-236871391,S3-272667079,S3-285473776,S3-31379241,S3-327791909,S3-356190678,S3-365999770,S3-379729967,S3-405661452,S3-425420133,S3-431231239,S3-45354016,S3-456986245,S3-595294380,S3-636552936,S3-640361660,S3-678245304,S3-719395768,S3-72963917,S3-742640138,S3-888050163,S3-890357931,S3-900968393,S3-919399784,S3-947199016,S3-95997245,S3-984991275
S1-816918307	S2-349475651,S2-448049154,S2-627029064,S3-352850116,S3-804841273,S3-867388814,S3-927534099
S1-52153457	S2-133927488,S2-178873418,S2-248885524,S2-2594932,S2-315829549,S2-327331797,S2-336653131,S2-345189311,S2-364778510,S2-375453246,S2-408163615,S2-411053329,S2-427760170,S2-450887215,S2-53123584,S2-538273341,S2-666248452,S2-669017993,S2-684434470,S2-689652113,S2-724803719,S2-745229641,S2-776723436,S2-793965885,S2-863271404,S2-927178609,S2-936458257,S2-944277097,S2-975091803,S2-980972672,S3-102132473,S3-115463001,S3-168397266,S3-169415613,S3-206197719,S3-228332875,S3-244095490,S3-282228511,S3-288719395,S3-35260354,S3-354092547,S3-424039656,S3-438724545,S3-442064641,S3-442709683,S3-469377977,S3-478284177,S3-494501042,S3-514667203,S3-543919867,S3-547386702,S3-547731805,S3-59280527,S3-666541315,S3-741596121,S3-758994523,S3-820910805,S3-887042475,S3-893030845,S3-925367300
S1-867332501	S2-541826938,S2-832628288,S3-263587944,S3-428445995,S3-443541598
S1-969300060	S2-549617192,S3-344702020,S3-835980117,S3-986110458
S1-930501805	S2-270438105,S2-440187663,S2-619488223,S2-71782614,S2-898172629,S3-391330203,S3-436019484,S3-437190232,S3-479069612,S3-720438812,S3-870972432
S1-474452362	S2-735198548,S2-866849084,S2-943072983,S3-341245288
S1-802731895	S2-114526760,S2-138062658,S2-178149505,S2-193620139,S2-232162680,S2-259584833,S2-293108644,S2-369926017,S2-381529251,S2-431105012,S2-448394346,S2-502521476,S2-570936573,S2-672038510,S2-688703491,S2-689467303,S2-693118425,S2-747465290,S2-787270767,S2-898599479,S2-940583206,S2-965908946,S2-975860414,S3-128776254,S3-139765293,S3-154055953,S3-165305629,S3-230183668,S3-2668710,S3-354759,S3-358301691,S3-364198001,S3-444281724,S3-466791229,S3-48041706,S3-496818697,S3-538090707,S3-579117920,S3-584392676,S3-593682996,S3-623065941,S3-628976345,S3-629173184,S3-678606853,S3-82029335,S3-873029814,S3-897412650,S3-936480216,S3-949271746,S3-957772815,S3-959931099,S3-978404235,S3-985691649
S1-39733947	S2-111544969,S2-142810359,S2-289198514,S2-373788597,S2-417068001,S2-527431398,S2-535367489,S2-580478795,S2-673501326,S2-690664326,S2-745501756,S2-799537050,S2-804159974,S2-911774859,S2-962157548,S2-977458423,S3-174633683,S3-183780832,S3-362566712,S3-388931720,S3-488644516,S3-580659945,S3-589944312,S3-612889208,S3-620721706,S3-666935996,S3-715000155,S3-763817679,S3-802377985,S3-818553214,S3-86807818,S3-881376972,S3-943582675
S1-807424751	S2-111640086,S2-183259248,S2-195559813,S2-211429685,S2-296816857,S2-323368236,S2-365478752,S2-365962787,S2-431125805,S2-442559210,S2-451904119,S2-464349991,S2-464738851,S2-515351091,S2-53691259,S2-587755654,S2-591291235,S2-692095219,S2-706418661,S2-741488526,S2-765869984,S2-808577341,S2-821653677,S2-8436137,S2-865498053,S2-924023574,S2-925454257,S2-974581465,S2-996815934,S2-99767895,S3-119228565,S3-228427982,S3-236709417,S3-340921825,S3-359925211,S3-41600967,S3-452141089,S3-459099267,S3-48906312,S3-532643658,S3-572960772,S3-580681780,S3-59070521,S3-595156692,S3-609861008,S3-612266370,S3-646648422,S3-658022945,S3-658592870,S3-661929866,S3-662909411,S3-683024651,S3-722864502,S3-737893501,S3-785333689,S3-787031540,S3-821159468,S3-83159415,S3-895659237,S3-935383895
S1-269499779	S2-249872405,S2-316196173,S3-317413229
S1-574528784	S2-140576831,S2-566724389,S2-589918119,S2-740445391,S2-875237988,S3-224777452,S3-28879690,S3-294026497,S3-34430887,S3-413107165,S3-444024300,S3-449284201,S3-468703848,S3-568322700,S3-607258619,S3-658303321,S3-829504424
S1-402621048	S2-101519763,S2-101595611,S2-141509524,S2-157063602,S2-175903452,S2-202464592,S2-237978149,S2-255135028,S2-266290309,S2-27586106,S2-328876352,S2-377879071,S2-437507197,S2-477951089,S2-516383888,S2-520400928,S2-527409893,S2-590963145,S2-592211999,S2-628377380,S2-675068963,S2-676357632,S2-809229182,S2-851993062,S2-880191318,S2-8806412,S2-886456768,S2-925456645,S2-968494478,S2-971642104,S3-106552388,S3-157244068,S3-163917822,S3-180589990,S3-218208131,S3-23106654,S3-234880036,S3-273294158,S3-342056943,S3-356624503,S3-35804625,S3-376601123,S3-376906398,S3-380355768,S3-388688369,S3-42452054,S3-43903160,S3-460514329,S3-496621768,S3-503475011,S3-510083478,S3-527357521,S3-564329292,S3-607144770,S3-652558048,S3-665895768,S3-815994145,S3-92439996,S3-933589683,S3-992637417
S1-684202485	S2-105990782,S3-341447261,S3-395325511,S3-517401929,S3-8076705
S1-85238196	S2-257703961,S2-310405025,S2-349480454,S2-364508301,S2-737853301,S2-824780100,S3-166175043,S3-213240218,S3-367556843,S3-786357147,S3-84005391,S3-905711563
S1-569369299	S2-138548353,S2-510704576,S2-517162327,S3-590336083,S3-909131114
S1-559615219	S2-281798437,S2-4442101,S2-545991462,S2-612359672,S2-78654170,S2-859999503,S2-97021974,S2-999253456,S3-193675911,S3-215814340,S3-350612510,S3-493029104,S3-612659931,S3-974804834
S1-684318101	S2-153662054,S2-589772735,S2-601773129,S2-91952824,S3-118918213,S3-376522910,S3-394804953,S3-726929296
S1-503487168	S2-107815275,S2-111823915,S2-126272906,S2-233486927,S2-287228715,S2-289337866,S2-318891395,S2-325087860,S2-36981110,S2-395132657,S2-397526328,S2-426937954,S2-458387862,S2-573130995,S2-613194065,S2-635709463,S2-663858170,S2-707608822,S2-72993243,S2-857003829,S2-877561355,S2-8925775,S2-902713670,S2-94836338,S3-128050012,S3-213909367,S3-287074736,S3-289438246,S3-349882562,S3-373029637,S3-40651849,S3-447215650,S3-50454483,S3-515103969,S3-592397724,S3-60802340,S3-642731009,S3-652331716,S3-653058906,S3-667633216,S3-732960240,S3-73408276,S3-758423744,S3-774859297,S3-780746209,S3-803946189,S3-867604631,S3-900885020,S3-908939266,S3-91625491,S3-920546711,S3-941530216,S3-969288476,S3-97533901
S1-967139755	S2-216102849,S2-461095177,S2-514552799,S2-572299445,S2-587140089,S2-797128626,S2-864017360,S3-106460953,S3-141979080,S3-404840337,S3-503832896,S3-535910146,S3-547711117,S3-558209967,S3-570238412,S3-795937311,S3-919387427,S3-949396983,S3-969686298
S1-983819279	S2-994783866,S3-381086524,S3-4841809,S3-894193993
S1-577269922	S2-505047958,S2-800580498,S2-81075825,S3-39683702
S1-87832748	S2-133732812,S2-587665538,S2-805465959,S2-849305712,S3-156188023,S3-431394326,S3-616203648,S3-833892074,S3-953604329
S1-295346696	S2-11399040,S2-117641198,S2-142919569,S2-148202605,S2-163482461,S2-175532277,S2-186323318,S2-276975445,S2-287553406,S2-324546780,S2-352147455,S2-38041241,S2-409007322,S2-441278055,S2-514477715,S2-554171228,S2-570450818,S2-642379815,S2-705285306,S2-713976025,S2-720019531,S2-744092910,S2-774664132,S2-798366757,S2-828902755,S2-836546066,S2-842058228,S2-883799231,S2-908572167,S2-927902449,S3-102375481,S3-122144990,S3-159661538,S3-168400451,S3-215945113,S3-245747772,S3-259029504,S3-283321042,S3-335831472,S3-344136647,S3-410825685,S3-436224263,S3-445918388,S3-446949553,S3-449787572,S3-469263835,S3-497647938,S3-581781272,S3-584028612,S3-584614505,S3-640765698,S3-650753324,S3-674755686,S3-734973628,S3-739591793,S3-809083820,S3-813037581,S3-839414204,S3-900112055,S3-989515837
S1-252468250	S2-151852827,S2-156327037,S2-164478488,S2-193237094,S2-271906381,S2-344294384,S2-394025281,S2-419066514,S2-421988764,S2-433851726,S2-490216081,S2-513093639,S2-533410934,S2-545173988,S2-547049691,S2-552919595,S2-615093178,S2-650224737,S2-688796526,S2-736731216,S2-756403632,S2-76275754,S2-774972638,S2-777903700,S2-860072446,S2-870336526,S2-917395022,S2-95014391,S2-959034170,S2-98426752,S3-100485860,S3-11015235,S3-182231883,S3-234373893,S3-26679089,S3-333212650,S3-350606681,S3-389363239,S3-451310457,S3-49987414,S3-511804174,S3-534144354,S3-55549387,S3-587307502,S3-593673475,S3-619393480,S3-660122661,S3-683462801,S3-736369645,S3-789414514,S3-794216704,S3-796952950,S3-823847491,S3-827734735,S3-885684223,S3-909192862,S3-928843022,S3-94299676,S3-944585267,S3-946450817
S1-781801397	S2-19232160,S2-23074134,S2-458210374,S2-469520384,S3-161766887,S3-303363186,S3-323903578,S3-326858874,S3-503151424,S3-534412262,S3-549446545,S3-645826012,S3-871024109,S3-913108461
S1-669434847	S2-115153396,S2-181679408,S2-197411032,S2-513886218,S2-574183093,S2-579248578,S2-677749727,S2-82988694,S2-883762792,S3-200339871,S3-28049653,S3-547691017,S3-752438925
S1-570053103	S2-748158708,S3-331267501,S3-48785381
S1-736469556	S2-106220286,S2-119550932,S2-12323696,S2-174315890,S2-185244191,S2-243654157,S2-259488876,S2-301972418,S2-350885489,S2-366432820,S2-423797626,S2-432960983,S2-486481800,S2-49505832,S2-504677338,S2-522357867,S2-626277484,S2-653824737,S2-658966078,S2-687291469,S2-706359599,S2-808314609,S2-821696477,S2-86271023,S2-926092795,S2-929901077,S2-963168950,S2-991259399,S3-131947582,S3-159232782,S3-185622295,S3-224334821,S3-230218924,S3-234924746,S3-237939855,S3-266689214,S3-295845955,S3-33794736,S3-346453070,S3-430775018,S3-490625675,S3-495735238,S3-552043810,S3-557050321,S3-614544544,S3-6368205,S3-677052858,S3-72134396,S3-726027375,S3-734108845,S3-76127412,S3-817506352,S3-829637025,S3-846087018,S3-880472492,S3-961856565,S3-968667085,S3-996088231
S1-483126440	S2-238734476,S2-278550204,S2-363685864,S2-387022237,S2-396316954,S2-44628572,S2-475221179,S2-491583630,S2-501984653,S2-554960788,S2-565578979,S2-607499860,S2-635005656,S2-645929598,S2-675893577,S2-676386585,S2-678830309,S2-74332828,S2-759767575,S2-775826264,S2-794611990,S2-809785213,S2-814142062,S2-833652388,S2-855541760,S2-861431691,S2-876493066,S2-878541569,S2-90388131,S2-930258613,S3-126483876,S3-131235765,S3-160554715,S3-166760580,S3-167566077,S3-194238884,S3-282937429,S3-28590172,S3-301078047,S3-323121272,S3-339705892,S3-348709689,S3-350674563,S3-428649141,S3-449664811,S3-471808710,S3-484224228,S3-503843414,S3-522928261,S3-549507126,S3-567684485,S3-577068873,S3-668387639,S3-679335078,S3-710527082,S3-714097701,S3-743193855,S3-86191305,S3-909739784,S3-971231915
S1-270951405	S2-162381510,S2-251000510,S2-278557322,S2-292297574,S2-384230788,S2-450796946,S2-638129805,S3-282786781,S3-602086739,S3-843673969,S3-965953165
S1-520799361	S2-176348736,S2-200564500,S2-209699556,S2-218195078,S2-235566884,S2-253831763,S2-262029311,S2-316638241,S2-349256658,S2-351176854,S2-371100720,S2-391102548,S2-473894017,S2-476106889,S2-490051650,S2-493422360,S2-523029679,S2-550472395,S2-554260711,S2-555162230,S2-557435488,S2-675693643,S2-699485037,S2-718971187,S2-736123347,S2-766084306,S2-782814432,S2-872886386,S2-947166259,S2-997594944,S3-12413584,S3-143773950,S3-167531838,S3-188759348,S3-2013172,S3-210271604,S3-222832430,S3-302121301,S3-354927818,S3-3594301,S3-398278506,S3-40930401,S3-414934153,S3-458891690,S3-486409364,S3-491552040,S3-528020562,S3-54027145,S3-613563916,S3-623216311,S3-641335989,S3-673504638,S3-716945221,S3-720366281,S3-7757075,S3-900980379,S3-928740714,S3-935088921,S3-953972477,S3-954747551
S1-81033582	S2-625290267,S2-75450184
S1-56410032	S2-114304478,S2-186836853,S2-263803032,S2-310372920,S2-310967275,S2-405345354,S2-414394434,S2-462335999,S2-486172248,S2-492575493,S2-505228451,S2-535146010,S2-54805099,S2-603139414,S2-649252464,S2-732560034,S2-779377844,S2-959059732,S2-976369348,S2-992665539,S3-11689408,S3-265523048,S3-273252967,S3-289902785,S3-295828871,S3-409457090,S3-449185534,S3-520171068,S3-575216099,S3-639627850,S3-801423635,S3-814594286,S3-902688972,S3-992756730
S1-518847572	S2-140489737,S2-171106634,S2-184916872,S2-189833662,S2-192183013,S2-199018542,S2-211488825,S2-24064365,S2-254012881,S2-342032269,S2-36750055,S2-440811243,S2-44253532,S2-536131350,S2-576128761,S2-603634339,S2-693998548,S2-701214902,S2-723508175,S2-729873657,S2-763660807,S2-764147679,S2-76558250,S2-799198716,S2-857619387,S2-8775759,S2-89271754,S2-939831161,S2-962230467,S2-971708497,S3-102794549,S3-142476894,S3-15498598,S3-160088599,S3-172602639,S3-206051020,S3-227880424,S3-266738064,S3-304254319,S3-334520010,S3-376895260,S3-38226106,S3-392868793,S3-55663185,S3-561544669,S3-618541076,S3-652919678,S3-749336135,S3-769735999,S3-794371866,S3-798846591,S3-879036033,S3-911783717,S3-934495370,S3-94318813,S3-949139287,S3-968025402,S3-971943268,S3-972649498,S3-988603630
S1-776267063	S2-455205203,S2-717184067,S2-810427923
S1-35309228	S2-987901283,S3-233063199,S3-453751428
S1-493139457	S2-108877941,S2-114467459,S2-146674968,S2-225246243,S2-233087519,S2-234185242,S2-245424757,S2-258668390,S2-284354092,S2-314803404,S2-356139570,S2-361844684,S2-368221398,S2-402753274,S2-410451707,S2-441578234,S2-457954475,S2-496296587,S2-501531525,S2-501610283,S2-586055455,S2-594910367,S2-633954174,S2-716973245,S2-735035659,S2-787433285,S2-856424177,S2-903351378,S2-917174300,S2-960550606,S3-103561396,S3-170910182,S3-258048674,S3-306649769,S3-328818207,S3-332493975,S3-338879577,S3-408191918,S3-461293162,S3-479753280,S3-482521041,S3-489391295,S3-511512288,S3-524944952,S3-528822811,S3-552592265,S3-65366809,S3-671601397,S3-704372971,S3-725747880,S3-738292783,S3-778399327,S3-779863783,S3-804842698,S3-817637006,S3-830079448,S3-835284688,S3-844352164,S3-870662476,S3-973166706
S1-895087526	S2-129240365,S2-152220795,S2-256367139
S1-829126727	S2-178450805,S2-187252,S2-200494581,S2-203511457,S2-273313196,S2-317025407,S2-335893229,S2-372679579,S2-380352253,S2-39135889,S2-441546398,S2-456934475,S2-45955090,S2-460219288,S2-492878215,S2-550821803,S2-639890892,S2-642542050,S2-655907316,S2-711536556,S2-724052306,S2-810152103,S2-817725163,S2-915837555,S2-930927279,S2-977760161,S2-989095732,S3-135384907,S3-182093860,S3-252026657,S3-29541003,S3-322085654,S3-325814998,S3-343980338,S3-362574571,S3-402911437,S3-451340284,S3-456148677,S3-473964445,S3-481336163,S3-536167890,S3-573462407,S3-578585687,S3-607768965,S3-609315657,S3-633286544,S3-687548773,S3-73619083,S3-762948209,S3-801514490,S3-838499722,S3-866750790,S3-934748318,S3-956101925,S3-965524010,S3-978453485,S3-986984803
S1-457973373	S2-155002316
S1-74852342	S2-439306446,S2-543121965,S2-619331314,S2-724758025,S3-343503074,S3-738740483
S1-280936763	S2-429502844,S2-700631541,S3-713087042
S1-999165514	S2-41721541,S3-461381864
S1-395055615	S2-207640102,S2-232433639,S2-4026090,S2-488200303,S2-55723001,S2-714223936,S2-735166892,S2-791716946,S2-932965977,S2-93482677,S3-133529623,S3-183193572,S3-232538235,S3-242263311,S3-309877612,S3-310033263,S3-511871462,S3-553848509,S3-728213928,S3-857136953,S3-872840910,S3-925795870
S1-862701045	S2-441347867,S2-574564829,S2-884464240,S2-916989607,S3-243480348,S3-364578951,S3-704009840
S1-674871004	S2-221478592,S2-245011210,S2-245123412,S2-254559864,S2-26277679,S2-270469823,S2-278133333,S2-293326379,S2-29621659,S2-306821484,S2-317482829,S2-32986198,S2-429451706,S2-484623789,S2-564504987,S2-635996722,S2-663092263,S2-721355438,S2-726686045,S2-741059943,S2-770053382,S2-833687346,S2-906154072,S2-929192490,S2-981903022,S2-985042228,S3-159216993,S3-16952918,S3-176763141,S3-202298662,S3-262884566,S3-301272478,S3-333834013,S3-338778476,S3-365833252,S3-374018568,S3-378008804,S3-466881353,S3-638075967,S3-640208149,S3-663543091,S3-681020708,S3-687347401,S3-716267980,S3-736273850,S3-761768204,S3-764058865,S3-76601811,S3-852897786,S3-889896633,S3-894028456,S3-953974369,S3-95570258,S3-964580829,S3-964880446,S3-988865516
S1-287307821	S2-140037263,S2-145241506,S2-16224101,S2-1750316,S2-183378250,S2-209829933,S2-215152309,S2-226941125,S2-226945215,S2-248045834,S2-266687581,S2-269008002,S2-273866230,S2-303955345,S2-304932794,S2-313277116,S2-331834124,S2-353096373,S2-41081344,S2-445164225,S2-460447952,S2-560477080,S2-588132135,S2-651705528,S2-750982447,S2-789163033,S2-807972567,S2-842824479,S2-882192550,S2-89139754,S3-118182322,S3-118338830,S3-154511930,S3-157345565,S3-176072686,S3-194988387,S3-21620459,S3-335419955,S3-379501549,S3-406889540,S3-422747691,S3-492207415,S3-505175446,S3-530991779,S3-553858136,S3-564911747,S3-582842699,S3-602836294,S3-617647029,S3-635161115,S3-654024038,S3-757062903,S3-761756468,S3-774758659,S3-865084811,S3-888708341,S3-906616184,S3-934866405,S3-937120737,S3-945922624
S1-273768056	S2-100287528,S2-21923784,S2-226502624,S2-230370029,S2-293277210,S2-389987809,S2-400498714,S2-420364453,S2-447152296,S2-461479325,S2-474435815,S2-478128946,S2-484060555,S2-578322393,S2-592085771,S2-604976451,S2-612591290,S2-641217966,S2-667429416,S2-686410143,S2-730196294,S2-735230018,S2-765829266,S2-783329391,S2-797129383,S2-817996506,S2-933716949,S2-950312996,S2-976085669,S2-992255656,S3-129429178,S3-153774704,S3-168100738,S3-184774464,S3-261139188,S3-266139485,S3-311990769,S3-344846993,S3-385977150,S3-439756787,S3-441042249,S3-45736891,S3-500199942,S3-507605441,S3-528685654,S3-552338064,S3-590242382,S3-702229511,S3-719071759,S3-721177640,S3-73380745,S3-794060045,S3-802944472,S3-901463641,S3-903413330,S3-93363345,S3-93579866,S3-96912919,S3-995734768,S3-999634354
S1-323395452	S2-76783549
S1-4144001	S2-281052539,S2-286059282,S2-286684573,S2-410379959,S2-522291404,S2-623396359,S2-677265679,S2-681768983,S2-686032865,S2-714317214,S2-814207452,S2-896312899,S2-941604086,S2-98210788,S2-992009432,S3-266196794,S3-366043736,S3-439654644,S3-545011779,S3-571758772,S3-726731158,S3-800966920,S3-885903004,S3-991203420
S1-512210875	S2-125033316,S2-133164031,S2-13693260,S2-19210777,S2-203951721,S2-235238420,S2-273604822,S2-275269287,S2-310850547,S2-312916080,S2-417072134,S2-428976873,S2-47474641,S2-479535279,S2-531978209,S2-562295076,S2-595248842,S2-628713647,S2-640811746,S2-652463397,S2-689098388,S2-691991634,S2-694628881,S2-711464234,S2-720810409,S2-789557362,S2-803405070,S2-920300741,S2-932279519,S2-944342330,S3-108669751,S3-127045552,S3-127404878,S3-13607381,S3-165074301,S3-171819183,S3-178178244,S3-197906229,S3-22010285,S3-286561513,S3-342580028,S3-344840789,S3-391106867,S3-411792467,S3-456608823,S3-491762656,S3-506677126,S3-561050320,S3-596834482,S3-62094977,S3-636613122,S3-638790468,S3-755182812,S3-8454776,S3-86883815,S3-87991799,S3-915419926,S3-974049631,S3-975273163,S3-998257097
S1-143287441	
S1-351656683	S2-357409772,S2-44712211,S2-488605462,S2-563759783,S2-656784372,S2-69984463,S2-788301924,S2-835954210,S2-855431222,S2-877324606,S2-921100659,S2-929870267,S2-960762905,S2-972400030,S3-325376921,S3-462158510,S3-556062301,S3-699693354,S3-893355341,S3-929803533,S3-977956594
S1-83258310	S2-119310635,S2-19368781,S2-237319753,S2-255716908,S2-276082584,S2-371122807,S2-394039568,S2-407164040,S2-417207185,S2-446315212,S2-45308003,S2-464881130,S2-488051651,S2-515979654,S2-570593414,S2-573013479,S2-605819078,S2-6110033,S2-705585429,S2-716393519,S2-77530396,S2-794914590,S2-835038768,S2-878037834,S2-885184685,S2-912417703,S2-921486631,S2-950708610,S2-974181465,S2-986444146,S3-109871850,S3-11332446,S3-154628206,S3-236775850,S3-24487613,S3-277258945,S3-337987909,S3-347866718,S3-349256473,S3-370278205,S3-418012772,S3-435014291,S3-435694250,S3-458717446,S3-461942026,S3-504888911,S3-513645742,S3-582251778,S3-609157783,S3-611352301,S3-611663741,S3-682396844,S3-692321418,S3-708975272,S3-789896027,S3-859194972,S3-868481348,S3-903907993,S3-932317779,S3-984420685
S1-126274111	S2-227978865,S2-775330636,S3-362473138,S3-789318535
S1-991875825	S2-349136399,S2-402071932,S2-403946270,S2-415643653,S2-419497572,S2-484940119,S2-518406314,S2-696098245,S2-744395422,S2-821895750,S2-847505203,S2-86172962,S2-953184834,S2-957917042,S3-130441024,S3-179788711,S3-181727051,S3-189253682,S3-200855354,S3-201509724,S3-207635128,S3-366452871,S3-536680412,S3-627001202,S3-648083491,S3-712765407,S3-728131971,S3-772421185,S3-848470160,S3-873629927,S3-904727963,S3-933592024,S3-939325243
S1-219350089	S2-103349181,S2-132989356,S2-16547367,S2-200372800,S2-210003980,S2-315705337,S2-349310921,S2-388003587,S2-389709697,S2-399275212,S2-433817754,S2-465785197,S2-489411367,S2-503669260,S2-519059543,S2-545182449,S2-58857525,S2-63108339,S2-646031080,S2-654254891,S2-74862036,S2-773259137,S2-80954088,S2-843736508,S2-895546837,S2-917859734,S2-919184843,S2-944724467,S2-977311076,S2-99766120,S3-127808098,S3-150913523,S3-159998028,S3-184222653,S3-227235112,S3-230618455,S3-369944488,S3-428316915,S3-429885027,S3-461023215,S3-512908221,S3-521317798,S3-536521449,S3-55702258,S3-579144224,S3-586494263,S3-619725710,S3-679542058,S3-715089552,S3-788166661,S3-812535980,S3-821672713,S3-825417090,S3-828668138,S3-913658597,S3-918052023,S3-948309139,S3-954295435,S3-958985850,S3-994136891
S1-476026008	S2-104266539,S2-109313916,S2-111551361,S2-114033116,S2-121764179,S2-179987117,S2-206777296,S2-221824076,S2-254128660,S2-308903994,S2-320866525,S2-322598423,S2-355586661,S2-427776899,S2-432508308,S2-458170961,S2-566975831,S2-579736034,S2-598130852,S2-614976912,S2-646942678,S2-653906407,S2-668744247,S2-671079784,S2-681739431,S2-755373739,S2-820152143,S2-863599300,S2-876693897,S2-977344502,S3-105976124,S3-110180869,S3-111534951,S3-11940761,S3-178770566,S3-211608846,S3-233379178,S3-240196437,S3-285871284,S3-299903827,S3-319063462,S3-321427102,S3-326789262,S3-340099336,S3-584177901,S3-599340535,S3-612824176,S3-623131440,S3-639075633,S3-645858350,S3-650115475,S3-663420767,S3-783536853,S3-785426334,S3-844595618,S3-862300732,S3-877649905,S3-969007918,S3-984092086,S3-99743727
S1-595583207	S2-218204625,S2-380887137,S2-705215197,S2-715871670,S3-33119337,S3-542929287
S1-660977005	S2-335025186,S3-491142508,S3-878257044
S1-106130112	S2-149386549,S2-21510961,S2-22832088,S2-304078620,S2-398931954,S2-423611805,S2-431748257,S2-529827910,S2-743271943,S2-789928906,S2-81310313,S2-826854960,S2-998440741,S3-147553281,S3-74928685,S3-873876715,S3-936308088
S1-383508132	S2-110253747,S2-120787896,S2-14402833,S2-152236571,S2-224757614,S2-234835277,S2-274559729,S2-364978065,S2-385315260,S2-389032960,S2-392461446,S2-396993475,S2-418987114,S2-44875347,S2-476410509,S2-535933642,S2-594877233,S2-69130094,S2-712247983,S2-720308710,S2-722805009,S2-778558894,S2-780026277,S2-78196887,S2-826158247,S2-827543262,S2-827916113,S2-92615783,S2-957878543,S2-991679539,S3-125509552,S3-1305444,S3-159035650,S3-197871474,S3-248088711,S3-2673591,S3-281383433,S3-287414061,S3-296106829,S3-386087901,S3-404998618,S3-405553303,S3-406520621,S3-411407949,S3-425424389,S3-454927125,S3-465981312,S3-484720983,S3-534114938,S3-549848749,S3-587151443,S3-670692143,S3-72787298,S3-733282692,S3-764043137,S3-841882586,S3-868575718,S3-918332914,S3-939097260,S3-942492849
S1-960747316	S3-22960445,S3-316989129,S3-374035710,S3-603392866,S3-811911602
S1-78181547	S2-134528119,S3-110130385,S3-166469939,S3-29652287
S1-44674670	S2-235912348,S2-398568465,S2-723992969,S2-962874009
S1-712639027	S2-102894524,S2-139532942,S2-145239105,S2-159867761,S2-166148925,S2-170951401,S2-324227330,S2-340087590,S2-341398841,S2-383582425,S2-407945389,S2-414250103,S2-415591837,S2-432631756,S2-447530387,S2-452492370,S2-469173856,S2-496080036,S2-555308220,S2-568135689,S2-568415466,S2-664251519,S2-665138388,S2-67363483,S2-775498628,S2-780962265,S2-818900349,S2-880564649,S2-92483006,S2-952093438,S3-162320284,S3-182445275,S3-183032885,S3-233623170,S3-257297638,S3-304334739,S3-330221422,S3-348729841,S3-382899999,S3-398126251,S3-398720911,S3-423089942,S3-452081215,S3-514651778,S3-526675192,S3-549601845,S3-618593503,S3-623619881,S3-628694029,S3-637930776,S3-668017714,S3-698036612,S3-705145536,S3-855123326,S3-867002022,S3-884784228,S3-939980303,S3-959825590,S3-99029309,S3-998884258
S1-875777939	S2-153702164,S2-154763769,S2-216150699,S2-26040260,S2-285773121,S2-414620535,S2-431113538,S2-473340489,S2-486336366,S2-532810751,S2-620771668,S2-633595064,S2-641074621,S2-643131962,S2-688824095,S2-712328629,S2-72151666,S2-763497078,S2-779201429,S2-799030141,S2-814502471,S2-82722181,S2-8392352,S2-865500418,S2-874909961,S2-878488045,S2-880495126,S2-926199927,S2-973838394,S2-992596201,S3-101111229,S3-126150820,S3-141373034,S3-144573310,S3-207394243,S3-221083514,S3-245149691,S3-285601749,S3-335580784,S3-338977551,S3-367409926,S3-407066858,S3-515741270,S3-546401180,S3-569106283,S3-574535488,S3-600016016,S3-607356500,S3-613665427,S3-631695750,S3-663145975,S3-667121568,S3-675307211,S3-686358310,S3-726257001,S3-732234960,S3-777355581,S3-84724564,S3-929878664,S3-949501293
S1-906720062	S2-125523570,S2-131163082,S2-135034633,S2-162383703,S2-16634453,S2-177152429,S2-294784095,S2-295982648,S2-335215418,S2-361780268,S2-365835186,S2-372671361,S2-401023155,S2-433702419,S2-454669938,S2-467424679,S2-467785209,S2-468819037,S2-482022592,S2-608219222,S2-633686822,S2-676590078,S2-682923089,S2-712536514,S2-713062774,S2-718971672,S2-856026262,S2-868200233,S2-909156276,S2-957969257,S3-108663049,S3-145012024,S3-153444924,S3-250736299,S3-330037425,S3-332002686,S3-336786390,S3-360915051,S3-361816174,S3-364068795,S3-385545118,S3-400509630,S3-4159456,S3-451545492,S3-481102942,S3-491314983,S3-573451002,S3-604743524,S3-640101516,S3-65016100,S3-723635470,S3-735418341,S3-79365858,S3-804513855,S3-815701363,S3-83862706,S3-840287957,S3-92776884,S3-92976445,S3-953027677
S1-868609391	S2-409220416,S2-539982339,S2-587030502,S2-671659468,S2-716995163,S3-550303365,S3-610192973,S3-899262103
S1-842551642	S2-122309034,S2-183699071,S2-190597401,S2-195872862,S2-212916698,S2-216540071,S2-234524490,S2-241146,S2-301557422,S2-325117430,S2-348018195,S2-379247694,S2-394722912,S2-4098335,S2-474012300,S2-480503039,S2-523158642,S2-582122759,S2-675641588,S2-692069071,S2-702686849,S2-728821782,S2-738092215,S2-744384640,S2-769807822,S2-848045649,S2-854849372,S2-879990445,S2-982302545,S2-99305050,S3-101574505,S3-110231276,S3-183564846,S3-188894180,S3-189685651,S3-276783403,S3-299650845,S3-343255176,S3-363393265,S3-381773259,S3-402292894,S3-475595420,S3-478454604,S3-53739142,S3-571016690,S3-583065187,S3-66627575,S3-698374871,S3-71397393,S3-73580333,S3-774028643,S3-78051114,S3-790337538,S3-805854619,S3-821021809,S3-846870417,S3-870993718,S3-895009465,S3-93689096,S3-96326650
S1-977549219	S2-100476306,S2-286818853,S2-329983325,S2-333584232,S2-427398608,S2-447276871,S2-497077495,S2-520277416,S2-55154758,S2-553068249,S2-560744341,S2-621036354,S2-65460570,S2-668451888,S2-728330334,S2-733052144,S2-745909945,S2-753395714,S2-756088632,S2-769240117,S2-798714450,S2-812740189,S2-816167814,S2-840533534,S2-866168360,S2-874761338,S2-900734310,S2-909110821,S2-932539735,S2-989188263,S3-12627115,S3-182317643,S3-209197195,S3-257853732,S3-270403376,S3-28237573,S3-287283837,S3-369168068,S3-400298775,S3-416194489,S3-432829354,S3-461729514,S3-524870178,S3-531663587,S3-582647155,S3-594927350,S3-649649786,S3-700109673,S3-751673055,S3-763649715,S3-763929456,S3-770162042,S3-785258166,S3-796193639,S3-84892134,S3-855447654,S3-875480661,S3-959183866,S3-977528921,S3-989108671
S1-345501851	S2-119310635,S2-19368781,S2-237319753,S2-255716908,S2-276082584,S2-371122807,S2-394039568,S2-407164040,S2-417207185,S2-446315212,S2-45308003,S2-464881130,S2-488051651,S2-515979654,S2-570593414,S2-573013479,S2-605819078,S2-6110033,S2-716393519,S2-77530396,S2-794914590,S2-835038768,S2-878037834,S2-878083495,S2-885184685,S2-912417703,S2-921486631,S2-950708610,S2-974181465,S2-986444146,S3-109871850,S3-11332446,S3-154628206,S3-236775850,S3-24487613,S3-277258945,S3-337987909,S3-347866718,S3-349256473,S3-370278205,S3-418012772,S3-435014291,S3-435694250,S3-458717446,S3-461942026,S3-504888911,S3-513645742,S3-582251778,S3-609157783,S3-611352301,S3-611663741,S3-682396844,S3-692321418,S3-708975272,S3-789896027,S3-859194972,S3-868481348,S3-903907993,S3-932317779,S3-984420685
S1-465557953	S2-165550548,S2-254432223,S2-298376437,S2-305397494,S2-310344493,S2-360646256,S2-380337490,S2-41124884,S2-497083207,S2-637035013,S2-667980328,S2-943805485,S3-205826669,S3-335689778,S3-354899004,S3-412396274,S3-487996722,S3-779372618,S3-797272255,S3-972494986
S1-548433616	S2-580499195,S2-615586385,S3-11519900,S3-317330782
S1-542615632	S2-301346747,S2-468586306,S2-491777443,S3-31043964,S3-800359158
S1-396150929	S2-105609096,S2-15092160,S2-20138941,S2-244144042,S2-262750834,S2-304624175,S2-309661035,S2-368496969,S2-384348842,S2-386511671,S2-414931991,S2-421132475,S2-477822215,S2-530642566,S2-551842076,S2-587128476,S2-593920690,S2-680410467,S2-68623371,S2-715497280,S2-737590241,S2-787831453,S2-811210501,S2-866570080,S2-897781806,S2-918177557,S2-953604651,S2-978888098,S2-985470992,S2-99504789,S3-115682876,S3-124557218,S3-157472076,S3-188917219,S3-227700331,S3-230444657,S3-234184793,S3-261071965,S3-284107021,S3-289221496,S3-308022074,S3-323079074,S3-414321192,S3-478385609,S3-500252036,S3-51455782,S3-525548160,S3-545062630,S3-594063276,S3-683081594,S3-739720325,S3-759993732,S3-7793302,S3-811655047,S3-832584196,S3-84417627,S3-874321941,S3-943831012,S3-959755320,S3-9662659
S1-370806262	S2-311209566,S2-762677845,S2-848125257,S2-987494138,S3-401430776,S3-628962677
S1-149784022	S2-131166584,S2-199009549,S2-200936386,S2-216171318,S2-231019491,S2-240156442,S2-301827275,S2-319666811,S2-360058461,S2-409691128,S2-443713122,S2-453801841,S2-492071640,S2-517277927,S2-565400943,S2-578248312,S2-587329955,S2-590419747,S2-639904390,S2-713027380,S2-737845119,S2-740140408,S2-755267185,S2-792758344,S2-806725317,S2-843364943,S2-886869013,S2-887453597,S2-95858445,S2-987283220,S3-130214333,S3-131437253,S3-140883244,S3-15931675,S3-282907683,S3-334181932,S3-371149957,S3-452287724,S3-455648597,S3-563232274,S3-577467135,S3-590551200,S3-591092325,S3-597993802,S3-638694906,S3-640558300,S3-678556446,S3-719046002,S3-730491608,S3-747005233,S3-784053995,S3-802945417,S3-873738434,S3-883594380,S3-884971898,S3-901930152,S3-92161194,S3-970241343,S3-988122148,S3-989443060
S1-208197675	S2-133838654,S2-165652482,S2-191467698,S2-212423111,S2-230662728,S2-303719231,S2-322460084,S2-333459275,S2-335681344,S2-350437725,S2-417838231,S2-434760912,S2-448547350,S2-46432936,S2-522594931,S2-549510019,S2-551154070,S2-551362127,S2-56856993,S2-585350966,S2-591121031,S2-771562410,S2-803059532,S2-810063620,S2-815950433,S2-847579319,S2-915084704,S2-936338408,S2-953071578,S2-967233044,S3-13023206,S3-144927903,S3-193703715,S3-19830337,S3-222653671,S3-229136248,S3-307128888,S3-345980008,S3-357047445,S3-365856127,S3-402426350,S3-414652082,S3-513425858,S3-528278546,S3-534559211,S3-562478223,S3-56570584,S3-583515847,S3-639672709,S3-642658139,S3-701214383,S3-746718545,S3-839356393,S3-8428975,S3-851816159,S3-86485312,S3-892243128,S3-939021197,S3-953147062,S3-969600515
S1-621024	S2-952214786,S3-106912523
S1-479716586	S2-493355147,S2-502761894,S2-534340538,S2-692687669,S2-707470840,S2-791810509,S3-167801210,S3-277994534,S3-598585435,S3-603678971,S3-854589732,S3-901161275
S1-73366741	
S1-866981273	S2-782075631,S2-904325839,S3-276825833,S3-99688527
S1-48247433	S2-138532081,S2-148242864,S2-161216151,S2-220172642,S2-234417152,S2-264818332,S2-287519164,S2-327868546,S2-335392350,S2-370501143,S2-385143263,S2-406221781,S2-442310337,S2-447247378,S2-450862187,S2-461016677,S2-526237825,S2-541314811,S2-630617481,S2-73878932,S2-740332705,S2-7526934,S2-764132382,S2-838092577,S2-847327644,S2-886950274,S2-902131166,S2-905116995,S2-914739540,S2-931855415,S3-120423341,S3-214315160,S3-251444016,S3-285844785,S3-355807428,S3-375130287,S3-444605390,S3-457755565,S3-459281579,S3-474091906,S3-474241180,S3-479814579,S3-507284510,S3-520807917,S3-548032808,S3-552113281,S3-555324860,S3-62895054,S3-634880896,S3-675198201,S3-774353736,S3-779613529,S3-787916374,S3-839200076,S3-850242335,S3-882353182,S3-938255604,S3-951540793,S3-976952150,S3-995414210
S1-139090022	S2-113604309,S2-582748273,S3-722335433,S3-813970034
S1-503254241	S2-23067256,S2-466631483,S2-611417535,S3-180251995,S3-352628455,S3-354938903,S3-559397696,S3-587541774
S1-102847291	S2-497160683,S2-547452251,S2-687753066,S2-699950599,S2-73676949,S2-761067772,S2-766403177,S2-974779753,S3-160203848,S3-294225336,S3-684463113,S3-719200435,S3-813456197,S3-896918489,S3-998754999
S1-619110488	S2-12065262,S2-184452679,S2-203622585,S2-306847292,S2-327117711,S2-343295271,S2-348334342,S2-35441997,S2-446314663,S2-48968681,S2-492854999,S2-495115611,S2-512270706,S2-519309335,S2-539192638,S2-67885139,S2-681198011,S2-789514587,S2-791054839,S2-828300188,S2-834863620,S2-864333737,S2-869494420,S2-894968637,S2-898202676,S2-923039976,S2-958990649,S2-980781004,S3-155210436,S3-217280743,S3-223964515,S3-226670715,S3-235854857,S3-254491628,S3-278069421,S3-303421799,S3-303455914,S3-328680048,S3-329055940,S3-339129769,S3-339927453,S3-396339199,S3-411914614,S3-437338730,S3-437390861,S3-509708048,S3-517593312,S3-518881376,S3-657965865,S3-693220799,S3-696340489,S3-736910876,S3-758395,S3-783513302,S3-812540730,S3-865160256,S3-901496276,S3-938733966
S1-623031914	S2-167401929,S2-173982285,S2-239615614,S2-279252611,S2-282106549,S2-29971557,S2-341194068,S2-344126898,S2-357179784,S2-368661366,S2-385461875,S2-455297787,S2-486393206,S2-486891792,S2-492813074,S2-508666070,S2-512061661,S2-56651271,S2-620653710,S2-664309210,S2-674251656,S2-697305652,S2-704484256,S2-727273503,S2-769694607,S2-770748240,S2-833169845,S2-962473607,S2-97578173,S2-993204408,S3-105874181,S3-185109194,S3-214150387,S3-2260213,S3-235434048,S3-264484409,S3-276165356,S3-28404403,S3-294337958,S3-350961385,S3-36423565,S3-441699405,S3-449838169,S3-480344297,S3-481581345,S3-49373759,S3-578587294,S3-594838691,S3-599401749,S3-635283260,S3-772044971,S3-79687991,S3-820582277,S3-835495787,S3-848681644,S3-854012477,S3-918975360,S3-948680947,S3-948708143,S3-986465590
S1-215270294	S2-173494807,S2-209660948,S2-235444467,S2-238907116,S2-279733727,S2-285301140,S2-30750695,S2-343218172,S2-395697024,S2-464687437,S2-46931318,S2-519401889,S2-524501819,S2-530300261,S2-532511936,S2-604231677,S2-638608541,S2-654623151,S2-730560788,S2-735354703,S2-776657393,S2-779853193,S2-789313237,S2-813685219,S2-815907298,S2-818777318,S2-857425145,S2-887643994,S2-941794026,S2-969794727,S3-10864728,S3-124924150,S3-139172578,S3-1476635,S3-213964473,S3-271564850,S3-429135247,S3-460873211,S3-46174701,S3-463054628,S3-505814448,S3-545257373,S3-55624617,S3-594892064,S3-63854193,S3-65917614,S3-673627512,S3-710310341,S3-720366520,S3-732036088,S3-743314320,S3-780037003,S3-796944916,S3-808368732,S3-867935519,S3-885979124,S3-910573732,S3-931087615,S3-932291012,S3-939180845
S1-762005078	S2-115647644,S2-146383803,S2-230497627,S2-240798633,S2-446773645,S2-503794215,S2-750793699,S2-864646605,S3-212446121,S3-221239,S3-492202874,S3-582060418,S3-59212705,S3-622744398,S3-749456022,S3-842004214,S3-93777050,S3-972581421,S3-979143415
S1-983603694	S2-106608687,S2-529011726,S2-873144309,S3-236864027,S3-261754931,S3-304223423,S3-491447644
S1-437281614	S2-360237399,S3-211369934
S1-590781135	S2-153075084,S2-231717437,S2-24852932,S2-26184264,S2-266297571,S2-290577959,S2-349218706,S2-353499198,S2-388074335,S2-399032051,S2-421730631,S2-438525309,S2-458268545,S2-461205328,S2-501218090,S2-532652391,S2-547453629,S2-549306489,S2-593989581,S2-663353091,S2-672294061,S2-70203556,S2-708944814,S2-803931992,S2-936707609,S2-960739065,S2-974774665,S2-977122602,S2-992093258,S2-996783627,S3-108445885,S3-114532855,S3-117770733,S3-129941882,S3-158562722,S3-208986513,S3-212124788,S3-219252150,S3-221363889,S3-2551136,S3-401070845,S3-414765775,S3-428909793,S3-436231213,S3-437226615,S3-49840722,S3-544581563,S3-575399418,S3-578446337,S3-580796516,S3-596861747,S3-615281918,S3-761249844,S3-810445624,S3-839178908,S3-872520703,S3-902394521,S3-932772152,S3-953655853,S3-989545993
S1-423414451	S2-157115001,S2-671513240,S3-269150226,S3-9384233
S1-847114478	S2-549083582,S3-31417382,S3-469034058,S3-729259453
S1-526334226	S2-332845483,S2-383256815,S2-407589959,S2-467362230,S2-468670090,S2-522234689,S2-711227408,S2-722415619,S2-945310237,S3-157205193,S3-209531242,S3-336695065,S3-443563740,S3-477707800,S3-5213817,S3-611069625
S1-381894503	S2-104016432,S2-306256666,S2-601546245,S2-633819757,S2-774841589,S2-781392633,S2-902147334,S2-969297926,S3-484890428,S3-719591193,S3-969161857,S3-969592679
S1-313092170	S2-789672123
S1-60876864	S2-128242345,S2-168187716,S2-322890600,S2-325480084,S2-330082879,S2-362827195,S2-384757288,S2-455074635,S2-458492970,S2-470185592,S2-481797125,S2-512964407,S2-520939677,S2-533588511,S2-551768472,S2-631046931,S2-667084665,S2-667998279,S2-670997677,S2-7326062,S2-748288327,S2-79349365,S2-811141876,S2-821661544,S2-859699820,S2-877777753,S2-885419511,S2-90119287,S2-904915864,S2-931271419,S3-108493440,S3-162517614,S3-168071395,S3-205276524,S3-210279998,S3-217848362,S3-247315727,S3-360159724,S3-364970675,S3-46856717,S3-541578061,S3-543596491,S3-54388797,S3-59455876,S3-623046011,S3-626983688,S3-630417799,S3-70071384,S3-701554078,S3-706526727,S3-737129658,S3-80134023,S3-813216252,S3-828085914,S3-832380221,S3-869217029,S3-894305564,S3-899621989,S3-931145967,S3-970160582
S1-261642209	S2-613574387,S2-964573270
S1-78728267	S2-782343573,S3-250187940,S3-568078798,S3-768860985
S1-308199161	S2-112483538,S2-226071564,S2-374903438,S2-499220671,S2-989600045
S1-358927120	S2-278205236,S2-922185608,S3-147802052,S3-96746280
S1-337122273	S2-106060983,S2-13740691,S2-140698778,S2-22747598,S2-241242404,S2-253676713,S2-276225142,S2-287173419,S2-342089889,S2-368947437,S2-398156235,S2-421727638,S2-493431012,S2-497406036,S2-505288473,S2-539218138,S2-54445375,S2-612269067,S2-632486009,S2-685065205,S2-721378845,S2-728150610,S2-783399100,S2-798592011,S2-801048259,S2-848360756,S2-887902378,S2-888891089,S2-932471011,S2-957986460,S3-121690272,S3-142773619,S3-144741779,S3-187223157,S3-196972691,S3-213437066,S3-274875551,S3-297111580,S3-297910467,S3-306005085,S3-33707524,S3-357254114,S3-365211354,S3-428980471,S3-478365935,S3-485572681,S3-536488073,S3-599569761,S3-601651393,S3-606822581,S3-613675609,S3-76693098,S3-813244110,S3-850996641,S3-860287288,S3-887616481,S3-891891093,S3-909067231,S3-921635364,S3-999504347
S1-650650055	S2-151082808,S2-394372248,S2-454312855,S3-362504010,S3-539777331,S3-644215342,S3-719454268
S1-834257002	S2-175878281,S2-238914966,S2-257137101,S2-329632828,S2-532696465,S2-607964859,S2-613698010,S2-862856066,S3-241246934,S3-277295647,S3-290950375,S3-405010160,S3-418873793,S3-467015666,S3-677107608,S3-853174607,S3-886121562,S3-941221112
S1-937349180	S2-250920708,S2-336491925,S2-472576176,S2-523626862,S3-636253579
S1-725006887	S2-27864753,S3-412921025
S1-820730560	S2-136516722,S2-153446651,S2-165134248,S2-179860802,S2-202627645,S2-254417030,S2-260463082,S2-303003795,S2-304592300,S2-304870308,S2-309151256,S2-320737263,S2-415150069,S2-435004152,S2-459677056,S2-511950738,S2-550720498,S2-662730467,S2-688569904,S2-729404237,S2-74310335,S2-745167049,S2-752934160,S2-793567645,S2-832691611,S2-832732072,S2-836035620,S2-842127448,S2-891370357,S2-925562565,S3-1099096,S3-157454177,S3-17328625,S3-186243573,S3-205029637,S3-205265030,S3-223340189,S3-237407736,S3-250543841,S3-300583932,S3-323767283,S3-352894972,S3-474131574,S3-475980766,S3-486184122,S3-530948416,S3-534641488,S3-551804500,S3-605863074,S3-611520956,S3-632310327,S3-663538715,S3-675110160,S3-695575895,S3-756878459,S3-789258942,S3-792733774,S3-85757418,S3-879054506,S3-975464084
S1-47803313	S2-174159267,S2-484711393,S3-403085969,S3-438519975,S3-556511876
S1-385569722	S2-130357343,S2-595801949,S3-913845405
S1-453884385	S3-302762790,S3-569979164
S1-650304466	S2-142247355,S2-142780721,S2-151099140,S2-156391904,S2-221770720,S2-227460033,S2-228240872,S2-232829267,S2-243256256,S2-268556538,S2-27450864,S2-294087908,S2-308383508,S2-333867245,S2-363006406,S2-364924635,S2-391931681,S2-418683558,S2-42837716,S2-495051002,S2-507778299,S2-607777382,S2-715071414,S2-786787970,S2-792541580,S2-808790961,S2-811484118,S2-842540971,S2-849887687,S2-871478090,S3-130925423,S3-143834960,S3-166341775,S3-179799269,S3-1820796,S3-217093169,S3-236514482,S3-237671438,S3-249007438,S3-279858156,S3-287018086,S3-309788027,S3-332282871,S3-376823469,S3-380789726,S3-45052766,S3-464800874,S3-488910131,S3-508414664,S3-542017559,S3-5502299,S3-580892674,S3-648494301,S3-652059563,S3-659120545,S3-659866724,S3-769343197,S3-835343698,S3-954640777,S3-98712737
S1-762839052	S2-100070354,S2-142038953,S2-149119943,S2-185497740,S2-200329,S2-216293386,S2-225335853,S2-238661236,S2-247714275,S2-32574754,S2-342470561,S2-368115027,S2-37207872,S2-38500034,S2-39273983,S2-409577880,S2-435349043,S2-518618212,S2-521903677,S2-602573424,S2-638186984,S2-661690881,S2-682887594,S2-68868382,S2-697822217,S2-748204301,S2-831339487,S2-831469280,S2-862124415,S2-972018795,S3-106478497,S3-110842565,S3-156560705,S3-230094654,S3-238130279,S3-27137023,S3-312250279,S3-32584720,S3-327613104,S3-342491719,S3-36084908,S3-371970540,S3-405435335,S3-410577025,S3-472640009,S3-489950691,S3-50761986,S3-525614189,S3-545517066,S3-619796555,S3-633813573,S3-653336946,S3-682027075,S3-689080460,S3-692917851,S3-711067065,S3-801859314,S3-82858435,S3-854245605,S3-885005887
S1-550679918	S2-741962438,S2-804398499,S3-510734001,S3-527645230
S1-659666950	S2-148758600,S2-150529717,S2-158823272,S2-191173534,S2-228506986,S2-3421098,S2-366414879,S2-376682540,S2-432199111,S2-435385469,S2-449253062,S2-470781999,S2-473460410,S2-476713117,S2-526390000,S2-613158359,S2-620416088,S2-654381844,S2-675320385,S2-712066947,S2-752150017,S2-752414328,S2-759053491,S2-828373484,S2-868115024,S2-897251217,S2-906533196,S2-916047453,S2-940961703,S2-973918958,S3-100277866,S3-129235687,S3-20949719,S3-270340189,S3-328497328,S3-347691296,S3-361060786,S3-434330414,S3-495978988,S3-537588819,S3-552511849,S3-595786610,S3-618414101,S3-621693089,S3-628825046,S3-643806831,S3-645928806,S3-661897609,S3-662078182,S3-690852187,S3-709199121,S3-738030245,S3-741118683,S3-741810039,S3-787482723,S3-849199272,S3-893068253,S3-969028532,S3-978282582,S3-979128250
S1-772914073	S2-151974668,S2-222025267,S2-277748679,S2-278398149,S2-289409529,S2-289827903,S2-294043874,S2-368230479,S2-418459947,S2-440105107,S2-451953615,S2-470448034,S2-475219754,S2-52695711,S2-540248356,S2-542022612,S2-58243639,S2-636064877,S2-643643868,S2-657355122,S2-687126247,S2-706470445,S2-828917937,S2-872247104,S2-910515877,S2-917050920,S2-941971636,S2-953726070,S2-980736131,S3-186512007,S3-195275713,S3-201517266,S3-230300119,S3-236137355,S3-245685807,S3-293565514,S3-295872554,S3-301070816,S3-340365304,S3-380761810,S3-451856423,S3-493039526,S3-502820103,S3-532781969,S3-562109864,S3-619354102,S3-622474572,S3-624152772,S3-625844666,S3-64700992,S3-70238455,S3-725955993,S3-760876180,S3-764826171,S3-784283274,S3-820791431,S3-825385477,S3-879444709,S3-888129189
S1-860482342	S2-124770724,S2-17416692,S2-254164456,S2-256336967,S2-260224076,S2-276167305,S2-278584703,S2-281853665,S2-351321301,S2-363970659,S2-381058343,S2-383639795,S2-418483390,S2-470607020,S2-519439813,S2-522399065,S2-57597468,S2-60049905,S2-615477007,S2-744683107,S2-757294524,S2-789949229,S2-793299833,S2-797751563,S2-814072257,S2-828673224,S2-841825975,S2-876636075,S2-904935038,S2-972287143,S3-260908416,S3-298824935,S3-306024818,S3-339645774,S3-360642389,S3-378109212,S3-380026526,S3-393170938,S3-404791292,S3-406234028,S3-466048435,S3-481192629,S3-535649659,S3-584217699,S3-630908467,S3-677464690,S3-708407439,S3-712406632,S3-734825192,S3-750904373,S3-760012629,S3-760701016,S3-766737960,S3-773621189,S3-824314098,S3-830665868,S3-918014280,S3-937571890,S3-984005179,S3-992227595
S1-813052697	S2-127605013,S2-159966303,S2-208466216,S2-276860421,S2-36547675,S2-366608033,S2-369858979,S2-39277549,S2-432850569,S2-47271868,S2-472982197,S2-474088785,S2-48038567,S2-554847701,S2-606409375,S2-636275599,S2-671228231,S2-707380984,S2-741569873,S2-754090742,S2-774738659,S2-795495166,S2-810014893,S2-819599488,S2-82997859,S2-845919302,S2-869873757,S2-915851743,S2-976665409,S2-986270192,S3-120118454,S3-126405671,S3-165562086,S3-247270979,S3-251806850,S3-266163638,S3-419066184,S3-440298489,S3-455439697,S3-501088132,S3-53326467,S3-563719645,S3-64746429,S3-668628926,S3-688090368,S3-690740014,S3-701734472,S3-756927712,S3-784834925,S3-793665153,S3-865604322,S3-875683208,S3-89836595,S3-906265075,S3-934635287,S3-954281249,S3-970507719,S3-97580245,S3-977187473,S3-990415047
S1-366528589	S2-341544452,S2-76601304,S3-239459493,S3-269373616,S3-692951203
S1-720336913	S2-16943696,S2-261824604,S2-264383023,S2-475160887,S2-48932717,S3-154467570,S3-197497286,S3-339304765,S3-339733658,S3-642639434,S3-865830472,S3-912975630
S1-640880009	S2-113338243,S2-144777712,S2-348507098,S2-601501439,S2-825297113,S2-933139251,S2-998993156,S3-226047922,S3-227592268,S3-305848184,S3-399977431,S3-462418657,S3-567105621,S3-858851080,S3-898714177
S1-887500171	S2-157451273,S2-231930565,S2-253246293,S2-257444175,S2-348795035,S2-352871145,S2-366323201,S2-409151560,S2-423246916,S2-427872488,S2-430659311,S2-493802514,S2-497334303,S2-518814732,S2-551406068,S2-552536471,S2-579718548,S2-617774441,S2-618920037,S2-625023707,S2-68072696,S2-734282110,S2-737152762,S2-753656351,S2-760583727,S2-861198842,S2-902934563,S2-903408983,S2-955612057,S2-991114433,S3-10459329,S3-141868309,S3-143458095,S3-157269647,S3-163226566,S3-200543489,S3-202926240,S3-266182617,S3-282407258,S3-297735935,S3-325257888,S3-379579971,S3-403122968,S3-407848634,S3-443904301,S3-501069901,S3-520460663,S3-635077020,S3-652588318,S3-655534392,S3-692765484,S3-695855875,S3-709224880,S3-784329278,S3-873124791,S3-925481029,S3-964158315,S3-973486044,S3-989687565,S3-991889485
S1-971996731	S2-100483806,S2-12417939,S2-165625834,S2-188388816,S2-213933061,S2-218026305,S2-251538894,S2-258946884,S2-294117180,S2-302965306,S2-304144642,S2-364406205,S2-391182267,S2-444246116,S2-450460137,S2-473447830,S2-474903770,S2-4908679,S2-520467637,S2-579800047,S2-598410565,S2-606640186,S2-636839158,S2-686992599,S2-691569506,S2-734554206,S2-90414724,S2-922056973,S2-924621394,S2-926957242,S3-106243603,S3-141620605,S3-161338084,S3-225950250,S3-277651484,S3-311532973,S3-344252685,S3-372070063,S3-424079492,S3-48536120,S3-501317399,S3-503298587,S3-562643607,S3-605242529,S3-638306128,S3-648757335,S3-657127526,S3-677681953,S3-698703952,S3-701942321,S3-746242437,S3-783581226,S3-798166936,S3-86366870,S3-898122966,S3-912125720,S3-931479740,S3-973731818,S3-98045194,S3-993092589
S1-104317115	S2-108378366,S2-13529839,S2-18317366,S2-192871794,S2-207318280,S2-258105631,S2-276925950,S2-293953174,S2-325833545,S2-394992106,S2-396389034,S2-412063790,S2-431918822,S2-450899563,S2-46050852,S2-52606555,S2-537502193,S2-544451491,S2-553931983,S2-561671511,S2-569342317,S2-724316049,S2-755639827,S2-765122749,S2-769564938,S2-809088981,S2-811742053,S2-817222626,S2-920592372,S2-992385578,S3-106924212,S3-135428236,S3-178330063,S3-258488658,S3-266454316,S3-281018810,S3-283057156,S3-288345827,S3-316592072,S3-318448338,S3-372062060,S3-396143469,S3-43548178,S3-480951847,S3-535278828,S3-56350775,S3-588646951,S3-603951755,S3-624987343,S3-629684669,S3-6334191,S3-723192551,S3-757977106,S3-795924222,S3-875460859,S3-934966183,S3-935846204,S3-953186754,S3-964135466,S3-991025520
S1-518257638	S2-102231575,S2-127847350,S2-150246717,S2-161817864,S2-174389093,S2-179942898,S2-193429698,S2-233134018,S2-288569265,S2-321194117,S2-324124547,S2-372528067,S2-43742018,S2-530317519,S2-579089115,S2-604115581,S2-618002170,S2-630680145,S2-706901384,S2-775846348,S2-838438717,S2-840773392,S2-857502555,S2-887616528,S2-892918855,S2-899076436,S2-911140446,S2-936562642,S2-963390182,S2-963513659,S3-171986101,S3-177823204,S3-197076806,S3-201716409,S3-209286332,S3-219178805,S3-241116771,S3-279882347,S3-287296605,S3-308840205,S3-330977473,S3-351175896,S3-398605745,S3-428703609,S3-42881626,S3-429988305,S3-501172807,S3-536549338,S3-593191924,S3-61715669,S3-623379435,S3-70530075,S3-73993689,S3-757587407,S3-836702424,S3-887869628,S3-924668696,S3-965770829,S3-981652199,S3-987722846
S1-884660527	S2-145842044,S2-345752888,S2-431276245,S3-32149338,S3-38490669,S3-763465822
S1-910004085	S2-126961091,S2-155138353,S2-171825804,S2-174502583,S2-300441816,S2-32545271,S2-381124204,S2-417197169,S2-426553162,S2-441608803,S2-457763853,S2-491615937,S2-536443431,S2-54698017,S2-57608729,S2-580553652,S2-614557081,S2-629316236,S2-754764446,S2-831824002,S2-84238056,S2-842595334,S2-852226034,S2-857307132,S2-863063410,S2-864335198,S2-916617123,S2-929718470,S2-94962655,S2-981445577,S3-138506793,S3-139831899,S3-148294171,S3-167971937,S3-173467083,S3-224610112,S3-240457819,S3-277314550,S3-320039651,S3-341454750,S3-461562519,S3-49235119,S3-527642797,S3-555174999,S3-566126695,S3-611590058,S3-642553799,S3-673244968,S3-688373704,S3-707509008,S3-79074335,S3-795608626,S3-825271381,S3-829686643,S3-876117252,S3-880398847,S3-935167303,S3-948825969,S3-977459197,S3-993316363
S1-591894902	S2-232977256,S2-241903269,S2-475480987,S2-522638411,S2-614338178,S2-705928390,S2-762508309,S2-823427530,S2-944913668,S3-110618828,S3-232563719,S3-308159053,S3-326540337,S3-387134223,S3-464064291,S3-482598270,S3-519138740,S3-86643069
S1-142638295	S2-145692077,S2-162708073,S2-237661324,S2-265309677,S2-461729876,S2-490240040,S2-681175006,S2-771130775,S2-899123465,S3-330057525,S3-400871122,S3-521459906,S3-534055911,S3-590626095,S3-653364893,S3-682638217,S3-854636324,S3-868614584,S3-868858044,S3-910437917
S1-950720921	S2-435734109,S2-523443947,S2-575845770,S2-756820760,S2-781635311,S3-350913233,S3-593628094,S3-994700918
S1-183285524	S2-2253067,S2-247846567,S2-25218922,S3-618630885
S1-714649207	S2-187422830,S2-262411622,S2-313031145,S2-313129372,S2-442453929,S2-450962607,S2-466193296,S2-509928048,S2-526316354,S2-56924527,S2-611513570,S2-652797729,S2-676008518,S2-824702370,S2-831045170,S2-858403919,S2-86413289,S2-879000028,S2-930841661,S2-975000207,S2-988069205,S3-120972287,S3-145930806,S3-173462326,S3-209270562,S3-218983984,S3-226987975,S3-27282967,S3-349778467,S3-358528674,S3-382703829,S3-525857176,S3-540479458,S3-56957956,S3-602161886,S3-605627314,S3-649270030,S3-704260790,S3-720261782,S3-757937083,S3-76031882,S3-786403902,S3-805673659,S3-831511402,S3-884039158,S3-896546502,S3-942964066,S3-96363690,S3-96874026,S3-975422589,S3-986253440
S1-841168517	S2-900423789,S3-152207060,S3-796810596
S1-819898451	S2-135413086,S2-157883813,S2-186522749,S2-230629216,S2-252398247,S2-328794803,S2-347065764,S2-396153724,S2-397692609,S2-462414124,S2-475897817,S2-480027228,S2-492726490,S2-497456273,S2-57289555,S2-606131935,S2-631737474,S2-66063258,S2-698562211,S2-701723380,S2-70861089,S2-71747002,S2-746673903,S2-775457138,S2-796837749,S2-812780190,S2-835682945,S2-92100875,S2-976583290,S2-99269459,S3-186719822,S3-192653158,S3-195793701,S3-199801548,S3-201216718,S3-253967800,S3-263417309,S3-308899100,S3-350367686,S3-367614197,S3-371940136,S3-416904669,S3-515421937,S3-517113677,S3-520712638,S3-571326104,S3-640942067,S3-681373383,S3-686372211,S3-738600435,S3-753418339,S3-777799996,S3-782145608,S3-807735078,S3-828164274,S3-88606273,S3-924821324,S3-949593593,S3-955083297,S3-996796116
S1-949091955	S3-609791410,S3-614803470,S3-797127490
S1-552966879	S2-175078063,S2-209852864,S2-281266,S2-283033358,S2-303725691,S2-322911264,S2-387725697,S2-415678128,S2-416239740,S2-416725812,S2-419633706,S2-472797242,S2-4901700,S2-574261515,S2-641546257,S2-668195609,S2-682368181,S2-685116440,S2-695233177,S2-697156347,S2-72453271,S2-733168474,S2-769529141,S2-830617890,S2-846106524,S2-866827649,S2-916988796,S2-918741651,S2-933040885,S2-990832235,S3-125080675,S3-129908330,S3-13010951,S3-151674749,S3-15312409,S3-159472,S3-169013284,S3-195285213,S3-226107024,S3-241961627,S3-408543816,S3-421586414,S3-428811585,S3-467396817,S3-478502608,S3-48455929,S3-494141347,S3-540260372,S3-557174332,S3-576030154,S3-605512623,S3-742898968,S3-74518440,S3-78599684,S3-819858127,S3-876834595,S3-90183721,S3-924417297,S3-962622669,S3-963256385
S1-220057580	S2-293409964,S2-461373547,S2-721485523,S2-964696089
S1-64462728	S2-104647063,S2-88332881,S2-958356631,S2-96025297,S3-679938485
S1-807938084	S2-181582468,S2-186904378,S2-262872549,S2-292272219,S2-293431657,S2-327404535,S2-351562171,S2-37415925,S2-379724784,S2-381451589,S2-433792095,S2-45369509,S2-470774130,S2-473998711,S2-573266285,S2-610394579,S2-645707510,S2-717281381,S2-741404437,S2-760514215,S2-787936577,S2-861836251,S2-874712089,S2-925757739,S2-941296963,S2-946874180,S3-112577078,S3-168309259,S3-172894962,S3-18147764,S3-226416693,S3-267460338,S3-280246071,S3-418594970,S3-419256141,S3-424990635,S3-433591182,S3-496103124,S3-538407052,S3-576254484,S3-576506073,S3-648876180,S3-667473690,S3-675915176,S3-710796863,S3-733739319,S3-742195021,S3-769968969,S3-834317745,S3-836268895,S3-867691469,S3-880098730,S3-890878162,S3-953583111,S3-97763179,S3-99275445
S1-693870315	S2-118916909,S2-122450773,S2-170144683,S2-175292311,S2-182377131,S2-223340813,S2-233306004,S2-27046600,S2-285894684,S2-352556880,S2-485240107,S2-506077451,S2-537783043,S2-538358423,S2-550192234,S2-582604294,S2-660199760,S2-666810841,S2-673419052,S2-710659498,S2-787454376,S2-790747215,S2-802271681,S2-815004103,S2-815199302,S2-86912421,S2-878884039,S2-944180329,S2-960440618,S2-96597632,S3-148503416,S3-171318886,S3-173440935,S3-235171242,S3-255731557,S3-260419415,S3-301434801,S3-306223540,S3-371100258,S3-382125726,S3-393879712,S3-420707107,S3-425593898,S3-425715498,S3-427686932,S3-456485363,S3-459022256,S3-54950780,S3-562429305,S3-615219895,S3-63254079,S3-641758179,S3-703086048,S3-703532178,S3-768660371,S3-79242629,S3-852084895,S3-867945979,S3-903238328,S3-986739557
S1-455827432	S2-104449938,S2-110021571,S2-121825353,S2-142052004,S2-235048888,S2-239902228,S2-271726020,S2-355244839,S2-414188690,S2-457026052,S2-469415759,S2-510277263,S2-534451933,S2-584464191,S2-62757143,S2-634515281,S2-653643448,S2-664905344,S2-685749148,S2-694983036,S2-698948906,S2-748914742,S2-755831105,S2-766509852,S2-810616521,S2-842534456,S2-88690729,S2-976188618,S2-985761786,S2-991644625,S3-106820781,S3-133394349,S3-141249071,S3-1913111,S3-1940904,S3-195210586,S3-321062813,S3-328095444,S3-338502710,S3-372113846,S3-417214826,S3-429695448,S3-43190196,S3-527775143,S3-536064600,S3-575751407,S3-61786288,S3-635218005,S3-641257868,S3-696040524,S3-722636521,S3-823351286,S3-8564735,S3-877803579,S3-900234691,S3-908242548,S3-919206265,S3-92531926,S3-931674602,S3-965310998
S1-527611593	S2-110602720,S2-145083392,S2-152523406,S2-23519898,S2-261059030,S2-305637735,S2-311974636,S2-370900572,S2-389924615,S2-390627971,S2-424932378,S2-521874903,S2-526526422,S2-53755513,S2-54109572,S2-551128687,S2-564130636,S2-595443719,S2-601792102,S2-615651599,S2-73405617,S2-748230329,S2-787065572,S2-877613262,S2-880888575,S2-920906100,S2-94679254,S2-964336613,S2-970442148,S2-984762458,S3-105131461,S3-13473302,S3-138738397,S3-163304966,S3-168748626,S3-22645731,S3-228660283,S3-259455906,S3-277182497,S3-280977364,S3-313281185,S3-318551037,S3-322586502,S3-330174087,S3-331985810,S3-373462158,S3-404861973,S3-454016372,S3-458510250,S3-528331157,S3-571468495,S3-667815823,S3-68755886,S3-727698517,S3-728816318,S3-746257537,S3-760385246,S3-875055273,S3-882572002,S3-886064344
S1-727773972	S2-258543809,S2-508624912,S2-580801602,S2-603382331,S2-646844686,S2-821439680,S2-991834093,S3-133342294,S3-731922554,S3-734609790,S3-914128396,S3-927841962,S3-965849434
S1-279446676	S2-308980044,S2-75992472,S3-879007585
S1-918109974	S2-177946209,S3-579849100,S3-604968655,S3-622084470
S1-615018738	S2-110661751,S2-40337007,S2-501408343,S2-693064683,S3-263733579
S1-666592077	S2-199531243,S2-216210094,S2-227566298,S2-24555408,S2-25405386,S2-287364144,S2-409053416,S2-477310753,S2-514178344,S2-597748827,S2-611993226,S2-684877502,S2-699177186,S2-736082765,S2-789090002,S2-794162474,S2-85662929,S2-87279081,S2-914995051,S2-939900262,S3-175332463,S3-228218744,S3-270994682,S3-283570285,S3-286961377,S3-311266519,S3-316100935,S3-316166872,S3-367372507,S3-390109330,S3-394198369,S3-418632200,S3-450481499,S3-458754008,S3-516384130,S3-525707049,S3-527158801,S3-57306377,S3-635225228,S3-642966939,S3-656326439,S3-71801813,S3-791684706,S3-807364259,S3-833970055,S3-84631352,S3-922545433,S3-949355651,S3-981522730,S3-991306230
S1-509532493	S2-218994458,S2-401026264,S2-425159143,S2-481586455,S2-575171623,S2-929788395,S2-996182109,S3-128892170,S3-138608272,S3-428708300,S3-497879184,S3-499159351,S3-620481084,S3-667383027,S3-83610823
S1-992285010	S2-209420378,S2-63811513,S3-216741187,S3-724887968,S3-823215288
S1-382076507	S2-179259085,S2-201027565,S2-252920465,S2-25365878,S2-293605894,S2-310040527,S2-310491958,S2-312005928,S2-320075479,S2-362245990,S2-423767664,S2-424267925,S2-425491673,S2-468804914,S2-556921797,S2-564187013,S2-56916752,S2-608349097,S2-660710618,S2-687676153,S2-6884356,S2-715747390,S2-775174911,S2-867543742,S2-899218868,S2-963211573,S2-98770559,S2-997791223,S3-109281017,S3-109817511,S3-109981205,S3-119717061,S3-182494294,S3-20029513,S3-268793354,S3-295759639,S3-316405067,S3-33121195,S3-387480557,S3-404012256,S3-407990295,S3-410295232,S3-436419950,S3-457374240,S3-461996390,S3-527347873,S3-572958323,S3-574007214,S3-612214337,S3-697525439,S3-744712419,S3-817821265,S3-842773940,S3-849471880,S3-864842814,S3-883186572,S3-9036715,S3-999353928
S1-185535466	S2-381918299,S2-405727290,S2-594442479,S2-622359695,S2-917768056,S2-949995193,S3-710717328,S3-729323999,S3-823447588,S3-993799620
S1-799535694	S2-104393930,S2-119573468,S2-193243047,S2-200756781,S2-202023815,S2-220648391,S2-22929093,S2-306537026,S2-359417580,S2-413300171,S2-454253057,S2-482198267,S2-533198227,S2-536139634,S2-572666839,S2-574724690,S2-586973515,S2-641779,S2-655464639,S2-730954925,S2-732106586,S2-777286251,S2-78551380,S2-788892332,S2-811617991,S2-896163875,S2-897255312,S2-918933880,S2-992138110,S2-993405379,S3-112092795,S3-114105322,S3-147369792,S3-152192390,S3-156008758,S3-180017652,S3-195267344,S3-230262877,S3-245593276,S3-289939145,S3-328754203,S3-358523420,S3-374867239,S3-376652059,S3-392809200,S3-420370913,S3-459749970,S3-469758016,S3-593322646,S3-628615499,S3-633482386,S3-680147008,S3-684179268,S3-688177250,S3-702785802,S3-759648110,S3-773511629,S3-854526791,S3-963724513,S3-999910276
S1-598558953	S2-932444510,S3-968292918
S1-222645796	S2-250923568,S2-73658068,S2-802513739,S3-561990506,S3-630677920
S1-192481319	S2-118916909,S2-122450773,S2-147483891,S2-170144683,S2-182377131,S2-223340813,S2-233306004,S2-27046600,S2-285894684,S2-506077451,S2-537783043,S2-538358423,S2-550192234,S2-577857669,S2-582604294,S2-660199760,S2-666810841,S2-673419052,S2-710659498,S2-790747215,S2-802271681,S2-815004103,S2-817547538,S2-865639122,S2-86912421,S2-878884039,S2-921034798,S2-944180329,S2-960440618,S2-96597632,S3-148503416,S3-171318886,S3-173440935,S3-235171242,S3-255731557,S3-260419415,S3-301434801,S3-306223540,S3-382125726,S3-393879712,S3-411652215,S3-420707107,S3-425593898,S3-425715498,S3-427686932,S3-456485363,S3-459022256,S3-54950780,S3-63254079,S3-641758179,S3-701953372,S3-703086048,S3-703532178,S3-768660371,S3-852084895,S3-867945979,S3-893818826,S3-903238328,S3-93968051,S3-986739557
S1-413573159	S2-769895025,S3-114162357,S3-950581093
S1-782634160	S2-102817873,S2-115495776,S2-136076157,S2-196671111,S2-200899200,S2-217172180,S2-256517648,S2-304083351,S2-326172486,S2-328623482,S2-369919478,S2-378812901,S2-465703260,S2-483691146,S2-528909999,S2-546321762,S2-593795376,S2-594237629,S2-646659906,S2-708242589,S2-756407224,S2-764011217,S2-773691127,S2-780674110,S2-818382902,S2-845388977,S2-850470180,S2-952471325,S2-958316746,S3-162932365,S3-164747025,S3-170596329,S3-195072723,S3-199639891,S3-214945334,S3-219342167,S3-268909217,S3-310466802,S3-334259980,S3-334823369,S3-34004594,S3-37156041,S3-420708695,S3-426213573,S3-435250891,S3-450832062,S3-548522302,S3-577890708,S3-609341977,S3-63464735,S3-636191513,S3-750391546,S3-808026408,S3-921270410,S3-932928177,S3-988838457
S1-394334841	S2-114163106,S2-137918057,S2-193677944,S2-205648858,S2-217122572,S2-412109561,S2-520380270,S2-535433111,S2-539993799,S2-55072495,S2-551936814,S2-555916683,S2-575775368,S2-578268826,S2-630113785,S2-638053432,S2-701095288,S2-71573919,S2-726976382,S2-740911165,S2-767403490,S2-812436559,S2-82078071,S2-820891430,S2-8380676,S2-838259380,S2-842996909,S2-850081871,S2-858974238,S2-860952246,S3-104435862,S3-126930316,S3-182857016,S3-22002907,S3-23294321,S3-240349541,S3-250302416,S3-280390105,S3-319255781,S3-353394176,S3-377703580,S3-378551814,S3-434400769,S3-443568050,S3-484149752,S3-495543978,S3-544386103,S3-60426360,S3-635056439,S3-65631443,S3-687941938,S3-705838246,S3-775778223,S3-792527669,S3-81504428,S3-835427375,S3-841403504,S3-854571025,S3-884198106,S3-894996639
S1-759762834	S2-102392557,S2-124041415,S2-151414213,S2-157135062,S2-183369318,S2-21341754,S2-222295914,S2-260231412,S2-267171254,S2-359534609,S2-35989644,S2-43146094,S2-495945196,S2-500811028,S2-509926960,S2-536676009,S2-548669693,S2-564128764,S2-637303257,S2-739884160,S2-766151304,S2-783724432,S2-806747033,S2-828829579,S2-870614629,S2-873421951,S2-938323181,S2-944305018,S2-957659701,S2-98738007,S3-107135242,S3-145201518,S3-149670814,S3-173295290,S3-255457964,S3-301396079,S3-301618709,S3-327286349,S3-331217127,S3-345217585,S3-378363888,S3-405302270,S3-419277547,S3-450915531,S3-473901621,S3-534406702,S3-580813553,S3-609810226,S3-646498233,S3-649819094,S3-669015910,S3-695616956,S3-698555363,S3-709607636,S3-80943451,S3-813204512,S3-82787128,S3-840133007,S3-948726441,S3-961840540
S1-653070765	S3-581396784
S1-94096071	S2-403208998,S3-190858281,S3-5072979,S3-517316373,S3-920819522
S1-682391735	S2-180425173,S2-526071240,S3-965393503
S1-559968662	S2-50618159,S2-805714849,S2-878143505,S3-321970595
S1-964877324	S2-265576935,S2-31821562,S2-323275184,S2-380478682,S2-384318355,S2-395806777,S2-426054187,S2-44484933,S2-524118055,S2-748161069,S2-772105494,S2-775268604,S2-794749727,S2-831798734,S2-880612221,S2-884504102,S2-921998892,S2-945180987,S3-187815078,S3-299990473,S3-475780905,S3-482805395,S3-48875690,S3-536466984,S3-56811825,S3-772780291,S3-790939348,S3-839348910,S3-863816385,S3-88616212,S3-96736041,S3-9720805
S1-883416047	S2-113139497,S2-200829109,S2-203455649,S2-246562927,S2-290130521,S2-300583102,S2-31496805,S2-333653746,S2-343934273,S2-352229908,S2-354194633,S2-414469912,S2-425204864,S2-489215424,S2-594138649,S2-59742240,S2-644434427,S2-652506223,S2-65451528,S2-659416569,S2-683783829,S2-71651512,S2-804603039,S2-842527659,S2-934138293,S2-938135983,S2-940747445,S2-983208937,S3-156458480,S3-185833223,S3-192364781,S3-245511146,S3-262363435,S3-291070988,S3-315936978,S3-323707137,S3-340628679,S3-405047222,S3-454829484,S3-459346214,S3-49835019,S3-594245803,S3-594762112,S3-598029299,S3-604398096,S3-631018611,S3-642075785,S3-651523666,S3-667385325,S3-705270354,S3-768640581,S3-799139872,S3-804201723,S3-808725134,S3-861627618,S3-906966563,S3-919578794,S3-963726454
S1-182458975	S2-123696558,S2-156776538,S2-174773041,S2-208886077,S2-478735920,S2-526167007,S2-559457129,S2-988827186,S3-211187763,S3-514579502,S3-529429526,S3-671266959,S3-904322611,S3-983709151
S1-339269492	S2-10248730,S2-152952286,S2-260582400,S2-262050120,S2-374924630,S2-393435577,S2-966105575,S3-105839883,S3-118336754,S3-126663003,S3-133458383,S3-16608880,S3-22377139,S3-366875858,S3-515859778,S3-519621994,S3-592478367,S3-740798432,S3-780067648,S3-809785662,S3-901576514,S3-927882159,S3-984105176
S1-621676240	S2-274299312,S2-333579847,S2-443227034,S2-84870559,S3-328434180,S3-405370987
S1-103138354	S2-153295445,S2-177972187,S2-201768982,S2-218439711,S2-283590508,S2-369075484,S2-372894942,S2-387187532,S2-397838829,S2-407095794,S2-42867185,S2-527632301,S2-579951815,S2-591100013,S2-609518812,S2-640183780,S2-673949733,S2-791435544,S2-803568277,S2-871416078,S2-884898714,S2-906645356,S2-970670539,S2-998097867,S3-121919293,S3-186026198,S3-192206012,S3-215475464,S3-224181743,S3-388231698,S3-416952069,S3-531263103,S3-615746982,S3-683069874,S3-724195131,S3-929241215
S1-279963953	S2-101553315,S2-279867548,S2-34827902,S2-377988478,S2-448210768,S2-45651660,S2-523806968,S2-547355150,S2-664025146,S2-677314116,S2-73529455,S2-74020336,S2-981120565,S3-113718798,S3-159873102,S3-227082556,S3-25165953,S3-286285734,S3-301121568,S3-328602814,S3-641222242,S3-788574307,S3-834651821,S3-846159428
S1-317707487	S2-164517163,S2-197128146,S2-705388635
S1-391244573	S2-100177013,S2-189695400,S2-217420586,S2-234437696,S2-253492307,S2-278151219,S2-384809265,S2-429727043,S2-460880968,S2-478814623,S2-490072933,S2-521583861,S2-548612549,S2-572783859,S2-612592681,S2-650602757,S2-654123289,S2-720543841,S2-738919590,S2-771183425,S2-775052579,S2-791283649,S2-867420966,S2-917944546,S2-947734175,S2-957659701,S2-976797604,S3-109322130,S3-121170355,S3-175569363,S3-21041171,S3-21460086,S3-23893439,S3-25735485,S3-345897546,S3-35668881,S3-374480864,S3-379129345,S3-386840970,S3-398328348,S3-406936065,S3-41908998,S3-445353295,S3-48205081,S3-489531117,S3-521634683,S3-603633699,S3-635030621,S3-636748493,S3-688670351,S3-731246987,S3-763928038,S3-768461873,S3-771724769,S3-931220310,S3-966402128,S3-967973407
S1-603458137	S2-122866025,S2-196992412,S2-208890076,S2-221876621,S2-255318415,S2-280133735,S2-298724549,S2-299890701,S2-304067615,S2-349405434,S2-401440468,S2-402537707,S2-423824928,S2-447568143,S2-461490716,S2-518582660,S2-536905354,S2-565787935,S2-619483487,S2-63354266,S2-708304646,S2-722950957,S2-771662702,S2-786006021,S2-839151681,S2-843725986,S2-89474571,S2-898466856,S2-986118326,S2-98775184,S3-186875006,S3-193393331,S3-194593889,S3-215096194,S3-224500815,S3-254561692,S3-307651555,S3-361675727,S3-383378872,S3-47600348,S3-533630743,S3-553044135,S3-571448655,S3-574525533,S3-58404053,S3-597603953,S3-616848149,S3-622966211,S3-626444531,S3-640831956,S3-70784381,S3-754376918,S3-787499980,S3-815130546,S3-820131547,S3-82058561,S3-901859432,S3-906359112,S3-934711861,S3-967056290
S1-429550703	S2-199724877,S2-389902368,S2-40728242,S2-661726688,S2-67903463,S3-413542027,S3-79826289
S1-302219416	S2-10053680,S2-101730140,S2-108805034,S2-246895442,S2-276141474,S2-293588481,S2-295404616,S2-320112653,S2-339758390,S2-339905976,S2-364030216,S2-364766362,S2-372991125,S2-3782547,S2-423678162,S2-512747161,S2-553559470,S2-575499,S2-593657804,S2-649474511,S2-653524061,S2-663630234,S2-694864997,S2-709130649,S2-756686019,S2-793147345,S2-864044436,S2-877188898,S2-947282734,S2-954061010,S3-135337260,S3-171323183,S3-220470044,S3-252619016,S3-295293193,S3-309772343,S3-317602215,S3-324024267,S3-349377291,S3-353391713,S3-36143062,S3-414980984,S3-444774114,S3-445627959,S3-461171310,S3-462722982,S3-514900666,S3-54938769,S3-595820049,S3-615651850,S3-62958193,S3-662157743,S3-677894590,S3-678234428,S3-703887284,S3-86685708,S3-873469129,S3-908200494,S3-917977823,S3-949829822
S1-693956169	S2-11399040,S2-117641198,S2-142919569,S2-148202605,S2-186323318,S2-259959264,S2-276975445,S2-287553406,S2-323942240,S2-324546780,S2-331632541,S2-38041241,S2-409007322,S2-494334573,S2-514477715,S2-554948128,S2-573403688,S2-642379815,S2-677611473,S2-720019531,S2-743611656,S2-744092910,S2-752039767,S2-798366757,S2-806978517,S2-828902755,S2-842058228,S2-883799231,S2-908572167,S2-927902449,S3-122144990,S3-159661538,S3-185089796,S3-210130602,S3-23518063,S3-239466939,S3-245747772,S3-25281609,S3-274269512,S3-283321042,S3-410825685,S3-445918388,S3-469263835,S3-492131586,S3-497647938,S3-581781272,S3-584028612,S3-584614505,S3-640765698,S3-650753324,S3-671054270,S3-674755686,S3-734973628,S3-739591793,S3-801458660,S3-809083820,S3-813037581,S3-839414204,S3-900112055,S3-989515837
S1-837916944	S2-298100855,S2-583392216,S3-296834043,S3-904722267,S3-968042624
S1-336786786	S2-101090446,S2-126848418,S2-159603522,S2-194812791,S2-199324576,S2-229707791,S2-374052751,S2-375691466,S2-449319978,S2-468963779,S2-520804870,S2-52912378,S2-542692214,S2-55634248,S2-559496897,S2-561348898,S2-568121427,S2-577124267,S2-590386545,S2-592393226,S2-599663746,S2-61685470,S2-622385578,S2-646186841,S2-788064863,S2-806601322,S2-928808119,S2-942413076,S2-966494508,S2-980854163,S3-116445428,S3-121530613,S3-159390335,S3-162287120,S3-211944878,S3-277873939,S3-328984313,S3-333454920,S3-336860177,S3-360358251,S3-420578161,S3-428905355,S3-495611353,S3-511308522,S3-560122621,S3-576529225,S3-587606015,S3-60718083,S3-628873946,S3-634416998,S3-657582288,S3-692360084,S3-694186188,S3-764971052,S3-765062020,S3-790891630,S3-82352323,S3-907543456,S3-975172477,S3-982818784
S1-800911534	S2-157906621,S2-174893557,S2-23210726,S2-261391524,S2-297076294,S2-318266808,S2-366903284,S2-375142402,S2-375151053,S2-382279376,S2-40434016,S2-41411055,S2-444152006,S2-447887157,S2-467973831,S2-486377073,S2-517835048,S2-541203186,S2-552765229,S2-561328220,S2-610273252,S2-705096985,S2-716261282,S2-730069889,S2-746686582,S2-91382711,S2-919275215,S2-959321404,S2-964004986,S2-975048182,S3-101938304,S3-142553553,S3-143144245,S3-184200981,S3-216180868,S3-223294375,S3-225128114,S3-247101102,S3-252909699,S3-258095914,S3-292238489,S3-302671392,S3-329351632,S3-369912469,S3-422532573,S3-466057121,S3-48509837,S3-516972543,S3-631866204,S3-659720591,S3-675688119,S3-68913960,S3-695134954,S3-744211126,S3-762034122,S3-79119215,S3-798843961,S3-800070274,S3-878813853,S3-932719433
S1-181883447	S3-289476561,S3-790845183
S1-1433093	S2-100295056,S2-167899054,S2-200133148,S2-220076140,S2-251315968,S2-329489110,S2-345955623,S2-410710764,S2-419437406,S2-423211912,S2-57314275,S2-62195190,S2-624490061,S2-629015691,S2-663120208,S2-668380671,S2-675349788,S2-682364765,S2-693532517,S2-694334841,S2-703057765,S2-706299528,S2-707585001,S2-747225972,S2-749930455,S2-780003991,S2-823334004,S2-888791603,S2-946525628,S2-960906231,S3-126264982,S3-157331210,S3-191122331,S3-198176700,S3-206007748,S3-222525192,S3-331861730,S3-351578053,S3-362372610,S3-375216533,S3-433110573,S3-471025876,S3-501291351,S3-504276341,S3-541308497,S3-571730244,S3-62695122,S3-647155818,S3-686723072,S3-7362745,S3-741869905,S3-780198082,S3-814535493,S3-822885874,S3-823068929,S3-858386688,S3-861259462,S3-894618985,S3-972834569,S3-978086725
S1-733472967	S2-192077128,S2-206222944,S2-209941533,S2-233823862,S2-318828027,S2-334535171,S2-401465913,S2-450220259,S2-463945282,S2-484863812,S2-493424505,S2-541858437,S2-550258424,S2-567285101,S2-582421238,S2-620251969,S2-646220156,S2-648046158,S2-657766985,S2-738486869,S2-748453367,S2-794295244,S2-794300724,S2-810963238,S2-83131975,S2-877089867,S2-898312252,S2-903537891,S2-94196405,S2-98100733,S3-136460097,S3-181619982,S3-194482272,S3-242301858,S3-312301963,S3-318476113,S3-372329803,S3-419374417,S3-43670004,S3-466555258,S3-47259571,S3-479180089,S3-481331364,S3-512024669,S3-532777554,S3-554453156,S3-598089705,S3-628224589,S3-738124036,S3-778233351,S3-791681384,S3-823040311,S3-838728778,S3-865904176,S3-912346438,S3-923251557,S3-926988288,S3-950548409,S3-958825707,S3-962353128
S1-89100953	S2-139292520,S2-171462612,S2-207222624,S2-260202050,S2-27739953,S2-307465605,S2-309574410,S2-333587609,S2-404623342,S2-535682832,S2-579242960,S2-589559102,S2-608696483,S2-639366922,S2-667822229,S2-673347439,S2-717640601,S2-727917272,S2-732416944,S2-766328866,S2-767747818,S2-773805690,S2-782257630,S2-803008898,S2-845605664,S2-921794908,S2-923388329,S2-968678232,S2-972087927,S2-976164791,S3-112788250,S3-128471019,S3-148729018,S3-149859375,S3-289060597,S3-290691487,S3-303342810,S3-327227992,S3-3650381,S3-455716193,S3-481524945,S3-584054500,S3-589820144,S3-600731837,S3-615364908,S3-620982012,S3-652741908,S3-669147762,S3-676361604,S3-690249408,S3-71263804,S3-721010933,S3-731571724,S3-755713848,S3-868449233,S3-896067596,S3-906847318,S3-965387700,S3-965500437,S3-975420755
S1-848293840	S2-450958034,S2-526150319,S2-591355747,S2-642789912,S2-676952571,S2-679649998,S2-687558721,S2-714421465,S2-779233418,S2-812367477,S2-903215840,S2-959309242,S2-959486516,S2-988881841,S3-18697950,S3-200269765,S3-235310721,S3-266810140,S3-270115458,S3-277545522,S3-303955154,S3-310530337,S3-404091164,S3-495878303,S3-670384472,S3-671659468,S3-752039999,S3-820040776,S3-841358941,S3-975362936,S3-976990015
S1-17003766	S2-13072938,S2-20384361,S2-220733207,S2-271216549,S2-374592785,S2-399569338,S2-452245743,S2-496644700,S2-513891007,S2-54766623,S2-571936974,S2-593265234,S2-60077309,S2-602104513,S2-604171826,S2-61011233,S2-631766640,S2-712408237,S2-790145633,S2-790883248,S2-795294841,S2-795638586,S2-816390814,S2-817651527,S2-876091225,S2-886036522,S2-887500281,S2-896679036,S2-920659605,S2-940240220,S3-174497076,S3-213603178,S3-215207580,S3-226788061,S3-233941087,S3-235024831,S3-280541618,S3-281302626,S3-302566298,S3-369941843,S3-398336588,S3-43056314,S3-455546969,S3-489941683,S3-496774869,S3-553672269,S3-554085780,S3-554700151,S3-679576003,S3-695482562,S3-752929433,S3-845445437,S3-868927600,S3-871839251,S3-908813509,S3-909444108,S3-921850387,S3-960889502,S3-963392613,S3-981683052
S1-915512126	S2-126866806,S2-139072103,S2-169327819,S2-171860199,S2-192218535,S2-202714382,S2-223078323,S2-230862542,S2-255162046,S2-257596270,S2-301565437,S2-314647067,S2-355219684,S2-3760067,S2-382977969,S2-445727535,S2-519712884,S2-549142246,S2-555852713,S2-600308522,S2-663087199,S2-708375431,S2-743113214,S2-834212877,S2-862603836,S2-873991226,S2-891187116,S2-899677397,S2-920255470,S2-963416349,S3-103613432,S3-120242548,S3-152812886,S3-176140138,S3-186730785,S3-194194986,S3-243625187,S3-290471817,S3-323138953,S3-351254036,S3-426963081,S3-481562608,S3-526619833,S3-527513961,S3-529711641,S3-558387098,S3-600174308,S3-632443334,S3-64294649,S3-706864310,S3-748803511,S3-802916437,S3-829610756,S3-893870435,S3-930605904,S3-954921169,S3-963905756,S3-969380595,S3-984330455,S3-984380820
S1-901504091	S2-142407393,S2-327054519,S2-500369573,S2-647474411,S2-667819447,S2-830322832,S2-910770936,S3-283603562,S3-309654028,S3-383490660,S3-491749691,S3-688950630,S3-762554889,S3-830374061,S3-875740207,S3-921566055
S1-724741475	S2-155098931,S2-855144355,S3-266723478,S3-390632769
S1-851421910	S2-168797352,S2-422709661,S2-769094735,S3-447099211,S3-532090205,S3-621674575,S3-658367696,S3-749521376,S3-994781915
S1-430298053	S2-106401301,S2-145998122,S2-154331298,S2-201350696,S2-218142604,S2-248489126,S2-255182968,S2-261227768,S2-339710765,S2-344234288,S2-352406402,S2-365487618,S2-390561860,S2-393133386,S2-398155221,S2-461164343,S2-49163624,S2-52395158,S2-546106962,S2-601147209,S2-658010753,S2-661785406,S2-697767618,S2-713305498,S2-747285616,S2-773793813,S2-872960208,S2-898823100,S2-950008313,S2-950379911,S3-13451122,S3-166126388,S3-216677276,S3-253675706,S3-2548343,S3-284357509,S3-348303420,S3-354726222,S3-379060790,S3-423959187,S3-507401791,S3-528308914,S3-530713998,S3-547835995,S3-561427792,S3-586684390,S3-586928900,S3-595114725,S3-631774312,S3-635555030,S3-641592418,S3-690334590,S3-770472534,S3-819519521,S3-862306746,S3-888019218,S3-893696149,S3-912082547,S3-937901603,S3-949779787
S1-307277652	S2-106815748,S2-191930918,S2-204515981,S2-236207329,S2-45274797,S2-527344129,S2-529661215,S2-538714987,S2-546977368,S2-574787149,S2-596117104,S2-694136757,S2-698599492,S2-853759155,S3-172495431,S3-239704871,S3-257367928,S3-32838283,S3-408480510,S3-444438824,S3-529913709,S3-644753079,S3-654895349,S3-66707325,S3-679569488,S3-694324463,S3-718563156,S3-804100867,S3-838375614
S1-503010787	S2-129610793,S2-135162402,S2-170461868,S2-258651120,S2-267939762,S2-276472187,S2-312247716,S2-324912300,S2-329246808,S2-354016815,S2-35444403,S2-374859930,S2-379453457,S2-41158493,S2-458534976,S2-46283656,S2-463734833,S2-492182681,S2-59058406,S2-660608963,S2-76770464,S2-799850185,S2-821901981,S2-878293594,S2-890863128,S2-911694577,S2-940099450,S2-94738121,S2-971676011,S2-995177016,S3-132017364,S3-197602895,S3-254961579,S3-278094677,S3-321926534,S3-347699942,S3-364335622,S3-382307243,S3-398324668,S3-488501826,S3-537857795,S3-539084269,S3-567045112,S3-580829153,S3-609204819,S3-624969773,S3-651638639,S3-651819506,S3-668532706,S3-68482712,S3-716255127,S3-754946690,S3-767651615,S3-775485441,S3-808241913,S3-820059074,S3-835210036,S3-863635504,S3-871786076,S3-942039473
S1-520627257	S2-152861711,S2-152977372,S2-187459155,S2-193894796,S2-200039070,S2-397703006,S2-455713741,S2-475738390,S2-491679738,S2-500121507,S2-502851758,S2-564887545,S2-584348442,S2-644814953,S2-684194879,S2-692480162,S2-699396652,S2-703205521,S2-739484291,S2-803768291,S2-804054714,S2-849372559,S2-924506447,S2-99761422,S3-128047088,S3-135417787,S3-180021030,S3-190413374,S3-196357764,S3-212241484,S3-214382034,S3-269615569,S3-301364026,S3-32399428,S3-425184281,S3-472071201,S3-483752708,S3-712582148,S3-754150775,S3-767420866,S3-813509743,S3-879756439,S3-91000313,S3-931650814
S1-667272642	S2-16159243,S2-187119816,S2-19491618,S2-196613960,S2-210541593,S2-290234860,S2-32220294,S2-357355320,S2-389511594,S2-41086033,S2-423593644,S2-447125532,S2-44835499,S2-45193904,S2-468427870,S2-490376970,S2-515238264,S2-516243741,S2-555124789,S2-565876285,S2-580022545,S2-605726696,S2-671788102,S2-773039891,S2-783703941,S2-787505835,S2-797513918,S2-802095609,S2-847014050,S2-9193468,S3-126882943,S3-171168270,S3-177120990,S3-200395450,S3-25098882,S3-288436621,S3-309194877,S3-316030503,S3-318683937,S3-414036886,S3-46440014,S3-503895482,S3-523854721,S3-53342012,S3-592484027,S3-594934372,S3-606128236,S3-648942348,S3-676307816,S3-69037052,S3-696077585,S3-712916909,S3-734747152,S3-772390952,S3-773498036,S3-809998768,S3-827611030,S3-878324708,S3-900286246,S3-999335317
S1-827961773	S2-109475080,S2-118930408,S2-122912746,S2-226829418,S2-238651727,S2-302325605,S2-33091930,S2-34625510,S2-434334780,S2-460275214,S2-53910799,S2-559930223,S2-606677090,S2-610464037,S2-614356206,S2-674204025,S2-701797101,S2-70667132,S2-746225108,S2-751248325,S2-776909608,S2-816319601,S2-845220453,S2-854245471,S2-916382009,S2-928583487,S2-951056539,S2-964723743,S2-965689853,S2-975330333,S3-136254372,S3-162299053,S3-179349273,S3-211776081,S3-30398177,S3-317519482,S3-335214731,S3-3481074,S3-389570695,S3-408992093,S3-418202986,S3-440336078,S3-502243009,S3-612097075,S3-652775371,S3-73276623,S3-735347237,S3-785082684,S3-786437274,S3-802359811,S3-823980320,S3-847475784,S3-854082753,S3-884133283,S3-885169937,S3-909573987,S3-911967163,S3-952551885,S3-987101691,S3-990451905
S1-255349799	
S1-418524279	S2-346911756,S2-755191388,S3-19393151
S1-661144640	S2-106267308,S2-130049071,S2-173792935,S2-188431980,S2-219544417,S2-278302346,S2-358645356,S2-387772684,S2-424926753,S2-501549925,S2-542903882,S2-575683703,S2-603042874,S2-607459380,S2-624396663,S2-646331583,S2-646474961,S2-6478217,S2-740493609,S2-746189889,S2-757916495,S2-781526354,S2-783084312,S2-804417249,S2-852331056,S2-853074082,S2-88226320,S2-969622919,S2-973467948,S2-98448004,S3-114323874,S3-130757953,S3-173107590,S3-17986080,S3-205437975,S3-230425600,S3-24856308,S3-298316500,S3-310364655,S3-317872670,S3-320970245,S3-380143738,S3-412709522,S3-447693358,S3-484020709,S3-503953082,S3-548414790,S3-569021427,S3-651052543,S3-657583282,S3-71041830,S3-739866964,S3-787566834,S3-80901252,S3-850293130,S3-871325588,S3-884367307,S3-888110272,S3-946175367,S3-999578486
S1-892745196	S2-172985370,S2-555150947,S2-676306549,S2-807384967,S3-257444844,S3-530232127
S1-751409146	S2-747989581,S3-229628380,S3-864009858
S1-13506955	S2-182444364,S2-392111428,S2-462737651,S2-730414002,S3-15538613,S3-359760971,S3-423423316,S3-569334834
S1-262020943	S2-111981790,S2-326037526,S2-407399608,S2-442257188,S2-630433960,S2-731518746,S2-878054722,S2-884037093,S2-911732121,S3-261700922,S3-337711182,S3-470732181,S3-568528219,S3-68980950,S3-720895600,S3-772564374,S3-930636924,S3-999452611
S1-746909581	S2-100646251,S2-136624887,S2-182670751,S2-187027619,S2-198796683,S2-262382697,S2-325281858,S2-331636802,S2-363112530,S2-375983485,S2-396538001,S2-419967344,S2-454489971,S2-495839005,S2-550646398,S2-78491524,S2-825981171,S2-829588185,S2-850087404,S2-903332931,S2-931225252,S2-934931127,S3-118838274,S3-119867136,S3-15641244,S3-172377429,S3-22079316,S3-332410257,S3-338475025,S3-348235277,S3-363021823,S3-369857412,S3-375916210,S3-405275181,S3-456726063,S3-489375143,S3-500142529,S3-510578990,S3-520105584,S3-547192538,S3-573177972,S3-628765663,S3-671244688,S3-684572453,S3-719729437,S3-726394782,S3-755516130,S3-842232897,S3-926132769,S3-950215185,S3-958314883,S3-975106526
S1-481776787	S2-22325404,S2-26212339,S2-398377868,S2-416773125,S2-598849159,S2-60518331,S2-98672053,S3-10658650,S3-132578443,S3-135875221,S3-266916071,S3-278738918,S3-422842423,S3-553436769,S3-575331854
S1-870654726	S2-1671300,S2-170798964,S2-187098698,S2-205096256,S2-206745051,S2-216335918,S2-222054510,S2-300118232,S2-31861411,S2-43887745,S2-48238496,S2-533458095,S2-604842368,S2-638529988,S2-645405046,S2-688950564,S2-71563663,S2-721834945,S2-724936565,S2-72900783,S2-763302796,S2-770923152,S2-80585196,S2-819039716,S2-846567749,S2-865861400,S2-873845431,S2-914453972,S2-927675723,S2-990747706,S3-118006416,S3-135907540,S3-155766816,S3-17111465,S3-171252584,S3-207500427,S3-317400827,S3-328415569,S3-351262346,S3-395910015,S3-419175118,S3-429865650,S3-457899935,S3-465700142,S3-494494562,S3-566727517,S3-578134072,S3-628637433,S3-706627922,S3-710033684,S3-71029008,S3-722637766,S3-727066040,S3-727565002,S3-739913287,S3-743431889,S3-764617992,S3-862817213,S3-933255338,S3-974000051
S1-459183905	S2-118263526,S2-131918430,S2-167627965,S2-184052755,S2-235998446,S2-296685026,S2-314676189,S2-362353809,S2-409126818,S2-500619806,S2-505258617,S2-53504203,S2-559484273,S2-567340177,S2-620391764,S2-620651644,S2-642625113,S2-6708866,S2-67791819,S2-689526947,S2-799820141,S2-806905838,S2-830212852,S2-838616159,S2-9085980,S2-918123919,S2-940849,S3-216123505,S3-242248761,S3-253953279,S3-267984242,S3-304983040,S3-327869671,S3-493107236,S3-536203882,S3-540826304,S3-543237146,S3-569254637,S3-569813733,S3-595570485,S3-65202925,S3-697647839,S3-726829403,S3-78994029,S3-804939521,S3-860286374,S3-880941109,S3-962267189
S1-782456413	S2-171354758,S2-181555927,S2-214460444,S2-230616954,S2-272813285,S2-306366601,S2-340071620,S2-371870981,S2-375032154,S2-384532972,S2-410607298,S2-419230768,S2-423686327,S2-460158323,S2-485945567,S2-648256540,S2-650698727,S2-681786454,S2-696012644,S2-700673337,S2-709728793,S2-73803971,S2-739305581,S2-756708594,S2-763846668,S2-818660802,S2-826033871,S2-847346380,S2-913683040,S2-917600381,S3-115234692,S3-145985930,S3-149641226,S3-186728732,S3-197513755,S3-237134645,S3-249835432,S3-282487204,S3-359341775,S3-455038880,S3-567755892,S3-574687539,S3-629909739,S3-649197395,S3-660579230,S3-666014698,S3-671272298,S3-673761791,S3-70118448,S3-768366356,S3-786579146,S3-792293065,S3-811073018,S3-829338392,S3-837531760,S3-846239706,S3-869800694,S3-897186715,S3-911882013,S3-956793999
S1-687813152	S2-263413207,S2-679848430,S3-798873468
S1-528962373	S2-323502734,S3-542715889,S3-852755304
S1-133484055	S2-108381409,S2-211962563,S2-260511,S3-834401847
S1-784673398	S3-72841455
S1-162954117	S2-125022559,S2-835102949,S2-866150247,S3-103056077,S3-724395502,S3-853044827
S1-547053441	S2-441498593,S2-791288454,S3-353412449,S3-367265481
S1-302536542	S3-142831455,S3-323575487,S3-46571457
S1-457601305	S2-201228330,S2-268615095,S2-554110752,S2-596541566,S2-664549436,S2-673136247,S2-97844374,S3-357355808,S3-670767843,S3-730458680,S3-880101007,S3-995024906
S1-488635826	S2-730208756
S1-349698918	S3-5371667,S3-748902866
S1-72706873	S2-133908356,S2-162349219,S2-176187828,S2-200855721,S2-254553616,S2-335437567,S2-338052598,S2-347578164,S2-508243081,S2-53240847,S2-559436730,S2-620903931,S2-66478152,S2-734632450,S2-802278429,S2-809366600,S2-860775131,S2-930399713,S2-938300722,S2-940804644,S2-941760853,S3-208947828,S3-263078882,S3-386236103,S3-433527943,S3-448124951,S3-490781512,S3-565647,S3-72404641,S3-82233043,S3-842914143,S3-980367481
S1-78029452	S2-703379046,S3-549161197
S1-717385838	S2-536177093,S3-552629774
S1-11379912	S2-303691216,S2-635303118,S2-750720584,S3-485744950,S3-680233461
S1-655700316	S3-428223938,S3-773811662,S3-805064781,S3-839238856
S1-484349079	S3-600765030,S3-601415960,S3-640758795
S1-595486290	S2-184142718,S2-229398976,S2-370883484,S2-40074615,S2-47930426,S2-510748973,S2-543385130,S2-545111881,S2-635211826,S2-882802417,S2-89801568,S2-986892630,S3-443936577,S3-5275619,S3-786986951,S3-840136641,S3-887560487,S3-955613509
S1-889012090	S2-620204661,S3-358512104
S1-748500004	S2-165335827,S2-268086791,S2-306723102,S2-312706641,S2-412627450,S2-625135347,S3-109772059,S3-120413705,S3-306320366
S1-587404171	S2-825215682,S2-993678325,S3-112184950,S3-204572676,S3-22819916,S3-624491455,S3-997355135
S1-986604838	S3-547786917,S3-602859470,S3-86396304,S3-948858105
S1-766408899	S2-183870356,S2-241671519,S2-735826422,S2-749107195,S2-878765282,S3-511671119,S3-765826338,S3-851195974,S3-886695504
S1-507163415	S2-112442394,S2-175948452,S2-212617006,S2-222304285,S2-227805812,S2-279370049,S2-293249103,S2-333177312,S2-341971723,S2-358332087,S2-446263,S2-453728390,S2-478917937,S2-52718497,S2-533427707,S2-536603957,S2-553690821,S2-562931335,S2-565529238,S2-580127392,S2-651390234,S2-718621618,S2-771426218,S2-788917958,S2-864984030,S2-869208029,S2-882345730,S2-955508234,S2-955628052,S2-977989561,S3-122031125,S3-163357593,S3-191405280,S3-201947757,S3-237230857,S3-260245693,S3-265194932,S3-270850290,S3-326457791,S3-336130754,S3-411341443,S3-434470859,S3-441136867,S3-450876119,S3-461615769,S3-529393325,S3-65028435,S3-651798080,S3-652091801,S3-660244635,S3-75693388,S3-780758410,S3-847353706,S3-863901269,S3-90839627,S3-949548539,S3-95637693,S3-972360710,S3-985266984,S3-997305958
S1-873761236	S2-13236237,S2-149298818,S2-155736647,S2-160171184,S2-171137931,S2-197152151,S2-24981856,S2-256697184,S2-339023998,S2-340277297,S2-342012988,S2-401656999,S2-413752377,S2-423797820,S2-449744990,S2-498004245,S2-538408685,S2-546060327,S2-548073650,S2-557517465,S2-649063187,S2-680911757,S2-690447080,S2-708420390,S2-733889852,S2-757009186,S2-773415118,S2-816389600,S2-834075050,S2-973613043,S3-116313512,S3-121279498,S3-137306175,S3-146919664,S3-276705233,S3-307532828,S3-330868190,S3-399571313,S3-404051048,S3-447927012,S3-459202572,S3-479259215,S3-508721743,S3-572589447,S3-580134640,S3-591394976,S3-632923495,S3-648025029,S3-652151964,S3-666730120,S3-725846625,S3-733131341,S3-744122596,S3-790726799,S3-827297363,S3-852715257,S3-903727778,S3-958016046,S3-978983100,S3-997978876
S1-655802552	S2-112263683,S2-661143069
S1-327983313	S2-120858902,S2-128635375,S2-132914836,S2-166412812,S2-169510186,S2-190755521,S2-19926658,S2-232100333,S2-244788952,S2-286518058,S2-293345920,S2-316287932,S2-359606381,S2-360726078,S2-399178943,S2-42404655,S2-43221303,S2-447988261,S2-466354920,S2-531687591,S2-544975053,S2-582963147,S2-673382313,S2-726821416,S2-75585483,S2-763447169,S2-805374540,S2-832110415,S2-873019401,S2-94889371,S3-105421080,S3-106858408,S3-147030553,S3-216263982,S3-218436657,S3-223034991,S3-242222329,S3-36639118,S3-366595479,S3-400894612,S3-43393417,S3-459859098,S3-465364917,S3-477156452,S3-505353387,S3-554386160,S3-656629121,S3-659874109,S3-730678597,S3-733607511,S3-76562507,S3-818934693,S3-825839326,S3-860963816,S3-878917073,S3-893366515,S3-906765917,S3-931773031,S3-987989908,S3-994183822
S1-77383698	S2-124773017,S2-18373037,S2-184312863,S2-220248812,S2-271369594,S2-299061023,S2-29942664,S2-332740451,S2-332864044,S2-34145552,S2-374086598,S2-375564096,S2-398745325,S2-436166920,S2-456514313,S2-475822291,S2-517286309,S2-53301658,S2-600711299,S2-670162547,S2-692842245,S2-701271844,S2-744098365,S2-842678300,S2-873367081,S2-885493859,S2-920233858,S2-973743367,S2-974127737,S2-98712145,S3-123801729,S3-227972985,S3-242645790,S3-265050748,S3-268397330,S3-307160727,S3-310143925,S3-358249200,S3-389986568,S3-509033058,S3-532248119,S3-605923847,S3-633301761,S3-633899794,S3-647541936,S3-65006793,S3-728770865,S3-742213830,S3-758642080,S3-76144293,S3-785919525,S3-787991253,S3-803349000,S3-824779716,S3-834841989,S3-849510245,S3-876629945,S3-912771011,S3-929042212,S3-962476976
S1-273531258	S2-113912359,S2-278520391,S2-297175497,S2-319598395,S2-365040474,S2-379460481,S2-402488377,S2-43589409,S2-441633531,S2-456946599,S2-480858390,S2-527041976,S2-609026368,S2-653011124,S2-693997806,S2-702306806,S2-704125796,S2-724973869,S2-766491779,S2-770299488,S2-799105459,S2-808235697,S2-829113187,S2-837564048,S2-848572736,S2-863533255,S2-868336838,S2-885938343,S2-965446183,S2-975995587,S3-101114963,S3-120141245,S3-170531435,S3-208758854,S3-245423325,S3-305731783,S3-336823633,S3-347021874,S3-368562863,S3-382748115,S3-388045759,S3-402995535,S3-413836577,S3-452149972,S3-458962402,S3-46237845,S3-518429555,S3-525666326,S3-538688199,S3-544818526,S3-554055890,S3-5912818,S3-691190284,S3-69225317,S3-706597682,S3-743074912,S3-751478972,S3-794020782,S3-859443267,S3-922074555
S1-772535560	S3-741089434
S1-598136304	S2-121077215,S2-142442497,S2-150693465,S2-210380305,S2-220248377,S2-24649609,S2-25956797,S2-271033152,S2-281200187,S2-391871941,S2-450695530,S2-494680191,S2-495281436,S2-5035931,S2-511268874,S2-542879248,S2-574628193,S2-607371300,S2-619561706,S2-63519099,S2-713780682,S2-727034293,S2-739693858,S2-756676910,S2-782043121,S2-820889661,S2-876244297,S2-924320411,S2-949987843,S2-997411028,S3-111396226,S3-120719564,S3-175055348,S3-306846096,S3-34080232,S3-3586495,S3-380392590,S3-403155566,S3-477726544,S3-493767684,S3-499959266,S3-542504868,S3-555277393,S3-560559230,S3-587044720,S3-588308935,S3-666962635,S3-667461515,S3-718650140,S3-744590153,S3-767787306,S3-793032122,S3-797393404,S3-846896901,S3-871498567,S3-875453991,S3-909250764,S3-937782089,S3-947599295,S3-963783311
S1-789788578	S2-102921303,S2-105812232,S2-113522455,S2-115141872,S2-248226173,S2-267874461,S2-323265913,S2-343182053,S2-371441530,S2-450395183,S2-455738093,S2-470418529,S2-472800000,S2-481240786,S2-522864882,S2-535403281,S2-56431115,S2-628739702,S2-643193293,S2-649497159,S2-682754897,S2-724255369,S2-783899028,S2-83113427,S2-868696950,S2-870217695,S2-875408202,S2-923377939,S2-986499719,S2-99794902,S3-132953562,S3-135621919,S3-137390923,S3-162669247,S3-176332140,S3-193753795,S3-24178350,S3-261694985,S3-280837906,S3-324332811,S3-326069636,S3-365075498,S3-390329777,S3-407638622,S3-413641143,S3-437115305,S3-499075462,S3-541635997,S3-580099090,S3-624140475,S3-647119104,S3-684596208,S3-689134382,S3-726920814,S3-751920209,S3-78509391,S3-8018445,S3-882744364,S3-917634134,S3-959484988
S1-346777444	S2-294566666,S2-555447790,S2-896463322,S3-538156079
S1-544222533	S2-172430353,S2-265295530,S2-334403681,S2-627986347
S1-493959729	S2-295333234,S2-426738517,S2-708016399,S2-783248567,S3-10541719,S3-215804279,S3-773383671,S3-808658923,S3-969524516
S1-430462466	S2-182416637,S2-256760235,S2-315261997,S2-343265896,S2-378593078,S2-405449005,S2-457211950,S2-492272433,S2-520700536,S2-550164415,S2-587773358,S2-60261363,S2-627156224,S2-657328799,S2-659029253,S2-684545935,S2-708296860,S2-711424329,S2-718816219,S2-754522704,S2-776525602,S2-864290281,S2-873269957,S2-894805892,S2-902329109,S2-964867476,S2-965455871,S2-975675632,S2-985191515,S2-988333000,S3-161630476,S3-207127313,S3-242512847,S3-262896638,S3-302929983,S3-305215557,S3-343175253,S3-34754547,S3-384912287,S3-39519021,S3-443189784,S3-45244293,S3-467266858,S3-479932491,S3-511085356,S3-519139402,S3-538698731,S3-580744079,S3-637285683,S3-657478829,S3-6809128,S3-689559024,S3-709984474,S3-766730508,S3-808086268,S3-829792118,S3-877198460,S3-889375831,S3-920910508,S3-923905073
S1-792204527	S2-10800854,S2-1417708,S2-157559915,S2-165994592,S2-211138478,S2-218136780,S2-239133797,S2-268680889,S2-353314239,S2-441189665,S2-441842324,S2-541078555,S2-603793206,S2-611070254,S2-681918291,S2-690160216,S2-700393332,S2-704428747,S2-74568166,S2-750794552,S2-894981615,S2-949800176,S2-966878208,S2-971896387,S2-985868611,S3-120718207,S3-122510249,S3-129541665,S3-156444771,S3-172439404,S3-185879249,S3-238318259,S3-266597180,S3-285199294,S3-30423221,S3-342863932,S3-343052616,S3-379791964,S3-425742273,S3-453716851,S3-522668922,S3-557710276,S3-622838759,S3-66277986,S3-680455758,S3-68548752,S3-695294751,S3-699569851,S3-735747128,S3-753863908,S3-777113334,S3-849084560,S3-850116020,S3-858777227,S3-859049388
S1-788563249	S2-223451584,S2-404843583,S2-651454049,S2-805916277,S2-830511632,S3-136073159,S3-144332825,S3-256835351,S3-307943806,S3-338713702,S3-589492252,S3-875372938
S1-198662647	S2-264873064,S2-382638596,S2-563519603,S2-577461316,S2-736672226,S2-752711646,S3-373056083,S3-696423070,S3-802060967,S3-835957894
S1-431137009	S2-257329335,S2-302568545,S2-374076548,S2-446784933,S2-458917662,S2-615119950,S2-714374995,S2-904336126,S2-977418298,S3-101301894,S3-123194876,S3-128547853,S3-128549012,S3-149023804,S3-153000541,S3-157648397,S3-181147258,S3-183109947,S3-226825490,S3-383791259,S3-583213318,S3-825126832,S3-893929720,S3-946294143,S3-971105443,S3-971332713,S3-990888405,S3-994567414
S1-22335277	S3-276456431,S3-888944724
S1-291584542	S2-127105681,S2-277103453,S2-302644104,S2-317460097,S2-319548237,S2-326901461,S2-33124235,S2-346373560,S2-350538004,S2-377700800,S2-409482328,S2-419412370,S2-434483313,S2-439541378,S2-451528191,S2-473900133,S2-567040030,S2-572865748,S2-607567041,S2-639414013,S2-652901209,S2-65412671,S2-667256394,S2-730982665,S2-742119263,S2-742717261,S2-745954676,S2-778243137,S2-879980902,S2-890591494,S3-118258957,S3-16090599,S3-200754014,S3-229187112,S3-343665971,S3-36926021,S3-373767515,S3-398085099,S3-448933768,S3-463155949,S3-56287824,S3-610749220,S3-622665623,S3-623027545,S3-661281103,S3-682148826,S3-696376230,S3-704406473,S3-716027955,S3-732842023,S3-743106880,S3-784822461,S3-809073853,S3-815478455,S3-825199092,S3-829102889,S3-896274808,S3-926549661,S3-940399823,S3-974453310
S1-556611862	S2-133093577,S2-17412264,S2-204135404,S2-231139807,S2-277109478,S2-311470752,S2-316271522,S2-348429997,S2-358350819,S2-502954018,S2-508382081,S2-558037687,S2-577997106,S2-590554903,S2-592681375,S2-622827265,S2-64758,S2-65377163,S2-65531791,S2-678109219,S2-687825513,S2-731113823,S2-743643286,S2-797564025,S2-859697772,S2-914438266,S2-918018850,S2-926548943,S2-941935873,S2-988505090,S3-102718304,S3-137346353,S3-170134270,S3-210018080,S3-25259110,S3-255545963,S3-267857530,S3-288789074,S3-302359345,S3-347698092,S3-359129870,S3-362714590,S3-532815400,S3-534122588,S3-536591269,S3-554668675,S3-567035210,S3-56801415,S3-585833715,S3-622378724,S3-65366889,S3-737713770,S3-738456539,S3-761247391,S3-868896739,S3-878263362,S3-880062677,S3-916955043,S3-933552149,S3-956380299
S1-32767080	S3-132323777,S3-249785537,S3-553223448,S3-976632560
S1-242691036	S3-499010275,S3-60416518
S1-770890247	S2-109399569,S2-125324947,S2-175879625,S2-208102230,S2-215709532,S2-236621980,S2-247802794,S2-256866057,S2-284919106,S2-297822930,S2-358297791,S2-373265852,S2-379650876,S2-398806464,S2-401360062,S2-428725695,S2-431451429,S2-451438990,S2-462898048,S2-471225541,S2-611220260,S2-725476898,S2-74519345,S2-829519279,S2-87583785,S2-890574769,S3-101025510,S3-108233171,S3-241481473,S3-255843071,S3-27266698,S3-326982087,S3-329637446,S3-343310523,S3-349095583,S3-370617492,S3-376305803,S3-381737239,S3-454131051,S3-456414074,S3-462026663,S3-470587024,S3-511657614,S3-532415772,S3-541011224,S3-570122264,S3-615737791,S3-62907429,S3-659582719,S3-668528364,S3-765026825,S3-860921657,S3-867557617,S3-903254614,S3-90422614,S3-931562589
S1-276402071	S2-212775286,S2-228930010,S2-253791054,S2-255703990,S2-290161050,S2-290933779,S2-308174085,S2-391561875,S2-430660114,S2-434713728,S2-492242217,S2-51804048,S2-699513126,S2-69985577,S2-718512042,S2-744945916,S2-81524233,S2-962401340,S2-96999826,S2-984963061,S3-121982291,S3-271521650,S3-286516942,S3-430173784,S3-567877126,S3-680356225,S3-763288631,S3-818311854,S3-892131660,S3-987023388,S3-991121366
S1-936869465	S2-211051743,S2-876971794,S3-900482090
S1-201994316	S2-348615551,S2-629267940,S2-9398298,S3-195593554
S1-905520099	S2-178034510,S2-183161844,S2-232731403,S2-269278717,S2-270344958,S2-289938227,S2-296136331,S2-31123646,S2-333114042,S2-335146894,S2-350279499,S2-363423679,S2-405004300,S2-417251628,S2-48772498,S2-524557706,S2-524641991,S2-537372976,S2-541199059,S2-591108790,S2-592618808,S2-627336470,S2-645258225,S2-653249895,S2-655307195,S2-701282610,S2-737716400,S2-829418017,S2-883111569,S2-905983905,S3-163547807,S3-190753818,S3-191865369,S3-208559527,S3-250255362,S3-296004735,S3-298764077,S3-337301586,S3-351588354,S3-373529384,S3-417581230,S3-434244135,S3-451806097,S3-479379791,S3-518103311,S3-528188605,S3-568291087,S3-615815782,S3-620371955,S3-6315080,S3-631944229,S3-678257761,S3-713274107,S3-789116734,S3-84711678,S3-860412361,S3-862620606,S3-894448115,S3-934787489,S3-976013071
S1-766655509	S2-14965784,S2-151082852,S2-801110189,S2-801417839,S2-873634827,S3-768527265
S1-415414688	S2-130620836,S2-170790925,S2-203292911,S2-215515720,S2-239804731,S2-249532140,S2-274477806,S2-312146432,S2-316560562,S2-320023548,S2-344597198,S2-347319576,S2-360317655,S2-418704809,S2-455469223,S2-460275468,S2-526094862,S2-554900307,S2-57848760,S2-61175736,S2-638781768,S2-643137611,S2-679193683,S2-682575805,S2-685789977,S2-733139849,S2-850736153,S2-87767773,S2-911868153,S2-998997757,S3-118283362,S3-146606940,S3-217959736,S3-22850304,S3-301411503,S3-323671356,S3-351215890,S3-354201679,S3-3668140,S3-396522498,S3-402391613,S3-417273663,S3-421488472,S3-42695508,S3-440825003,S3-470467054,S3-597926135,S3-617189859,S3-623132408,S3-638308593,S3-642995927,S3-701009064,S3-713026156,S3-795112120,S3-797017397,S3-911556834,S3-925499753,S3-95183465,S3-960432845,S3-981213796
S1-133928599	S2-168720522,S3-157372672,S3-176102746,S3-64705216
S1-871112769	S2-11399040,S2-117641198,S2-140967971,S2-148202605,S2-163482461,S2-175532277,S2-186323318,S2-259959264,S2-268677405,S2-276975445,S2-286986058,S2-323942240,S2-324546780,S2-347317037,S2-407640725,S2-428767073,S2-514477715,S2-554171228,S2-554948128,S2-573403688,S2-585256617,S2-642379815,S2-690072954,S2-743611656,S2-752039767,S2-798366757,S2-806978517,S2-828902755,S2-883799231,S2-927902449,S3-1800524,S3-185089796,S3-215945113,S3-23518063,S3-239466939,S3-274269512,S3-283321042,S3-396522781,S3-409311833,S3-410825685,S3-436224263,S3-445918388,S3-492131586,S3-508772895,S3-513911171,S3-584614505,S3-640765698,S3-650753324,S3-674755686,S3-710714509,S3-734973628,S3-739591793,S3-739983457,S3-744251626,S3-769885102,S3-801458660,S3-813037581,S3-839414204,S3-855928482,S3-900112055
S1-948985690	S3-435297936
S1-653149647	S2-106195670,S2-592481835,S2-771594640,S3-654181378
S1-657251225	S2-241549173,S2-247810166,S2-496973392,S2-594468284,S2-596659951,S2-789265863,S2-911102732,S2-950311438,S3-136932318,S3-266963478,S3-481067237,S3-504867016,S3-564821851,S3-645637825,S3-709721988,S3-80878166,S3-856645107
S1-244474490	S2-727934623,S2-850711259,S3-572464947,S3-706227830
S1-857992844	S2-293613144,S2-3663672,S2-383169784,S3-159487450,S3-535290704,S3-996390266
S1-197043206	S2-122580890,S2-955766080,S3-404963448
S1-269094403	S2-107368403,S2-128700497,S2-131344507,S2-132449128,S2-280702437,S2-343918947,S2-402298906,S2-465183858,S2-58293163,S2-688942662,S2-735208361,S2-789395268,S2-90373986,S2-946158480,S3-118791154,S3-214010531,S3-22150411,S3-234555909,S3-315835824,S3-339388460,S3-395942436,S3-443951609,S3-446765064,S3-547803671,S3-579698598,S3-736613969,S3-820070713,S3-846552806,S3-856439188
S1-355078971	S2-158220659,S2-219605461,S2-440332445,S2-572810902,S2-645990390,S2-967043770,S3-259531664,S3-497658055,S3-724587187,S3-775158205
S1-51627651	S2-119205484,S2-442264775,S2-569326307,S2-623838455,S2-768379176,S2-851327257,S3-16554991,S3-206123643,S3-260944065,S3-265716971,S3-34465365,S3-363499611,S3-418649267,S3-472871635,S3-543808193,S3-552529248,S3-657239673,S3-671478511,S3-791091478,S3-986477165
S1-288364156	S2-195092216,S2-417212461,S2-557232888,S2-650050523,S2-905286611,S3-333229631
S1-500222888	
S1-247274429	S2-132066220,S2-17459568,S2-196832446,S2-214721577,S2-221049414,S2-221197760,S2-225415788,S2-262563610,S2-295736889,S2-380497041,S2-387794429,S2-392868126,S2-421719906,S2-540047467,S2-596642147,S2-613176613,S2-625057904,S2-656092622,S2-665821623,S2-69443638,S2-733274972,S2-734338430,S2-77284909,S2-784353003,S2-814221398,S2-847087823,S2-847964465,S2-885277101,S2-924710304,S2-946140548,S3-148695465,S3-166981519,S3-216225706,S3-245042872,S3-289805477,S3-326331011,S3-355415958,S3-368606627,S3-374614489,S3-404308005,S3-404780772,S3-443756225,S3-482533562,S3-48767569,S3-553297476,S3-584315819,S3-635060960,S3-639580196,S3-663199339,S3-674639267,S3-717965831,S3-726138408,S3-792580432,S3-808440459,S3-824877228,S3-826858859,S3-881862837,S3-903117708,S3-9265558,S3-964122366
S1-260204874	S2-210714924,S2-238070022,S2-294843048,S2-453078100,S2-561162346,S2-643867241,S3-370247968,S3-583023073,S3-622057450,S3-628004208,S3-700255079,S3-718260495,S3-753873158,S3-801819397,S3-8588793,S3-979782572
S1-511066423	S2-129884346,S2-165968415,S2-202471739,S2-21460046,S2-222142936,S2-35671322,S2-402132331,S2-423758792,S2-441283407,S2-471084374,S2-471115064,S2-48403284,S2-498108459,S2-499444405,S2-510300423,S2-544797840,S2-586906846,S2-616893585,S2-667276923,S2-684925412,S2-709434393,S2-715499393,S2-730783754,S2-732395003,S2-740402145,S2-758240444,S2-853993516,S2-877167209,S2-967021284,S2-999648328,S3-109239421,S3-150386205,S3-155905562,S3-173633044,S3-179077959,S3-192557912,S3-201378498,S3-202461697,S3-239898997,S3-281119508,S3-284864815,S3-286491219,S3-370799576,S3-41377615,S3-466250422,S3-499786211,S3-507969585,S3-531726421,S3-636606258,S3-662572115,S3-666091274,S3-694881403,S3-712529867,S3-71838249,S3-776872721,S3-793294865,S3-817140495,S3-878582479,S3-923852506,S3-960156324
S1-605505884	S2-662485283,S2-67625921,S3-365373404,S3-486634272
S1-882791035	S2-362720186,S2-382813849,S2-570829223,S3-188545784,S3-200493710,S3-379034722,S3-550313852,S3-70693846,S3-819724612,S3-917431444
S1-868105169	S2-107504875,S2-11503537,S2-143846518,S2-218163632,S2-220473016,S2-239170560,S2-241219936,S2-251586891,S2-294874898,S2-342551842,S2-370957821,S2-371336532,S2-389856903,S2-489574957,S2-575566511,S2-64172750,S2-643431783,S2-685807230,S2-714856011,S2-748807512,S2-787782827,S2-813495542,S2-851656801,S2-870108200,S2-876413105,S2-880195441,S2-954989037,S2-968505057,S2-97241419,S2-980062058,S3-136619053,S3-151328993,S3-201822629,S3-244208932,S3-256716125,S3-27854110,S3-279392495,S3-281271146,S3-316556421,S3-377262933,S3-406284503,S3-46569040,S3-517882338,S3-523233354,S3-537575276,S3-560752522,S3-584106785,S3-584476136,S3-596783494,S3-607858510,S3-679244020,S3-700658871,S3-704273090,S3-714051990,S3-78271721,S3-850126725,S3-861792472,S3-872589069,S3-928047168,S3-939946379
S1-764707596	S2-130800727,S2-326870890,S2-327663395,S2-356854633,S2-435888234,S2-465597294,S2-608216336,S2-632605804,S2-698096502,S2-920813032,S3-152197289,S3-263102487,S3-523581521,S3-569798907,S3-724232743,S3-759114603,S3-788119338,S3-83954233,S3-925445120
S1-962993818	S2-306242416,S3-88886836
S1-608940471	S3-294522941,S3-630874449
S1-346760887	S2-185599780,S2-197195870,S2-199165348,S2-203978762,S2-216657991,S2-226857063,S2-313881311,S2-329105986,S2-346646180,S2-3510618,S2-390177264,S2-45798437,S2-487731354,S2-499724804,S2-522563067,S2-560655985,S2-574619508,S2-578642884,S2-604472650,S2-616635437,S2-646053924,S2-722911398,S2-774191400,S2-793080947,S2-794623112,S2-837036793,S2-856893245,S2-871113123,S2-892500948,S2-994496519,S3-103999703,S3-117158531,S3-199101477,S3-206024343,S3-22119128,S3-241943445,S3-30186707,S3-317566159,S3-338648125,S3-340059735,S3-439990180,S3-491910694,S3-513900108,S3-543448897,S3-585328061,S3-601522286,S3-603187587,S3-627425206,S3-64018992,S3-65266855,S3-687479405,S3-72195252,S3-733842431,S3-747220594,S3-784209117,S3-78568163,S3-911408838
S1-597621907	S2-154102341,S2-175053202,S2-255751305,S2-26504568,S2-267075596,S2-272162607,S2-358658679,S2-362996817,S2-392757477,S2-393515501,S2-46670087,S2-472172068,S2-49642103,S2-553713141,S2-55803465,S2-563767892,S2-616580888,S2-638624171,S2-698327678,S2-715843529,S2-733708875,S2-759518058,S2-774318228,S2-80340725,S2-851955543,S2-868503922,S2-894414578,S2-963754201,S2-969889600,S2-991903538,S3-103793371,S3-146790502,S3-165473003,S3-183498882,S3-183859457,S3-253379044,S3-272620671,S3-275752315,S3-31909065,S3-349824273,S3-360002235,S3-385013352,S3-387566878,S3-423678713,S3-461635311,S3-503413775,S3-563105145,S3-640411278,S3-671446330,S3-70481214,S3-752935549,S3-791937309,S3-831721372,S3-843747698,S3-887226632,S3-908953890,S3-921703765,S3-952996296,S3-984579310,S3-993994443
S1-36048451	S2-101487164,S2-11457070,S2-131108629,S2-138380106,S2-139562576,S2-143104214,S2-155601369,S2-185948599,S2-189647070,S2-202130645,S2-253039531,S2-261117911,S2-276805666,S2-298171846,S2-387858096,S2-421365608,S2-442109071,S2-500222432,S2-521663773,S2-552650897,S2-578625114,S2-621274270,S2-689848435,S2-693262214,S2-798017737,S2-798518207,S2-809078698,S2-845068783,S2-967948348,S2-990260968,S3-105469687,S3-156895380,S3-191157303,S3-2234016,S3-296389784,S3-362342305,S3-374590209,S3-396676874,S3-407081646,S3-409940639,S3-416594550,S3-423113632,S3-487343323,S3-505992733,S3-532877531,S3-585377340,S3-589715619,S3-612933967,S3-714606815,S3-807704941,S3-816049722,S3-836155420,S3-8426622,S3-854329456,S3-876765903,S3-918009719,S3-927890657,S3-948279061,S3-951242898,S3-961465682
S1-98985291	S2-107818793,S2-113982505,S2-137682173,S2-201792481,S2-371393017,S2-441710447,S2-443352856,S2-448303318,S2-479604805,S2-483618889,S2-492316627,S2-519631132,S2-523653468,S2-547362371,S2-592588046,S2-619738241,S2-625726911,S2-664606982,S2-696083340,S2-708428870,S2-775301593,S2-783528611,S2-815517885,S2-827963961,S2-919235967,S2-928475229,S2-951573019,S2-973623834,S2-985569584,S2-994314403,S3-160607037,S3-170762201,S3-202914360,S3-240216874,S3-302335221,S3-311313266,S3-323007732,S3-356643963,S3-405136309,S3-417516651,S3-423276117,S3-439507273,S3-441974869,S3-589998160,S3-614550741,S3-625125488,S3-648188456,S3-657960503,S3-674338829,S3-70434524,S3-718387383,S3-732840514,S3-744199966,S3-757446962,S3-768846112,S3-796396807,S3-820450981,S3-856746312,S3-958241450,S3-974597054
S1-368908513	S2-132347195,S2-14205507,S2-197240234,S2-226638331,S2-246082217,S2-263456154,S2-282597808,S2-292362122,S2-354310359,S2-356259245,S2-3924004,S2-394803269,S2-403102585,S2-41708488,S2-424633124,S2-470127124,S2-554273093,S2-573728298,S2-580073233,S2-635332582,S2-680813552,S2-685358184,S2-763614996,S2-764347121,S2-789731255,S2-839062117,S2-885708381,S2-886474017,S2-908344989,S2-977428841,S3-236626008,S3-242641835,S3-246442702,S3-286764326,S3-331445232,S3-336258053,S3-447604966,S3-467758626,S3-508359934,S3-54031010,S3-540574456,S3-560875806,S3-619408867,S3-6703175,S3-674163299,S3-68169712,S3-725829546,S3-734787042,S3-735888727,S3-752420778,S3-756648194,S3-780896148,S3-812593908,S3-841776600,S3-852157706,S3-863842170,S3-921762228,S3-99496552,S3-996217197,S3-996964831
S1-504750404	S2-113784153,S2-124382592,S2-188386300,S2-200780983,S2-22109742,S2-245653406,S2-257181702,S2-266062554,S2-283771618,S2-29177544,S2-30704403,S2-328032193,S2-445029061,S2-504591704,S2-504830856,S2-548252509,S2-609938416,S2-625385133,S2-642561216,S2-651293011,S2-661721241,S2-670638231,S2-762118186,S2-779281848,S2-824999428,S2-846057957,S2-849105408,S2-863060233,S2-915993268,S2-979332299,S3-103824200,S3-16686564,S3-204713715,S3-208873093,S3-219448335,S3-232631866,S3-237294800,S3-245542486,S3-283721629,S3-32616681,S3-359217344,S3-382376470,S3-439323692,S3-445977458,S3-499616218,S3-536158787,S3-56919588,S3-597964284,S3-724951335,S3-729619192,S3-741785425,S3-754154132,S3-754223019,S3-759578054,S3-875289926,S3-948828740,S3-952104735,S3-956113272,S3-957263024,S3-984631468
S1-687138169	S2-347711359,S2-418853159,S2-471663883,S3-245298540,S3-672052844,S3-802730094
S1-576111952	S3-372012280,S3-58767697,S3-668880039,S3-722309097
S1-907329636	S2-164279437,S2-209203368,S2-234233670,S2-247738094,S2-251860012,S2-271082339,S2-296749641,S2-31597666,S2-369966392,S2-439078347,S2-461662527,S2-51435294,S2-536374161,S2-638985915,S2-642229031,S2-677883284,S2-711709039,S2-715729108,S2-747588389,S2-792980931,S2-817082510,S2-819219612,S2-829602188,S2-855700277,S2-871909013,S2-876889991,S2-913195122,S2-926387302,S2-989082328,S2-991736902,S3-103139713,S3-126825092,S3-164571937,S3-318930254,S3-331592042,S3-354366431,S3-376456486,S3-390929238,S3-397026716,S3-404281660,S3-407822476,S3-410392259,S3-436177879,S3-462381740,S3-467633729,S3-566065896,S3-576866747,S3-646569779,S3-651000445,S3-653648018,S3-680031472,S3-740168561,S3-79790717,S3-819479857,S3-830404277,S3-872300073,S3-904908845,S3-928825190,S3-957723993,S3-96417441
S1-220372723	S2-293035800,S2-828093962,S3-279850472,S3-383068452,S3-532711059,S3-571670272,S3-615061169,S3-900001562
S1-591377734	S2-127153363,S2-142405450,S2-208245123,S2-212267531,S2-249831262,S2-38045070,S2-388657964,S2-401305102,S2-43634979,S2-450709348,S2-468333434,S2-490226859,S2-549053634,S2-589290897,S2-618470509,S2-635869781,S2-645664810,S2-659901458,S2-669032045,S2-798802263,S2-824380970,S2-886294524,S2-896918536,S2-919157345,S2-923006579,S2-932882925,S2-933256525,S2-976267253,S2-987071882,S2-988803495,S3-133365485,S3-144077867,S3-176451246,S3-2314828,S3-297933783,S3-357179361,S3-400512828,S3-449950275,S3-456443517,S3-473420679,S3-487856921,S3-502770617,S3-518597937,S3-525818989,S3-530149146,S3-602963858,S3-666790003,S3-717663749,S3-718644611,S3-72298432,S3-764689366,S3-805871396,S3-833561410,S3-869085204,S3-895101527,S3-911639901,S3-913032929,S3-935400833,S3-98036590,S3-984220246
S1-915233460	S2-312521509,S3-441561694,S3-916903152
S1-808794467	S2-28494204,S2-961242646,S3-118059626,S3-144816318,S3-194019715,S3-826682281,S3-887429767
S1-119248132	S2-250165246,S2-419050711,S2-649367945,S2-709421799,S3-228716171,S3-250503984,S3-292253412,S3-410239058,S3-870523767,S3-989024758
S1-710758303	S2-182494628,S2-583217668,S2-653826806,S2-77214336
S1-105001584	S2-272302541,S2-539918232,S3-373422047
S1-382212549	S2-212589671,S2-849525643,S2-950810866,S3-162560754,S3-349445112,S3-449912900,S3-534390755
S1-35578091	S2-138378349,S2-154381520,S2-159919211,S2-189096803,S2-205671867,S2-249281635,S2-301649354,S2-339118349,S2-372029152,S2-374914659,S2-393357270,S2-455575563,S2-46439099,S2-512794139,S2-578138524,S2-587556018,S2-682466777,S2-697726052,S2-699053107,S2-724132009,S2-735918153,S2-752164519,S2-793518053,S2-842297787,S2-856935140,S2-885517294,S2-925705131,S2-94793305,S2-956068074,S2-987181656,S3-147347350,S3-151581230,S3-166596189,S3-217378448,S3-225928722,S3-281658716,S3-38521009,S3-389304208,S3-468189050,S3-471878669,S3-531165454,S3-531632555,S3-559526047,S3-564479518,S3-573475673,S3-587334242,S3-595179603,S3-605232236,S3-685710670,S3-72800679,S3-740855607,S3-759917006,S3-76127367,S3-761899140,S3-770136003,S3-866015100,S3-943673201,S3-951459702,S3-974871500,S3-98437331
S1-34932143	S2-10763075,S2-137177366,S2-154774083,S2-168416079,S2-172520625,S2-181884396,S2-225796705,S2-261408536,S2-271298931,S2-352662087,S2-355036861,S2-39641097,S2-444547260,S2-498279062,S2-55382735,S2-61291987,S2-68655691,S2-695670670,S2-723169508,S2-738843626,S2-745504942,S2-783333970,S2-79699880,S2-825912124,S2-85879392,S2-916037494,S2-938086619,S2-947297874,S2-97006754,S3-121484928,S3-177573969,S3-245149509,S3-246056173,S3-269467174,S3-290277762,S3-305615953,S3-309315578,S3-327756050,S3-327820998,S3-333687667,S3-361672116,S3-37819322,S3-422914512,S3-48336404,S3-507671609,S3-56268900,S3-581485794,S3-621802469,S3-628388354,S3-688931478,S3-695209052,S3-696971994,S3-736239788,S3-760463204,S3-818097567,S3-853435310,S3-936328892,S3-958669898,S3-974656570
S1-545791724	S2-123428143,S2-128657758,S2-129562883,S2-141056034,S2-15589435,S2-241707126,S2-26841231,S2-359594728,S2-378511437,S2-401684692,S2-40237333,S2-420805732,S2-442737535,S2-474998071,S2-56714193,S2-569735180,S2-608323281,S2-617644233,S2-717022609,S2-733348710,S2-770411529,S2-817733378,S2-827458235,S2-870402836,S2-872255509,S2-873323287,S2-880395518,S2-887910928,S2-933008011,S2-966613443,S3-125138626,S3-144712956,S3-149761987,S3-153106741,S3-159574953,S3-181523673,S3-196646349,S3-227279894,S3-243052277,S3-270859347,S3-284359936,S3-294770683,S3-304165165,S3-322690377,S3-323151723,S3-363676471,S3-396639067,S3-413575380,S3-433308058,S3-517850656,S3-590056871,S3-67409028,S3-688615955,S3-720627906,S3-810225856,S3-865715183,S3-926004432,S3-932913861,S3-967800574,S3-97649602
S1-869422569	S2-25719378,S2-263314388,S2-294376474,S2-336023332,S2-597499762,S2-654479474,S2-996492139,S3-327494449,S3-327805350,S3-393820917,S3-543709665,S3-592176332,S3-627823950,S3-673305193,S3-688942711,S3-919592278
S1-844617434	S2-384128151,S2-72439069
S1-488174268	S2-123983853,S2-13097625,S2-205631793,S2-218045178,S2-218784735,S2-218836671,S2-276022167,S2-344044425,S2-350750301,S2-358076888,S2-36146192,S2-369480686,S2-3793080,S2-381535256,S2-439887848,S2-44908592,S2-488665798,S2-522119756,S2-531105800,S2-676144005,S2-729292821,S2-761722209,S2-76665469,S2-805577497,S2-844322488,S2-862435413,S2-867306930,S2-972327024,S2-98396447,S2-986320272,S3-199746966,S3-246494092,S3-258257223,S3-323220024,S3-34565685,S3-412480071,S3-419571221,S3-426289442,S3-452526289,S3-511423969,S3-522227327,S3-53857032,S3-570618235,S3-582538329,S3-629387607,S3-64975983,S3-673564143,S3-707514898,S3-709307418,S3-719991905,S3-754375396,S3-759797145,S3-797752216,S3-814908663,S3-859219312,S3-866373916,S3-887957700,S3-928315072,S3-962334473,S3-99391980
S1-963501196	S2-123894857,S2-24564872,S2-341833977,S2-583878584,S2-751531434,S2-777556006,S2-814991014,S2-929427869,S3-325602287,S3-374805981,S3-444735614,S3-511383369,S3-97951909
S1-531518308	S2-541033204,S2-744729615,S3-935380897,S3-992865752
S1-288588262	S2-101652284,S2-111340717,S2-143060182,S2-144249392,S2-215138116,S2-22835905,S2-338915180,S2-343253966,S2-36764132,S2-471594322,S2-505214118,S2-688547635,S2-753771268,S2-909450131,S2-952864576,S2-983221672,S3-167060828,S3-173720122,S3-2029466,S3-408402814,S3-484175060,S3-540325439,S3-558692409,S3-700656688,S3-813933164,S3-816612993,S3-877072959,S3-880353463,S3-994855240
S1-94665545	S2-132957323,S2-160725961,S2-172743273,S2-174255636,S2-22262054,S2-299678209,S2-340210703,S2-405663518,S2-407110383,S2-433547275,S2-483889486,S2-50421085,S2-528586121,S2-534736883,S2-541214362,S2-583715607,S2-654000930,S2-655698779,S2-743515730,S2-759074837,S2-799737873,S2-8347348,S3-125325744,S3-138069349,S3-156008755,S3-197335675,S3-239195294,S3-239460656,S3-250139015,S3-273236309,S3-372585857,S3-487066968,S3-520155891,S3-522323245,S3-523271833,S3-531026703,S3-539519418,S3-56498014,S3-592177553,S3-719850900,S3-756487847,S3-759615383,S3-781403429,S3-784343432,S3-785369715,S3-813723005,S3-841925644,S3-904503076,S3-954278206,S3-963229776,S3-965227124,S3-973390769
S1-460829054	S2-460644550
S1-817207769	S2-151628700,S2-378131350,S3-408502038,S3-649629409,S3-868130133
S1-923121813	S2-123428143,S2-128657758,S2-141056034,S2-15589435,S2-241707126,S2-26841231,S2-359594728,S2-401684692,S2-40237333,S2-420805732,S2-442737535,S2-474998071,S2-559712947,S2-56714193,S2-569735180,S2-608323281,S2-617644233,S2-717022609,S2-733348710,S2-770411529,S2-817733378,S2-827458235,S2-839370824,S2-870402836,S2-872255509,S2-873323287,S2-880395518,S2-887910928,S2-933008011,S2-966613443,S3-125138626,S3-144712956,S3-149761987,S3-153106741,S3-159574953,S3-181523673,S3-196646349,S3-227279894,S3-243052277,S3-270859347,S3-284359936,S3-294770683,S3-322690377,S3-323151723,S3-359327959,S3-363676471,S3-396639067,S3-413575380,S3-433308058,S3-517850656,S3-590056871,S3-67409028,S3-688615955,S3-720627906,S3-810225856,S3-865715183,S3-926004432,S3-932913861,S3-967800574,S3-97649602
S1-937797030	S2-10751082,S2-111283888,S2-168273012,S2-222188404,S2-22926098,S2-262892390,S2-266131816,S2-279871524,S2-281873795,S2-301162562,S2-301765502,S2-369679397,S2-399173940,S2-436800483,S2-504873153,S2-523403914,S2-533434559,S2-538033064,S2-570881059,S2-598371755,S2-702156549,S2-709823650,S2-794997268,S2-796774377,S2-825573734,S2-885703763,S2-892658805,S2-91183275,S2-950365723,S2-988332868,S3-156166182,S3-165362007,S3-181300900,S3-259213872,S3-262808345,S3-300330604,S3-399325568,S3-47140258,S3-520455503,S3-530907760,S3-58634790,S3-589187028,S3-629813958,S3-631548123,S3-645771920,S3-704115161,S3-732676438,S3-746112657,S3-747496880,S3-782041919,S3-785362845,S3-801296945,S3-871243366,S3-873093932,S3-921465431,S3-946349602,S3-948309818,S3-95188879,S3-971955325,S3-99301140
S1-305324409	S2-2568449,S2-345485628,S2-360184791,S2-441734307,S2-469335521,S2-521663519,S2-538431328,S2-64905023,S2-673153688,S2-674777807,S2-678352249,S2-682558706,S2-716339540,S2-731448736,S2-7431940,S2-80745654,S2-901007251,S2-937397880,S3-113159595,S3-16553556,S3-181044277,S3-232059104,S3-377764417,S3-465158500,S3-473801909,S3-495613610,S3-513989571,S3-545766458,S3-587644773,S3-691678383,S3-777003439,S3-800056867,S3-801445126,S3-861387493,S3-886050172,S3-983020230,S3-999048082
S1-927419156	S2-14391959,S2-159756459,S2-193144073,S2-250847345,S2-28185919,S2-284776606,S2-301459371,S2-338091764,S2-35957881,S2-414222254,S2-448010469,S2-54783444,S2-549262713,S2-559989494,S2-597885776,S2-624583011,S2-658039141,S2-684832143,S2-698294913,S2-737108178,S2-78763265,S2-797144975,S2-826572655,S2-834366090,S2-84884169,S2-876126408,S2-882029770,S2-917862181,S2-963971708,S2-996903456,S3-148160052,S3-165024451,S3-188263664,S3-197107192,S3-264053205,S3-298839189,S3-378788704,S3-430013689,S3-476196994,S3-515269765,S3-517334460,S3-541128711,S3-554633986,S3-605162183,S3-608798134,S3-611164753,S3-616538867,S3-632570734,S3-644710602,S3-658761709,S3-710864723,S3-712179230,S3-76648570,S3-806902963,S3-833217640,S3-925626020,S3-927515721,S3-97062758,S3-975205378,S3-978201804
S1-261393939	S3-934155210
S1-158003567	S2-101914206,S2-114790107,S2-181862673,S2-200685855,S2-21052838,S2-243871178,S2-289407456,S2-30083045,S2-307659166,S2-336304366,S2-389367495,S2-429859550,S2-449538857,S2-457565297,S2-536687362,S2-544034355,S2-578166342,S2-596158352,S2-636489003,S2-64446543,S2-672916362,S2-679965238,S2-704016099,S2-725981556,S2-752276978,S2-773574421,S2-792751272,S2-832295130,S2-862991883,S2-891380906,S3-174228890,S3-248166999,S3-338951691,S3-340232289,S3-414750309,S3-586247580,S3-594114402,S3-67162191,S3-672201227,S3-819962790,S3-824155443,S3-85673682,S3-94131906,S3-944273294,S3-955636899,S3-972933329
S1-772204055	S2-13831009,S2-54075828,S2-575486031,S2-92935353,S3-388664178
S1-901881022	S2-202561749,S2-239190078,S2-239382591,S2-26469049,S2-301315970,S2-340240014,S2-397328817,S2-467908959,S2-485119019,S2-563621915,S2-598049305,S2-602628016,S2-615286345,S2-62516870,S2-63034277,S2-64234523,S2-661535976,S2-729581975,S2-752384305,S2-808163444,S2-817728736,S2-825236718,S2-829201391,S2-873204273,S2-885810475,S2-892208944,S2-915459582,S2-926207541,S2-976319775,S2-983693490,S3-133853273,S3-140398867,S3-162330608,S3-164447606,S3-403014501,S3-417190477,S3-420353958,S3-444270571,S3-444480239,S3-447944759,S3-472144160,S3-472752297,S3-482640912,S3-493426260,S3-544467789,S3-558051521,S3-651691659,S3-672398026,S3-683985351,S3-760231263,S3-789617823,S3-836449208,S3-862889888,S3-865903704,S3-871063143,S3-921417680,S3-929567321,S3-961175260,S3-963053933,S3-991468558
S1-958709603	S2-128566077,S2-190490154,S2-201921811,S2-217787070,S2-253709858,S2-327595359,S2-335823312,S2-357994115,S2-394822662,S2-410728313,S2-419870386,S2-474427552,S2-490635485,S2-525781100,S2-548712845,S2-592680147,S2-620423295,S2-642354011,S2-643847902,S2-659344173,S2-667267266,S2-69554686,S2-713711186,S2-761857511,S2-770345966,S2-799611627,S2-867814371,S2-871327901,S2-882798698,S2-916843120,S3-1959531,S3-240221022,S3-263211377,S3-263442229,S3-3029100,S3-416651948,S3-552959115,S3-561072149,S3-60192054,S3-62253738,S3-641210161,S3-709882772,S3-710985864,S3-736505146,S3-740129430,S3-775885498,S3-786704542,S3-79462851,S3-838990182,S3-840355301,S3-845763548,S3-85909040,S3-864384458,S3-867621399,S3-886948930,S3-920751613,S3-952622917,S3-964145833,S3-970051174,S3-99342904
S1-864062904	S2-102144024,S2-110568037,S2-113299381,S2-130675034,S2-14317911,S2-145468904,S2-147699116,S2-183639120,S2-19175459,S2-214410462,S2-23707128,S2-259744545,S2-280930145,S2-39527593,S2-421226743,S2-441733239,S2-498520956,S2-52522910,S2-537679744,S2-639523019,S2-685027505,S2-732337462,S2-734196164,S2-785978841,S2-832276509,S2-849342539,S2-8952120,S2-971045564,S2-972002408,S2-986263582,S3-112181813,S3-153561575,S3-199375483,S3-21551502,S3-222114269,S3-305523266,S3-33262247,S3-354509600,S3-381417495,S3-383499951,S3-389662943,S3-404380599,S3-405871101,S3-427203410,S3-439542830,S3-524471399,S3-557854222,S3-627797105,S3-643448290,S3-652951903,S3-673988308,S3-691985001,S3-77623013,S3-819261724,S3-82346802,S3-859935665,S3-91026529,S3-911895231,S3-950561133,S3-985536664
S1-389115869	S2-933179083,S3-15587500,S3-440231971
S1-32131273	S2-22873084,S2-844284692,S2-929907194,S3-177462837,S3-282763723,S3-311981846,S3-37999841,S3-442081492,S3-616094707,S3-754090271,S3-85111562,S3-96786202
S1-485290093	S2-365332784,S2-391470171,S2-442251370,S2-523633258,S2-634133006,S2-661767823,S2-70100148,S2-709454317,S2-736160232,S2-895439653,S2-962835683,S2-979565385,S3-202290336,S3-301271234,S3-431698863,S3-555199359,S3-583597688,S3-636817516,S3-668170780,S3-720624092,S3-722888261,S3-771698132,S3-838948692,S3-840829855,S3-854967764,S3-955818376
S1-449015682	S3-190665363,S3-401846060
S1-273693856	S2-474719554,S2-808052299,S3-999799258
S1-216847975	S2-155715954,S2-169487669,S2-181651626,S2-195588728,S2-217876620,S2-266717208,S2-289504295,S2-30374474,S2-313741210,S2-339784761,S2-38555455,S2-504971272,S2-517582019,S2-598127316,S2-672747059,S2-693958984,S2-703572533,S2-722911693,S2-729287599,S2-730374400,S2-79581405,S2-796939939,S2-79732985,S2-798435558,S2-815153024,S2-847833593,S2-849453365,S2-854131601,S2-857391026,S2-86600220,S3-127362274,S3-240388119,S3-247554241,S3-257611160,S3-264037883,S3-284045748,S3-318698746,S3-32144415,S3-35872260,S3-585149205,S3-588130981,S3-65456343,S3-660873126,S3-663982713,S3-678579048,S3-681907010,S3-682852011,S3-723779126,S3-745842891,S3-749436272,S3-782384383,S3-877377714,S3-931252541,S3-935670433,S3-938680839,S3-955087987,S3-979668120,S3-995878998
S1-942180728	S2-569178386,S2-76417082,S2-886300437,S3-137373112,S3-208132863
S1-704576365	S2-261312440,S2-469463765,S2-762616692,S3-295120158
S1-706359294	S2-226249663,S2-662224042,S2-833115076,S3-83193807
S1-688852755	S2-247870148,S2-327602210,S2-33922232,S2-420094479,S2-662108634,S2-756731862,S2-795241708,S2-96119259,S3-249138746,S3-335018264,S3-338119990,S3-357016587,S3-421908785,S3-528683515,S3-569579146,S3-578577416,S3-581200736,S3-750517521,S3-77597115,S3-843586013,S3-86023430,S3-874908819
S1-501963178	S2-106343248,S2-157294347,S2-220963395,S2-246252867,S2-247865619,S2-254358053,S2-27523273,S2-302146207,S2-361735317,S2-374506556,S2-486238471,S2-522966113,S2-598962593,S2-645345025,S2-688599118,S2-798137639,S2-810605652,S2-832222875,S2-871997204,S2-87883980,S2-921772983,S2-930752483,S2-957696989,S3-112517019,S3-133019928,S3-136974803,S3-140109699,S3-165711139,S3-223555773,S3-258562281,S3-290266165,S3-292019672,S3-295649178,S3-303676477,S3-388708286,S3-411756931,S3-415958900,S3-425702162,S3-492739345,S3-496463182,S3-537675620,S3-62697471,S3-684433439,S3-709869200,S3-755311003,S3-759490373,S3-765494897,S3-791793754,S3-819263804,S3-830522760,S3-837012816,S3-988382283,S3-990403421
S1-428039663	S2-232069665,S2-299350771,S2-300649735,S3-139699012
S1-394925431	S2-301790862,S2-570036665,S2-824136137,S2-975551884,S3-549479398,S3-828294643,S3-830009176
S1-29387523	S2-118333158,S2-131418306,S2-145001198,S2-226506432,S2-32407680,S2-359442516,S2-374566541,S2-393024478,S2-39589527,S2-432755015,S2-473102185,S2-480552151,S2-485536302,S2-49049664,S2-505559611,S2-530586510,S2-56094243,S2-562041142,S2-5625354,S2-572227123,S2-694462095,S2-750017820,S2-814623750,S2-868480354,S2-888179073,S2-911962596,S2-94342216,S2-958159577,S2-965880463,S2-992929207,S3-121975184,S3-150168748,S3-208146293,S3-229290268,S3-317192276,S3-317342808,S3-320654141,S3-368187107,S3-401692421,S3-406168210,S3-410180564,S3-411777179,S3-421908267,S3-43597363,S3-453500441,S3-464311773,S3-501192017,S3-537329407,S3-580466406,S3-606512832,S3-63253502,S3-650417032,S3-662774599,S3-729635178,S3-761514234,S3-866108476,S3-89387841,S3-937323143,S3-938393784,S3-981932926
S1-960221997	S2-104571628,S2-298044346,S2-446636983,S2-899739272,S3-2003041,S3-282611314,S3-81339699
S1-369896511	S2-503256370,S3-237385457,S3-404266032
S1-973133967	S3-630872867,S3-856305612,S3-936754916
S1-957109842	S2-392770174,S2-674944206,S2-786869610,S2-895104475,S3-34191363
S1-718126154	S2-227250092,S2-358429972,S2-361641584,S2-366744807,S2-436844752,S2-47201750,S2-657228614,S2-810593140,S2-825864390,S2-897133729,S2-904039759,S3-424285521,S3-458718979,S3-460769727,S3-479055318,S3-574362672,S3-745172124,S3-756152681,S3-764429222,S3-817104725
S1-657028371	S2-246140648,S2-292492696,S2-438843768,S2-552819796,S2-592202793,S2-930039470,S3-648148547,S3-67555623,S3-889852799,S3-897852272
S1-122221465	S2-30843954,S2-352762074,S2-626722746,S2-751464943,S2-762221434,S2-771735118,S2-793972343,S2-888207151,S3-290887544,S3-592671056,S3-789976001,S3-88072211,S3-911886570,S3-994118562
S1-241758739	S2-509899493,S2-569620637,S2-583443593,S2-897389308,S3-423561852,S3-773188349
S1-292853265	S2-36429888,S2-398479175,S2-532550775,S2-537359797,S2-75320016,S2-793534445,S2-837831273,S2-889614058,S3-133380813,S3-205821716,S3-30382493,S3-332064053,S3-378256936,S3-6096316,S3-614612868,S3-623880020,S3-654663495,S3-774536358,S3-802458859,S3-802794359,S3-868876808
S1-563412246	S2-180543946,S2-222720857,S2-263196438,S2-312830857,S2-326592309,S2-339813057,S2-358259183,S2-381315508,S2-428005890,S2-46981807,S2-472784190,S2-545365399,S2-650101496,S2-660244789,S2-668005339,S2-80635030,S2-822189096,S2-836062574,S2-92918632,S3-120417277,S3-220202322,S3-236629118,S3-250423620,S3-255104446,S3-285597459,S3-292813816,S3-356068892,S3-472764492,S3-488995737,S3-560345298,S3-685242771,S3-851242729
S1-635915279	S2-304689515,S3-187227330,S3-262596726,S3-517898003
S1-257953143	S2-129840599,S2-184697782,S2-223755966,S2-283283988,S2-39655950,S2-43995500,S2-538406222,S2-542511232,S2-616412413,S2-633269865,S2-633396323,S2-69439845,S2-714517191,S2-777583349,S2-78538804,S2-792875392,S2-824170582,S2-878358555,S2-87867803,S2-940267710,S2-954988888,S3-163689308,S3-19427322,S3-217799404,S3-232761033,S3-245152815,S3-285796158,S3-290556492,S3-331781304,S3-344824138,S3-348710968,S3-360586274,S3-395574140,S3-458505685,S3-477842557,S3-486107682,S3-522035575,S3-555286888,S3-56825114,S3-642082077,S3-671412290,S3-705092908,S3-713091767,S3-726631646,S3-728177176,S3-73923492,S3-775418538,S3-783362468,S3-820132561,S3-861006439,S3-879338874
S1-935953663	S2-175441980,S2-856672460,S3-445850071,S3-968461072
S1-66970748	S2-120583111,S2-122199778,S2-135905037,S2-17759361,S2-246085496,S2-294647148,S2-358048011,S2-367657890,S2-464535140,S2-469532561,S2-474916068,S2-48610731,S2-54786258,S2-589069356,S2-596738280,S2-652200522,S2-682743720,S2-718880684,S2-754934009,S2-7713482,S2-790827888,S2-811240430,S2-846168299,S2-882809455,S2-886338927,S2-910212748,S2-911801493,S2-941791928,S2-965505047,S2-976020264,S3-216887526,S3-226980836,S3-24642210,S3-306269812,S3-328602312,S3-373538727,S3-379178461,S3-400136765,S3-468097523,S3-522881718,S3-550405894,S3-551036707,S3-61968940,S3-648070727,S3-666235216,S3-669175236,S3-678339293,S3-692225483,S3-692288818,S3-711303343,S3-738496929,S3-739953502,S3-777419848,S3-787047183,S3-827917531,S3-840217390,S3-869022028,S3-901712841,S3-965969183,S3-998728629
S1-613214928	S2-124806787,S2-144611569,S2-502261566,S2-571237764,S2-602193104,S2-674588271,S2-771376585,S2-815521194,S2-832413566,S2-850362843,S2-918972152,S3-119847305,S3-132857260,S3-264716692,S3-30380418,S3-363564972,S3-408866893,S3-530282039,S3-605753117
S1-68168779	S2-145373302,S2-248095905,S2-301299801,S2-431851272,S2-649037897,S2-686654721,S2-716403021,S2-73188018,S2-873871701,S2-936200652,S3-108863100,S3-164636866,S3-188725248,S3-599092986,S3-599685352,S3-61291610,S3-654807721,S3-656443192,S3-828614942,S3-88756946,S3-912549,S3-992473109
S1-181117450	S2-205994479,S2-305180442,S2-710376429,S2-717260584,S2-769425549,S2-837086738,S2-974747016,S3-331581607,S3-458100315,S3-639482897,S3-671500692,S3-839136802
S1-337798606	S2-165754370,S2-292867453,S2-440854658,S2-521161377,S2-578647913,S2-623144854,S2-648572422,S2-745088222,S2-965135806,S3-118237818,S3-153038022,S3-198362127,S3-216752346,S3-228726029,S3-29171251,S3-436401810,S3-479597968,S3-704916005,S3-81108185
S1-877808612	S2-723216419,S3-690283865
S1-991838189	S2-143634071,S2-203710352,S2-325889035,S2-360145289,S2-394127686,S2-45362772,S2-488865703,S2-509060055,S2-511172751,S2-544744994,S2-555775343,S2-572644330,S2-711027213,S2-856611853,S2-879677397,S2-899757878,S2-952495741,S3-212671156,S3-301595274,S3-322746369,S3-322995179,S3-332214197,S3-424203812,S3-534217048,S3-637886771,S3-72657106,S3-727612444,S3-772656724,S3-782658586,S3-784287095,S3-799072768,S3-819901051
S1-415245659	S2-881342207,S3-270146427,S3-498659347
S1-860794391	S2-623800632,S2-693432106,S2-737047278,S3-7618415
S1-590126941	S2-114120258,S2-146139051,S2-203526434,S2-209856928,S2-224325736,S2-252710250,S2-257979305,S2-259787184,S2-316239802,S2-388541860,S2-394549661,S2-423179287,S2-437103124,S2-484717950,S2-492535096,S2-497539453,S2-527357827,S2-539823656,S2-553999647,S2-590132270,S2-649078488,S2-696932710,S2-733472865,S2-798040763,S2-826009647,S2-860999619,S2-89151329,S2-939941255,S3-153945319,S3-219891507,S3-254584486,S3-259431277,S3-277697958,S3-343341848,S3-463969075,S3-479118712,S3-499959216,S3-583729931,S3-601098617,S3-61556913,S3-709097990,S3-731352604,S3-756274409,S3-763935208,S3-786669650,S3-803599047,S3-825811305,S3-869690986,S3-87324471,S3-966376584,S3-967815467,S3-999371750
S1-852807313	S2-12802683,S2-139917468,S2-182068722,S2-203559857,S2-269132199,S2-27807701,S2-312483574,S2-354460452,S2-357051485,S2-423940864,S2-450508621,S2-49366766,S2-515952739,S2-52505058,S2-588637466,S2-627350407,S2-632468444,S2-637843811,S2-648874452,S2-654532235,S2-665943418,S2-712151844,S2-756191180,S2-762538561,S2-783730706,S2-790691841,S2-867070885,S2-871040643,S2-905024179,S2-991067706,S3-107671861,S3-133785581,S3-155644475,S3-155705104,S3-159366331,S3-17109141,S3-221356675,S3-330643000,S3-376743483,S3-382208739,S3-414762154,S3-429871845,S3-452748909,S3-460155720,S3-557539318,S3-569490291,S3-572733017,S3-638218041,S3-654483484,S3-658242797,S3-699497637,S3-727066513,S3-760413209,S3-780270133,S3-781656659,S3-823438052,S3-866196447,S3-896742525,S3-972781028,S3-991387357
S1-643209618	S2-200618119,S2-439316479,S2-510842937,S2-870304500,S2-876959001,S3-12656607,S3-421937674,S3-439710120,S3-642887610
S1-581863940	S2-717056224,S3-757260746
S1-225821819	S2-124739246,S2-186326935,S2-200824137,S2-237086947,S2-248682891,S2-263132659,S2-283233359,S2-28360743,S2-350685408,S2-35695150,S2-420631257,S2-48094720,S2-560467012,S2-588284718,S2-602567524,S2-749618701,S2-762031264,S2-762870692,S2-771572229,S2-79048222,S2-822277655,S2-838912529,S2-850186309,S2-870102599,S2-901873653,S2-919778680,S2-94115216,S2-957513253,S2-984469141,S2-998779374,S3-131385733,S3-157104007,S3-191020977,S3-219906331,S3-229881359,S3-242081442,S3-244889444,S3-269744969,S3-285755497,S3-29068970,S3-38831496,S3-500278316,S3-529627797,S3-55760460,S3-589701392,S3-626166896,S3-63711545,S3-653405730,S3-711367714,S3-714942284,S3-718374833,S3-719986244,S3-730331594,S3-81454283,S3-846312874,S3-859634790,S3-938563129,S3-959855893,S3-961088361,S3-971705811
S1-778630887	S2-2120353,S2-322401060,S2-379266111,S2-473794700,S2-68820277,S2-861597486,S2-8956786,S3-103392578,S3-116897928,S3-174729175,S3-646770122,S3-683393227,S3-849578155,S3-923859275
S1-377916068	S2-101850600,S2-118676231,S2-131330208,S2-145648972,S2-167082936,S2-237980148,S2-304977825,S2-310348239,S2-328561799,S2-32864045,S2-340945246,S2-402998321,S2-408228121,S2-435231326,S2-543892468,S2-589637325,S2-680496552,S2-695495945,S2-70183090,S2-774989928,S2-790570331,S2-805501000,S2-847945787,S2-85544731,S2-85816941,S2-86100988,S2-861078082,S2-949055003,S2-967759141,S2-997762568,S3-105454281,S3-13300709,S3-133432498,S3-137518147,S3-180280851,S3-243207316,S3-312638238,S3-409796497,S3-510097743,S3-51164811,S3-516707483,S3-551849771,S3-556873077,S3-557592235,S3-590467934,S3-652671809,S3-67489586,S3-67779959,S3-764951858,S3-781335899,S3-808398553,S3-808693439,S3-81209107,S3-849199979,S3-867656037,S3-900313871,S3-95381338,S3-969629906,S3-981837224,S3-98703185
S1-37907520	S2-177099732,S2-189926064,S2-255268477,S2-522943234,S2-562737419,S2-633496658,S2-644690671,S2-672043028,S2-807180050,S2-839896243,S2-903254672,S3-122610372,S3-191821872,S3-194739258,S3-251193035,S3-293698470,S3-304627666,S3-368982986,S3-473959338,S3-933355157
S1-637166800	S3-672609678
S1-352595333	S2-836898663
S1-333194875	S2-844884966,S3-363368257,S3-399657159,S3-872164839
S1-260721574	S2-43945732,S2-940550345,S3-357159929,S3-388673574,S3-489983204,S3-64187516
S1-677484813	S2-513585161,S2-667175649,S2-686217912,S2-758748744,S2-825413356,S2-8427605,S2-848072562,S2-92781041,S3-131960377,S3-155458300,S3-336235015,S3-666294090,S3-764365465,S3-855083878,S3-913419135,S3-985253425
S1-568320501	S2-541629551,S2-665104789,S3-669726840,S3-681563697
S1-759995112	S2-144043998,S2-466017986,S2-719065552,S2-722398703,S2-768513326,S2-786281326,S2-832667915,S2-912371801,S3-133031654,S3-159439195,S3-486246546,S3-601128909,S3-643916851,S3-67786041,S3-753127549,S3-769872131,S3-793408518,S3-838308428
S1-443768681	S2-337510589,S3-328796309,S3-643327705
S1-170472252	S2-1588994,S2-165684376,S2-180934156,S2-200096653,S2-244420684,S2-278021392,S2-301492255,S2-313183404,S2-318207485,S2-349508245,S2-356372500,S2-380022424,S2-396096795,S2-407289251,S2-449566639,S2-573614840,S2-649443494,S2-65656229,S2-675020117,S2-682155301,S2-710584923,S2-712680788,S2-729866294,S2-78728998,S2-92206909,S2-934402939,S2-964645836,S2-967931870,S3-143815448,S3-186290140,S3-191270069,S3-19699961,S3-20301335,S3-287131140,S3-290145554,S3-316835359,S3-356215358,S3-446827235,S3-449387554,S3-492132159,S3-524375334,S3-561662917,S3-577485570,S3-579813373,S3-635695835,S3-687134427,S3-753938741,S3-787402721,S3-79002940,S3-814327093,S3-830159352,S3-833595150,S3-899574644,S3-908860,S3-954113960,S3-972126562,S3-977785330
S1-311511012	S2-874954820
S1-224275529	S2-110136983,S2-167711192,S2-184617512,S2-185666565,S2-233578657,S2-238632773,S2-263384375,S2-267367233,S2-331844480,S2-350148633,S2-406045901,S2-408597087,S2-415515383,S2-425158632,S2-496838583,S2-5389162,S2-600596981,S2-636968230,S2-649468440,S2-708693690,S2-714288679,S2-726635804,S2-739263100,S2-795620146,S2-872496383,S2-876826651,S2-881492558,S2-887223021,S2-90250967,S2-964284845,S3-117547157,S3-118710238,S3-12265560,S3-152521665,S3-186771694,S3-200173655,S3-292057930,S3-330940143,S3-364610825,S3-390721061,S3-414736089,S3-435677618,S3-467058523,S3-471249145,S3-500561490,S3-515069450,S3-537630634,S3-553742912,S3-573344358,S3-683546382,S3-710472016,S3-710489316,S3-745564444,S3-772283346,S3-789193250,S3-793648829,S3-880318731,S3-883080934,S3-895575594,S3-956500708
S1-427329185	S2-594138380,S2-725027059,S3-41829685,S3-669199922
S1-417606815	S2-14954762,S2-256162223,S2-280968941,S2-356647204,S2-364564691,S2-419450787,S2-436546524,S2-469901231,S2-493585064,S2-501697095,S2-502954018,S2-585320600,S2-640739110,S2-648271233,S2-721639297,S2-819888422,S2-843319383,S2-878868854,S2-88958775,S3-157202108,S3-182547278,S3-222162021,S3-251825309,S3-33351950,S3-354445025,S3-403543269,S3-41162005,S3-415308369,S3-430680204,S3-46833277,S3-512446506,S3-531660128,S3-536363665,S3-538386402,S3-54883799,S3-556990468,S3-571885499,S3-592038366,S3-604761180,S3-711899251,S3-758422404,S3-758974991,S3-769730590,S3-828659609,S3-83738123,S3-879499173,S3-890527331,S3-920431857,S3-946051574
S1-488457630	S2-109899061,S2-152716927,S2-218261488,S2-253447404,S2-254149847,S2-302966642,S2-315534072,S2-351953973,S2-390208835,S2-411972261,S2-429813695,S2-436885329,S2-44712464,S2-453978657,S2-609006058,S2-682570318,S2-697431144,S2-718809996,S2-721179766,S2-748970843,S2-756161009,S2-845047169,S2-863696986,S2-888112003,S2-893400727,S2-900176294,S2-908446674,S2-927442910,S2-942270636,S2-972700731,S3-178410673,S3-214398045,S3-260564390,S3-299293284,S3-352444369,S3-419510196,S3-473231898,S3-474444574,S3-495442608,S3-561805419,S3-572609475,S3-57955306,S3-588082349,S3-589472378,S3-591141530,S3-59864942,S3-631012869,S3-67321213,S3-70521771,S3-707070669,S3-725919272,S3-730258865,S3-769519845,S3-778651054,S3-798662933,S3-844673034,S3-849051451,S3-952052880,S3-970144977,S3-992668024
S1-818470647	S2-206328764,S2-354167940,S2-619667608,S2-698719126,S2-916383707,S3-315539709,S3-510083948,S3-902239913
S1-534346740	S2-131237950,S2-189521967,S2-207287776,S2-210025054,S2-215306899,S2-238011236,S2-240379980,S2-346488247,S2-352457331,S2-395034976,S2-495670871,S2-509642209,S2-519735225,S2-588765574,S2-613338609,S2-61575264,S2-685560423,S2-715374248,S2-715750768,S2-737517104,S2-752229961,S2-79677609,S2-797665300,S2-844908598,S2-869654739,S2-906785211,S2-919578307,S2-941277282,S2-945189426,S2-981332898,S3-11591443,S3-136344157,S3-191723095,S3-210371038,S3-227176591,S3-229141908,S3-243065966,S3-291472956,S3-396205128,S3-403120141,S3-421383571,S3-468371037,S3-50077396,S3-510086664,S3-526227164,S3-641265636,S3-65691379,S3-65912167,S3-66663897,S3-681092427,S3-688098572,S3-770205993,S3-78844248,S3-834926635,S3-924889709,S3-929484479,S3-945027611,S3-959111322,S3-98073646,S3-984213483
S1-729626041	S2-784256849,S2-872621284,S2-950540504,S3-226577182,S3-258471442,S3-391419187,S3-544094736,S3-655011878,S3-823193070,S3-936662873
S1-204633959	S2-316618601,S2-558685396,S3-996118993
S1-155512047	S2-126194272,S2-151929753,S2-187525600,S2-189682381,S2-212507635,S2-215245687,S2-313075737,S2-333544093,S2-33841331,S2-349348042,S2-38352797,S2-466246018,S2-526464527,S2-542351422,S2-548350872,S2-573841180,S2-573872643,S2-61032256,S2-700906360,S2-71253210,S2-733374497,S2-736736646,S2-764765747,S2-873295227,S2-890470268,S2-934683052,S2-93749685,S2-946323823,S2-951123349,S2-987210077,S3-120168094,S3-136204267,S3-171103673,S3-21973064,S3-2228657,S3-237123191,S3-238202772,S3-267557149,S3-311688428,S3-313955863,S3-320258350,S3-323669294,S3-341874857,S3-381407241,S3-389294663,S3-407979543,S3-423958828,S3-448113721,S3-457638029,S3-464740711,S3-532627852,S3-653141466,S3-684945985,S3-77848937,S3-795234301,S3-815592505,S3-85640505,S3-869280799,S3-909008586,S3-941285435
S1-553186193	S2-111752580,S2-39755493,S2-448833930,S2-644427193,S2-770925675,S2-8894626,S3-1202894,S3-517444925
S1-42502314	S2-235189765,S2-454111718,S2-455938650,S2-55028113,S2-624922274,S2-791975914,S2-805973378,S2-924330194,S3-13827034,S3-239027294,S3-515786699,S3-65375571,S3-767948902,S3-997439599
S1-317114355	S2-176137228,S2-220191749,S2-224236258,S2-266511817,S2-291532263,S2-322005251,S2-33031223,S2-339552695,S2-347004274,S2-369508755,S2-387944538,S2-410832560,S2-450849351,S2-492112774,S2-527429411,S2-531098647,S2-551265388,S2-599861722,S2-645073450,S2-659736055,S2-709014559,S2-74487262,S2-797504477,S2-894990140,S2-897201804,S2-92487111,S2-959438636,S2-970531162,S2-976706372,S2-995120427,S3-112015720,S3-13041030,S3-147713952,S3-196876389,S3-20804501,S3-242638590,S3-28613340,S3-297368615,S3-300166092,S3-328210536,S3-335853028,S3-392636423,S3-395079392,S3-537153703,S3-556048206,S3-565903368,S3-592499766,S3-673149171,S3-688410072,S3-729339973,S3-76848044,S3-780628738,S3-792748062,S3-823173515,S3-833070720,S3-841964069,S3-850016203,S3-945077315,S3-972919996,S3-974958214
S1-334574390	S2-117477048,S2-119963673,S2-135470962,S2-183441794,S2-185114664,S2-198863784,S2-207232759,S2-259281390,S2-261991775,S2-340034549,S2-37672590,S2-427897960,S2-447794808,S2-472066099,S2-475808591,S2-508218179,S2-572605356,S2-608403900,S2-613581143,S2-614512994,S2-642610614,S2-672116239,S2-692667245,S2-720285979,S2-809400832,S2-840252500,S2-894531002,S2-905019403,S2-932191815,S2-954831845,S3-157532474,S3-197275290,S3-28458964,S3-286835641,S3-315820891,S3-34582700,S3-351823561,S3-369993137,S3-38182485,S3-420182710,S3-473592787,S3-502850943,S3-521177363,S3-600630808,S3-627007269,S3-62900546,S3-649832506,S3-676680757,S3-681370232,S3-684602618,S3-754919221,S3-757866098,S3-79234624,S3-832183754,S3-857924422,S3-881134332,S3-907820969,S3-952521022,S3-973196939,S3-996976191
S1-649110450	S3-703016194
S1-533417053	S2-275528779,S2-891850639,S3-367917299,S3-603595544,S3-663983412
S1-152550844	S2-257330594,S2-572362958,S2-680898798,S2-787745784,S2-862395092,S2-873005507,S2-952752273,S3-185776305,S3-24113402,S3-259948008,S3-263987515,S3-703959392,S3-85840528,S3-892609875,S3-90598553
S1-643493833	S2-144394615,S2-15789128,S2-273394618,S2-559732434,S2-627340527,S2-660475546,S2-712830655,S2-762408404,S3-104805412,S3-368594426,S3-613395813,S3-644928019,S3-98247098
S1-734921625	S2-116028099,S2-175726743,S2-250088382,S2-258649946,S2-337311356,S2-370804397,S2-395968980,S2-458336064,S2-569589359,S2-586875355,S2-706714015,S2-812284224,S2-825485658,S2-841572703,S2-873004219,S2-93170794,S2-989716600,S3-103249989,S3-168696213,S3-343745567,S3-356970267,S3-410892830,S3-416858391,S3-419361168,S3-46963729,S3-491173191,S3-493144054,S3-508957147,S3-526747273,S3-552254962,S3-558927358,S3-56115421,S3-56283069,S3-565289808,S3-611801698,S3-613675051,S3-632467910,S3-685757093,S3-714628221,S3-731528202,S3-793390519,S3-80177925,S3-813377374,S3-821158761,S3-848168403,S3-942971301,S3-987051145
S1-68108533	S2-105393420,S2-169885320,S2-189933914,S2-205672558,S2-22377618,S2-267965275,S2-272191691,S2-291371023,S2-293014008,S2-367808365,S2-476409036,S2-507348629,S2-514469243,S2-556078970,S2-573394061,S2-58871778,S2-626783243,S2-645900365,S2-666470617,S2-781430914,S2-803048250,S2-80673535,S2-816205149,S2-829614405,S2-836536606,S2-841553550,S2-852271140,S2-862254436,S2-864460817,S2-914235366,S3-105911818,S3-172090963,S3-185279705,S3-212990671,S3-239111170,S3-268679848,S3-30848813,S3-308966522,S3-317455441,S3-441958769,S3-442565851,S3-521190516,S3-565872496,S3-583566421,S3-593581804,S3-61779164,S3-655874624,S3-679447454,S3-68547945,S3-712339380,S3-716184369,S3-716723245,S3-774145866,S3-805756321,S3-886206175,S3-891736655,S3-941785178,S3-944131215,S3-949495966,S3-984136483
S1-789286562	S2-135641356,S2-171598633,S2-217352823,S2-348137430,S2-496571830,S2-562106104,S2-816446528,S2-879622519,S2-971273330,S3-338322650,S3-493217984,S3-571934705,S3-828876152
S1-493735795	S2-20091273,S2-283716988,S2-336032176,S2-424809744,S2-527781243,S2-64867008,S2-710704187,S2-711104593,S2-731672296,S2-76078505,S2-79603264,S2-893307758,S2-896418595,S2-982929238,S3-121642855,S3-258460290,S3-36653761,S3-521611473,S3-556093658,S3-574660110,S3-803860794,S3-958887731,S3-959940173,S3-971235982
S1-870309113	S2-223040897,S2-343023315,S2-356834491,S2-575199441,S2-594723189,S2-854768017,S2-881948957,S2-968307803,S3-153614493,S3-192165399,S3-200795467,S3-209924997,S3-473843176,S3-66234851,S3-706760438,S3-744963495
S1-755184527	S2-521625017,S3-349342382
S1-741750910	S2-116836173,S2-163915025,S2-164070202,S2-187517712,S2-213508469,S2-23519359,S2-242021946,S2-284528741,S2-32573524,S2-334963876,S2-382610610,S2-390490447,S2-446670576,S2-494262236,S2-531671285,S2-573108388,S2-585310464,S2-591841369,S2-656418307,S2-688275289,S2-69052711,S2-697612407,S2-727913878,S2-741413071,S2-790219826,S2-818437047,S2-851224804,S2-947721596,S2-964744786,S2-97798860,S3-296249550,S3-316381165,S3-341863356,S3-421207321,S3-425300380,S3-488087493,S3-492476300,S3-503843273,S3-517579173,S3-519948563,S3-528249402,S3-539695604,S3-558407910,S3-641216285,S3-686424618,S3-70338357,S3-706703122,S3-740632099,S3-782206448,S3-805451298,S3-818168262,S3-863671342,S3-867478497,S3-868643410,S3-884515020,S3-892073294,S3-898200400,S3-912748697,S3-928965838,S3-976389617
S1-396704474	S2-155620223,S2-306874514,S2-352833046,S2-765223950,S2-898635177,S3-312129232,S3-395272294,S3-918447553
S1-77449994	S2-11234433,S2-139305881,S2-194348351,S2-259005526,S2-924630234,S3-134788665,S3-170024802,S3-795949238,S3-837399029
S1-607302089	S2-172217048,S2-322362124,S2-611621507,S2-639610112,S2-763957487,S3-441341258,S3-673934048
S1-80873383	S2-191513880,S2-620401225,S2-794766515,S2-80872589,S2-814750802,S2-865167437,S3-104577231,S3-206096527,S3-299012641,S3-431093437,S3-549368772,S3-792509030,S3-920396805,S3-977955396,S3-992155952
S1-194589041	S2-347048228,S2-54469895,S2-973587559,S3-41949759,S3-880114367
S1-550464269	S2-101582651,S2-412816698,S2-636743682,S2-780467478,S2-863734083,S3-188336924,S3-765393839
S1-405440827	S2-128696897,S2-167191851,S2-202450761,S2-243259782,S2-261311808,S2-280969057,S2-285034383,S2-286516682,S2-323829363,S2-327531786,S2-34181116,S2-348938,S2-370396703,S2-430494615,S2-44412095,S2-513418709,S2-523553509,S2-588405128,S2-621647150,S2-624602452,S2-695540136,S2-707515290,S2-737329391,S2-750563717,S2-75891836,S2-76019529,S2-812436402,S2-898050654,S2-920269828,S2-958047479,S3-101640370,S3-13175088,S3-15401250,S3-292516829,S3-295110541,S3-296793591,S3-31891364,S3-33000525,S3-336455944,S3-454329978,S3-509222780,S3-519696024,S3-522099185,S3-534206930,S3-565040319,S3-602944258,S3-606532087,S3-660486627,S3-665360502,S3-752539799,S3-766289432,S3-81957426,S3-838681599,S3-874718046,S3-877953312,S3-895143884,S3-927397420,S3-967583983,S3-971054750,S3-982440883
S1-500922440	S2-139100585,S2-164445440,S2-336856798,S2-364427163,S2-649784943,S2-735949004,S2-783437505,S2-799010314,S2-807806179,S2-874380773,S2-966435594,S3-26564204,S3-318636503,S3-328361775,S3-360140904,S3-418514379,S3-436752662,S3-474565084,S3-476956499,S3-617978841,S3-626074254,S3-714882315,S3-774739221,S3-794057892,S3-812819648,S3-843569581,S3-940183857
S1-111694025	S2-256328866,S2-315885501,S2-762225100,S3-38423850,S3-654727361,S3-803364604
S1-760235082	S2-114403587,S2-152781065,S2-231788718,S2-312544124,S2-350355118,S2-424370998,S2-489557033,S2-545562535,S2-590553531,S2-659486826,S2-67888452,S2-711668504,S2-769189032,S2-82350928,S2-847883103,S2-900332604,S2-932021325,S2-941438,S2-941752535,S2-98021578,S3-118734476,S3-120549054,S3-223430735,S3-231649321,S3-297817977,S3-33394594,S3-354065697,S3-355614277,S3-358521575,S3-463326774,S3-520255942,S3-592743302,S3-639668571,S3-661324517,S3-841875501,S3-883150400,S3-953689477,S3-986096817
S1-445143782	S2-526435635,S2-847824176,S2-867585785,S3-519684761
S1-17665971	S2-142759456,S2-146672611,S2-175351817,S2-195209474,S2-249805351,S2-35719317,S2-383407027,S2-391668187,S2-405752906,S2-445542761,S2-470535864,S2-491040188,S2-55637946,S2-630660131,S2-633595064,S2-641074621,S2-643131962,S2-712270091,S2-725564281,S2-74243871,S2-750401781,S2-750731869,S2-790330673,S2-818948,S2-820669908,S2-852147918,S2-902716357,S2-903358029,S2-942813350,S2-973838394,S3-174638693,S3-232926391,S3-260679600,S3-297553852,S3-34560213,S3-345813298,S3-37227054,S3-375259117,S3-377622949,S3-382235575,S3-393221508,S3-514174091,S3-527530668,S3-531166750,S3-554718542,S3-580458411,S3-588210619,S3-615515551,S3-617396280,S3-641305314,S3-642233547,S3-663524151,S3-680048232,S3-716729733,S3-795847353,S3-853307644,S3-865105049,S3-950804111,S3-990147595,S3-99648006
S1-131623880	S2-331509491,S3-322011674,S3-663580770,S3-710087281
S1-453383072	S2-121184502,S2-324606726,S2-383930749,S2-468049990,S2-506588648,S2-533274641,S2-694584321,S2-822232776,S2-950608775,S2-99336376,S3-298307854,S3-371033676,S3-514209056,S3-803589384,S3-831499644,S3-97820150
S1-573827896	S2-333894886,S2-622861417,S2-839509841,S3-867855264
S1-740059747	S3-299369103
S1-979645754	S2-166656637,S2-187738183,S2-209802912,S2-214060384,S2-242684385,S2-27754920,S2-282656429,S2-346329600,S2-375816212,S2-414712614,S2-451390578,S2-469369644,S2-492954658,S2-547628804,S2-553813720,S2-674191433,S2-692234916,S2-702198097,S2-724390632,S2-736452575,S2-75289738,S2-769901524,S2-785735345,S2-803216520,S2-926825905,S2-964006793,S2-974843553,S3-128668995,S3-201897250,S3-214648706,S3-233609237,S3-310946305,S3-324304260,S3-337385884,S3-370082143,S3-458434985,S3-462960832,S3-495774633,S3-496194783,S3-506124113,S3-519168641,S3-580274469,S3-586508307,S3-612203753,S3-620549111,S3-625080807,S3-631581269,S3-639193749,S3-6682528,S3-734621109,S3-749747810,S3-852715908,S3-902211027,S3-920500500,S3-956106421,S3-956943063,S3-987577735
S1-5694837	S2-646934249,S2-735230833,S3-91486203
S1-895155435	S2-330210804,S2-560295438,S2-629630690,S3-279771653,S3-680469339
S1-552090769	S2-206861046,S2-322790497,S3-898304869,S3-997452390
S1-444520529	S2-156324323,S2-603766581,S2-718766170,S2-982694384,S3-530449927,S3-574471997,S3-897997786
S1-481259122	S2-135025211,S2-260058549,S2-263943926,S2-271427486,S2-3030509,S2-350631521,S2-412131118,S2-49093407,S2-512002171,S2-541577133,S2-578589397,S2-632265650,S2-638056653,S2-690222520,S2-815121682,S2-859981790,S2-940462185,S2-961579065,S3-103815157,S3-13462952,S3-305539389,S3-373839305,S3-511603292,S3-58202457,S3-597411518,S3-699235783,S3-744897618,S3-772696321,S3-783044518,S3-829035031,S3-864877439,S3-899856931,S3-99625641
S1-170318976	S3-421139932,S3-56473701,S3-859100872
S1-254586049	S3-314532534,S3-483820078,S3-664718470,S3-866781987
S1-626957328	S2-151893882,S2-376723778,S2-47869735,S2-625872828,S2-882730927,S2-963431069,S3-454823763,S3-526035222,S3-874029349,S3-945959845
S1-820877559	S2-243937508,S2-258297963,S2-261985190,S2-265640952,S2-266767039,S2-283972713,S2-284467275,S2-28478295,S2-296592147,S2-321769681,S2-404853988,S2-414774874,S2-427705001,S2-452607978,S2-454961760,S2-522148458,S2-532818593,S2-629551828,S2-677424766,S2-73189176,S2-755952832,S2-803090897,S2-821420843,S2-828099105,S2-852005436,S2-881493900,S2-887783351,S2-901270840,S2-981461447,S2-996446311,S3-10346240,S3-12958600,S3-159780932,S3-196232217,S3-274184024,S3-274220976,S3-33787054,S3-353501405,S3-360639400,S3-380825579,S3-384776553,S3-389952154,S3-537561915,S3-558354991,S3-572096557,S3-632980400,S3-673731662,S3-693043265,S3-697317161,S3-732372092,S3-778864269,S3-808442702,S3-821599602,S3-830219188,S3-863285092,S3-875549928,S3-935892212,S3-938649966,S3-961156869,S3-973941232
S1-111296778	S2-17503452,S2-199498572,S2-313239713,S2-400273716,S2-497893971,S2-63350307,S2-653743908,S2-909911636,S2-974853730,S3-167519205,S3-208264360,S3-212822839,S3-246571452,S3-260655809,S3-322481701,S3-375137618,S3-689894479
S1-847310129	S2-155038965,S2-197827820,S2-200391160,S2-222636881,S2-239734521,S2-27777371,S2-285929062,S2-300719581,S2-412680727,S2-426147660,S2-532630688,S2-534725982,S2-56408209,S2-630251823,S2-634938902,S2-653523629,S2-684575806,S2-692375652,S2-725018608,S2-725229318,S2-746277259,S2-806908176,S2-854176012,S2-867721467,S2-926763803,S2-929429545,S2-929740436,S2-991447554,S2-99185528,S3-119114981,S3-153866026,S3-17604134,S3-204805013,S3-302154473,S3-302728704,S3-315299900,S3-389844210,S3-469902283,S3-483945,S3-523180356,S3-526416299,S3-560157879,S3-566386730,S3-579647099,S3-605011539,S3-609619210,S3-648760846,S3-654411560,S3-659136336,S3-731066058,S3-758281208,S3-82572258,S3-836109595,S3-863761724,S3-875052464,S3-88528762,S3-919734419,S3-939020079,S3-996675648
S1-546941880	S2-465664968,S2-588209695,S2-68511414,S3-256519954,S3-894349537,S3-944535436
S1-697980001	S2-238227544,S2-256337315,S2-481210353,S2-671298806,S2-955803392,S3-161513664,S3-320714267,S3-330749614,S3-464161777,S3-720870816,S3-86989954,S3-963643986
S1-338401200	S2-18512802,S2-195606080,S2-205468479,S2-243268110,S2-271747916,S2-282248902,S2-370433358,S2-407551357,S2-446281718,S2-480178933,S2-554601939,S2-61190861,S2-676970519,S2-69380346,S2-714000854,S2-749324908,S2-780666199,S2-84574987,S2-85069829,S2-878855457,S2-881486679,S2-904384556,S2-915896741,S2-937978430,S2-955929747,S2-957302118,S2-981051222,S2-989665042,S3-104676057,S3-140174922,S3-142025502,S3-150786609,S3-160304902,S3-181137935,S3-208840916,S3-285761933,S3-3513379,S3-391670466,S3-460601214,S3-513539064,S3-545761859,S3-551261580,S3-598801195,S3-615701290,S3-642823504,S3-714723518,S3-749952256,S3-763022659,S3-785849259,S3-818948013,S3-83072940,S3-837968017,S3-84687548,S3-865614578,S3-891937795,S3-918077461,S3-925372690,S3-955239025
S1-501819870	S2-107353341,S2-150043106,S2-167785590,S2-19192775,S2-198603415,S2-205395041,S2-212205557,S2-230514313,S2-23287871,S2-238321307,S2-251953169,S2-283639962,S2-413475710,S2-439701793,S2-498468175,S2-523895971,S2-524875469,S2-570526291,S2-606376196,S2-615917019,S2-703257230,S2-704006858,S2-725615990,S2-760316184,S2-760474703,S2-775316652,S2-815453017,S2-850892446,S2-930566058,S2-942558384,S3-12452004,S3-197021328,S3-21072074,S3-216017269,S3-236700846,S3-261427119,S3-332807268,S3-352017462,S3-358068515,S3-364649789,S3-396617056,S3-40291983,S3-414164330,S3-418528668,S3-439032491,S3-442654132,S3-463753724,S3-464687830,S3-517638060,S3-523725222,S3-69180063,S3-692026015,S3-696371084,S3-721240757,S3-779477941,S3-893219483,S3-899309968,S3-904897607,S3-92403108,S3-930630784
S1-541668027	S2-391058869,S2-987475979,S3-239202199,S3-465563371
S1-966492570	S2-12116471,S2-150573158,S2-217595300,S2-27554063,S2-315867142,S2-332021686,S2-351264673,S2-352478775,S2-365495181,S2-381495092,S2-384882144,S2-391819975,S2-443516156,S2-51133681,S2-515441908,S2-588335766,S2-589004691,S2-678373329,S2-720766298,S2-758167460,S2-783105283,S2-863913658,S2-868266996,S2-875103092,S2-876176581,S2-88909454,S2-925480644,S2-944210661,S2-967973465,S2-9969546,S3-138799336,S3-141787579,S3-151689876,S3-159461977,S3-160776850,S3-2149128,S3-24013458,S3-248070334,S3-259920239,S3-27822975,S3-280574727,S3-328777526,S3-354635838,S3-358995089,S3-404412841,S3-429454900,S3-447656073,S3-519046930,S3-605361955,S3-605892887,S3-701251203,S3-702300077,S3-705646106,S3-751887610,S3-762755648,S3-857316495,S3-922878923,S3-944646538,S3-971756458,S3-990214711
S1-702544592	S2-578946943,S2-626067390,S3-104096227
S1-528495462	S2-104195250,S2-154952181,S2-234080216,S2-254448071,S2-304662622,S2-431275255,S2-522269294,S2-702588883,S2-719282944,S2-726666231,S2-793868930,S2-829587891,S2-838378729,S2-853532676,S2-869707408,S2-870482699,S2-910298564,S2-918094727,S2-95323934,S2-991113635,S3-109923467,S3-15913637,S3-283684203,S3-285654563,S3-324689523,S3-329405013,S3-333384994,S3-343864069,S3-354703893,S3-35573495,S3-494591023,S3-516389812,S3-558859966,S3-585084136,S3-635520989,S3-635551175,S3-700600001,S3-706417476,S3-708763209,S3-738522617,S3-75068330,S3-867408369,S3-881562680,S3-900178680,S3-919675389,S3-924992174,S3-931490989,S3-933071868,S3-93608918,S3-936478698
S1-545863954	S2-384442003,S3-178364508
S1-772195807	S2-204369138,S2-20546558,S2-293394835,S2-297605058,S2-360322050,S2-369528339,S2-405783483,S2-456145035,S2-491893830,S2-531193280,S2-708700676,S2-749653469,S2-754326545,S2-77431790,S2-816377325,S2-835391119,S2-836759234,S2-84672953,S3-313257368,S3-456626870,S3-488455896,S3-514870771,S3-522646855,S3-700242754,S3-72165647,S3-759296958,S3-804920641,S3-835028916,S3-841436352,S3-852078074,S3-947167928,S3-949843810
S1-603731465	S2-115234494,S2-119177440,S2-255852198,S2-263445155,S2-344682247,S2-358179830,S2-361276682,S2-383200615,S2-395668440,S2-456229356,S2-491037519,S2-502720520,S2-522559026,S2-600674188,S2-610030796,S2-610411473,S2-631686192,S2-63431154,S2-652134116,S2-663627800,S2-672592277,S2-758732839,S2-825423961,S2-882771658,S2-908631791,S2-912201705,S2-965716112,S2-981200502,S2-993307139,S2-993758888,S3-11700631,S3-163527930,S3-175702570,S3-265865776,S3-280766253,S3-290892085,S3-291952030,S3-301134841,S3-321034474,S3-358623759,S3-380887801,S3-399199190,S3-453256963,S3-460793890,S3-462107817,S3-516440502,S3-546922709,S3-639081174,S3-664461935,S3-667175720,S3-702243995,S3-726630598,S3-727749384,S3-787432911,S3-854446577,S3-881327321,S3-889739367,S3-922436828,S3-927982737,S3-928368028
S1-453539657	S2-390321835,S2-988466148,S3-623621291
S1-46249643	S2-634987820,S2-834540822,S2-892346000,S3-157343847,S3-782320906
S1-317928365	S2-933993096
S1-735449543	S2-229032336,S2-542551278,S2-836095663,S3-6106991,S3-633657927,S3-777836442,S3-996877728
S1-368898506	S2-210702268,S2-370008626,S2-584716594,S2-683567547,S2-868552147,S3-411811665,S3-587519761,S3-66904920
S1-39608811	S2-257356782,S2-539575423,S2-861470259,S3-547440827,S3-639907728,S3-701636249,S3-951039752,S3-967301679
S1-497232093	S2-232946255,S2-240364786,S2-396205916,S2-784507382,S2-894674584,S3-186358137,S3-991632549
S1-740176897	S2-128776090,S2-165365899,S2-229278365,S2-299815304,S2-313544045,S2-413316964,S2-423776014,S2-473600050,S2-616899021,S2-654522240,S2-801017550,S2-862523531,S2-936222147,S2-968501216,S2-973245257,S2-991540512,S3-123946756,S3-12885064,S3-139616910,S3-153019845,S3-16435655,S3-233138588,S3-263617244,S3-265347865,S3-278647348,S3-280827136,S3-285788011,S3-301507989,S3-306699217,S3-311057014,S3-349401414,S3-380997901,S3-391892110,S3-401336146,S3-408983453,S3-409581137,S3-552298068,S3-630941430,S3-635281174,S3-662697482,S3-665973032,S3-676091743,S3-791221855,S3-874923952,S3-892180744,S3-966799916
S1-699373004	S2-209835331,S3-488481179
S1-760964613	S3-878453173,S3-929746741
S1-759533619	
S1-89928972	S2-398401791,S2-519902979,S2-671628404,S3-24238944
S1-415302434	S2-164099872,S2-194243629,S2-219520754,S2-235585005,S2-254326510,S2-32295495,S2-370565350,S2-407520942,S2-412684834,S2-459096145,S2-482779039,S2-519998025,S2-552175291,S2-579569063,S2-580025429,S2-595195156,S2-648535806,S2-716454663,S2-718121515,S2-744285111,S2-773297543,S2-798925485,S2-8286129,S2-864999226,S2-912872429,S2-920216017,S2-932019610,S2-945434158,S2-966414017,S2-971632210,S3-102061650,S3-111738531,S3-163426164,S3-173518779,S3-216210007,S3-230162608,S3-276210231,S3-35538677,S3-368149651,S3-37538227,S3-383878296,S3-430351682,S3-436826062,S3-482411205,S3-511986145,S3-513385567,S3-525990971,S3-663203188,S3-674834297,S3-674934695,S3-675862215,S3-688161783,S3-725414846,S3-778847586,S3-785909838,S3-796403963,S3-821330715,S3-86246844,S3-873145674,S3-937779315
S1-397514626	S3-143478814
S1-603295553	S2-541936409,S3-676158103
S1-829004597	S3-353789868
S1-340381642	S2-128378690,S2-169599004,S2-253433837,S2-28380751,S2-325365968,S2-352130913,S2-430883448,S2-440947517,S2-458530690,S2-482305933,S2-530342291,S2-535114650,S2-55554087,S2-559331738,S2-587441052,S2-659698663,S2-695586390,S2-725054407,S2-747114505,S2-753128249,S2-757262236,S2-783430360,S2-798442106,S2-804564112,S2-81271691,S2-819010589,S2-891087771,S2-891335729,S2-908985744,S2-996934453,S3-123192691,S3-138306994,S3-143451209,S3-201217222,S3-250826532,S3-302685780,S3-466290676,S3-467647686,S3-532248222,S3-545698803,S3-553342839,S3-554013488,S3-559660169,S3-604035795,S3-620749335,S3-622945733,S3-634730984,S3-665354611,S3-71575938,S3-728548009,S3-732853721,S3-736057342,S3-737824622,S3-796699449,S3-797414454,S3-801711822,S3-821098363,S3-835078916,S3-876894616,S3-944370378
S1-831508195	S2-106131253,S2-158573402,S2-181982137,S2-204417353,S2-223300081,S2-291079629,S2-308593121,S2-317927087,S2-328078915,S2-347281970,S2-428158269,S2-46985637,S2-471043331,S2-500293977,S2-500865561,S2-521643903,S2-562449263,S2-596857261,S2-684989230,S2-721008812,S2-726802259,S2-750364918,S2-825710940,S2-840173931,S2-865654553,S2-899672354,S2-913946929,S2-918291668,S2-980221946,S2-998966790,S3-128430538,S3-13644754,S3-176947763,S3-192987265,S3-230126491,S3-255833895,S3-27384265,S3-277062191,S3-283300363,S3-311100124,S3-38656338,S3-388722834,S3-445677181,S3-459450529,S3-501715615,S3-5026526,S3-528700758,S3-533383249,S3-676675910,S3-729463815,S3-764471940,S3-764966220,S3-766512840,S3-788054740,S3-836650897,S3-846434267,S3-860018540,S3-878998020,S3-957210516,S3-980745367
S1-715029307	S2-161392744,S2-216062003,S2-225811478,S2-927946045,S2-964996911,S3-122524329,S3-198439350,S3-621212053,S3-689375715,S3-757975328,S3-762701455,S3-815427867
S1-30383410	S2-487904817,S3-126971257
S1-267323354	S3-355090287,S3-909218585,S3-91826761
S1-189661852	S2-484249068,S2-699304426,S3-869708060
S1-232418369	S2-134715150,S2-157067675,S2-170347803,S2-236551569,S2-300023280,S2-308445088,S2-325626195,S2-372876612,S2-385426775,S2-397798484,S2-402713374,S2-405776124,S2-446557901,S2-526251690,S2-573666078,S2-574017770,S2-609892208,S2-624482796,S2-689195019,S2-716630450,S2-724410285,S2-78210662,S2-828224009,S2-847344077,S2-850144868,S2-875515626,S2-876627920,S2-896701707,S2-932812618,S2-944114845,S3-113456006,S3-12774183,S3-148027377,S3-154253366,S3-189230321,S3-199862824,S3-203360497,S3-304799161,S3-36750620,S3-495642197,S3-508640765,S3-557763308,S3-584862951,S3-608588729,S3-656921537,S3-700340610,S3-7050099,S3-713864380,S3-718081272,S3-746338211,S3-754251317,S3-758023424,S3-799606477,S3-805457891,S3-821577627,S3-870395531,S3-915091465,S3-933748702,S3-955144648,S3-98398994
S1-626838100	S2-103425349,S2-182338837,S2-260032332,S2-31323844,S2-360321681,S2-374266996,S2-491397089,S2-517055293,S2-524852540,S2-563012960,S2-575999326,S2-630819436,S2-71788050,S2-806325388,S2-842696587,S2-884423982,S2-932283066,S2-999843680,S3-154273557,S3-169690494,S3-245904961,S3-247806138,S3-299846123,S3-402604580,S3-757969873,S3-986048909,S3-987319373
S1-900373432	S2-51836856,S3-554795898,S3-851101319
S1-322014701	S2-341236819,S3-263575684,S3-662334585
S1-714107578	S2-118463796,S2-1216526,S2-138897507,S2-22403910,S2-249358905,S2-31975853,S2-331408422,S2-355543995,S2-402496146,S2-546793152,S2-553168315,S2-585613818,S2-610304588,S2-622538205,S2-651375289,S2-676932001,S2-696579918,S2-712758777,S2-802115246,S2-819976310,S2-837013694,S2-842738348,S2-852162489,S2-870734819,S2-890618393,S2-913703322,S2-948179772,S2-956519711,S2-956667582,S2-976509534,S3-162319375,S3-2283776,S3-260601298,S3-264017075,S3-270555349,S3-359101260,S3-374445051,S3-376440171,S3-400431204,S3-43873929,S3-490678432,S3-582950137,S3-611225651,S3-664504022,S3-685651614,S3-686496999,S3-688475333,S3-827605806,S3-829215497,S3-848293375,S3-878888417,S3-890271199,S3-942553986,S3-946144268,S3-949959142,S3-951610920,S3-953878656,S3-957581820,S3-961592407,S3-989533469
S1-923533895	S2-231438373,S2-784805376,S2-822763358,S2-887297196,S2-892793840,S3-391819940,S3-819001814,S3-930068406
S1-445155683	S2-137888931,S2-169155710,S2-188840538,S2-762128889,S2-81622827,S2-917318275,S3-542242815,S3-568536093,S3-644742695,S3-677870479,S3-688419406,S3-76945891,S3-833034708,S3-840384763
S1-70052354	S2-249861764,S2-326675720,S2-460115092,S2-666648142,S3-104752668,S3-193716131,S3-788857721,S3-796565558
S1-954767088	S2-947089276,S3-229261207,S3-617311882,S3-642312927,S3-842676781
S1-529469516	S2-179000449,S2-188164499,S2-317493548,S2-441388235,S2-799549072,S2-844277639,S3-342239648,S3-745333083,S3-80943902,S3-982893132
S1-650940902	S2-11696569,S2-179932291,S2-190152138,S2-541362929,S2-777859165,S2-998481766,S3-157011805,S3-390391017,S3-672977891
S1-200871763	S2-322991885,S2-957910857,S3-236014310,S3-421309244
S1-674001307	S2-433588903,S2-554413743,S2-55962040,S2-738333316,S2-762426725,S3-164939489,S3-240701972,S3-431308596,S3-466331760,S3-704579101,S3-735414205
S1-946578635	S2-357054735,S2-435985754,S2-560176566,S2-841745202,S2-845645834,S2-922208754,S3-405800448
S1-899271918	S2-120258761,S2-132579893,S2-211906811,S2-456224483,S2-478708195,S2-666195210,S2-678858269,S2-905760621,S3-176919067,S3-211773748,S3-215061692,S3-266123667,S3-407406642,S3-456811205,S3-595668262,S3-606578038,S3-618632239,S3-778710270,S3-867922918,S3-876418534,S3-901856695,S3-980472026,S3-988854802
S1-861020733	S2-245526614,S2-802032248,S2-864257222,S2-937968267,S3-113295693,S3-141072454,S3-199950252,S3-272026095,S3-301608735,S3-411724985,S3-850618691
S1-669118103	S2-495532167,S2-52525197,S2-557129215,S2-67990793,S2-839295106,S2-945993788,S3-226386900,S3-294291761,S3-323306439,S3-995002550
S1-473518955	S2-101428897,S2-146814279,S2-172404393,S2-210519211,S2-236080566,S2-247669751,S2-261155652,S2-272458134,S2-298665536,S2-399909231,S2-455968861,S2-460490833,S2-551191505,S2-554265994,S2-57459430,S2-582709814,S2-585320305,S2-649361747,S2-657977176,S2-702091390,S2-76456544,S2-791181180,S2-800820742,S2-85302782,S2-862449095,S2-870017549,S2-921513243,S2-951974231,S2-956331176,S2-979221558,S3-102990584,S3-132733379,S3-19154420,S3-213150266,S3-228335603,S3-231514401,S3-262962101,S3-266787437,S3-284886655,S3-298279778,S3-306493854,S3-333543458,S3-408349199,S3-486785618,S3-505555185,S3-555573810,S3-592964481,S3-609048717,S3-636615565,S3-693105164,S3-720128592,S3-749984060,S3-753525815,S3-797974436,S3-873272826,S3-896772892,S3-906392276,S3-917291919,S3-941796650,S3-967588870
S1-112878071	S2-126840504,S2-146479962,S2-202668315,S2-244769305,S2-279531723,S2-305687333,S2-345744856,S2-37158725,S2-396620642,S2-431213457,S2-440591926,S2-453835272,S2-46804177,S2-493607019,S2-524537543,S2-54621999,S2-645782009,S2-649756461,S2-67238906,S2-672748914,S2-709773955,S2-823041014,S2-848472816,S2-859998373,S2-861476231,S2-882306201,S2-93103434,S2-932429768,S2-951516710,S2-979303302,S3-133562874,S3-164372098,S3-200079316,S3-203198283,S3-253469904,S3-270943314,S3-326782535,S3-346421276,S3-389276434,S3-409735344,S3-45600913,S3-473775933,S3-521819889,S3-528120994,S3-530329486,S3-534458146,S3-538081587,S3-545942191,S3-636410273,S3-709626688,S3-718773334,S3-724085249,S3-733052208,S3-81685042,S3-871071265,S3-885420780,S3-939036683,S3-968479144,S3-98675506,S3-997823213
S1-387370379	S2-145260542,S2-166588091,S2-188025435,S2-200410452,S2-214235170,S2-228726315,S2-243554058,S2-261328020,S2-261712662,S2-276782400,S2-290745309,S2-391660228,S2-409116947,S2-415991718,S2-445753288,S2-612928289,S2-724503814,S2-747654093,S2-775008584,S2-775402058,S2-777020508,S2-845395217,S2-849836853,S2-876285631,S2-879618254,S2-891405658,S2-892626671,S2-941858958,S2-948964297,S2-981989951,S3-120291459,S3-179248339,S3-196502912,S3-253893668,S3-264152734,S3-264437211,S3-277751056,S3-320075998,S3-375530834,S3-378258272,S3-463583826,S3-506140375,S3-531814021,S3-531945170,S3-553483982,S3-555923338,S3-583571083,S3-61400561,S3-657652501,S3-674946272,S3-683087286,S3-69173589,S3-750429295,S3-753752152,S3-796100113,S3-941437867,S3-959972501,S3-96354388,S3-981751359,S3-996573444
S1-591825395	S2-189120056,S2-202510400,S2-284429442,S2-315834511,S2-327822756,S2-382281926,S2-478521994,S2-531946550,S2-583533410,S2-599310236,S2-634986401,S2-670536885,S2-675453896,S2-757082936,S2-761764895,S2-791653653,S2-834611997,S2-969722232,S3-158475498,S3-164872071,S3-191434615,S3-277730812,S3-302558786,S3-35582467,S3-362912691,S3-424522817,S3-607772849,S3-632862806,S3-67289184,S3-676989110,S3-745741283,S3-784554592,S3-853126543,S3-863427722,S3-872877011,S3-882646882,S3-897293896,S3-925581744,S3-940488584,S3-991675511
S1-341836448	S2-142044656,S2-162106355,S2-177207705,S2-201586638,S2-238613611,S2-287997445,S2-315214034,S2-385605892,S2-418965371,S2-482301070,S2-550441066,S2-585130443,S2-595311183,S2-599053884,S2-652172492,S2-655801484,S2-729987750,S2-730067690,S2-732869005,S2-771733626,S2-783066496,S2-812121508,S2-817188167,S2-819460718,S2-84018403,S2-84563074,S2-881622431,S2-902385371,S2-927179560,S2-969202111,S3-124581650,S3-12459758,S3-152424931,S3-245840861,S3-342007881,S3-373287125,S3-373593370,S3-375455118,S3-389828180,S3-42199075,S3-42832551,S3-431887332,S3-522607478,S3-591786756,S3-592170095,S3-616640309,S3-620949458,S3-661311993,S3-675754736,S3-726638284,S3-727964281,S3-732819065,S3-750422520,S3-762654747,S3-764333822,S3-796548357,S3-858360912,S3-922587880,S3-927113428,S3-978623955
S1-730190320	S2-151812617,S2-758612563,S2-888077416,S3-418681361,S3-634960514,S3-941892917,S3-968304772
S1-686724393	S2-139059886,S2-150128361,S2-173403371,S2-194119620,S2-19952616,S2-210582011,S2-277560964,S2-279709844,S2-282296362,S2-385293830,S2-390946001,S2-462126169,S2-477103602,S2-49925791,S2-504064766,S2-506775138,S2-534109738,S2-550824281,S2-594173776,S2-687787722,S2-710468018,S2-728622866,S2-756148689,S2-788135126,S2-790190813,S2-863163785,S2-927719898,S2-945238177,S2-987947385,S2-989109934,S3-157032581,S3-163954083,S3-173723407,S3-197664903,S3-241195695,S3-257536637,S3-278668399,S3-321855829,S3-338265982,S3-359086657,S3-379628826,S3-447742177,S3-496622795,S3-539109869,S3-562107722,S3-623378244,S3-728906785,S3-751959900,S3-766473817,S3-779215067,S3-790882473,S3-796951054,S3-804967321,S3-816804046,S3-843213344,S3-85411520,S3-862706245,S3-877106514,S3-952739564,S3-992398897
S1-884819027	S2-445942224,S2-731002082,S3-413047851
S1-634733706	S2-160748065,S2-221374482,S2-223115834,S2-230515989,S2-387166520,S2-418230240,S2-429537708,S2-439825647,S2-449549731,S2-488392303,S2-497144455,S2-516719319,S2-540333265,S2-555020656,S2-604339887,S2-608216299,S2-677565089,S2-701579235,S2-711716440,S2-727419847,S2-731323174,S2-747380766,S2-761577381,S2-803075432,S2-804307887,S2-818078391,S2-839414379,S2-843378208,S2-844138095,S2-978326084,S3-109307025,S3-129877933,S3-182654085,S3-184245482,S3-27394314,S3-286984349,S3-315735021,S3-315758954,S3-368477933,S3-375627280,S3-376261712,S3-474041795,S3-476091612,S3-502478930,S3-557381241,S3-612554336,S3-630397174,S3-633579952,S3-660915743,S3-678510535,S3-701188437,S3-712344951,S3-796976644,S3-798255539,S3-813351243,S3-837262745,S3-839736805,S3-848418540,S3-877555982,S3-96982337
S1-146764860	S2-15507685,S2-161065939,S2-169221474,S2-227324929,S2-302107154,S2-321281268,S2-321509777,S2-328575174,S2-358920527,S2-395292635,S2-437801292,S2-464964874,S2-49614290,S2-506553094,S2-509778528,S2-540506407,S2-581820329,S2-718547475,S2-719141189,S2-743352058,S2-780002879,S2-829682458,S2-869208426,S2-892419966,S2-929878211,S2-930201914,S2-945427366,S2-956726397,S2-979350421,S2-991481068,S3-146870988,S3-193985548,S3-210770137,S3-218788250,S3-226934998,S3-291976934,S3-317243443,S3-358668334,S3-400405449,S3-462531815,S3-502177990,S3-593774038,S3-597817089,S3-612500946,S3-672141785,S3-727760914,S3-763525721,S3-764842559,S3-769585249,S3-867196988,S3-880541117,S3-886522197,S3-889672578,S3-905226619,S3-907868951,S3-907988141,S3-944507451,S3-95383868,S3-978877817,S3-995243
S1-667494116	S2-107909117,S2-138955418,S2-219230264,S2-227108936,S2-238099348,S2-328066684,S2-346773701,S2-381054184,S2-391246886,S2-395978864,S2-457405699,S2-478477989,S2-547102493,S2-547825988,S2-591992456,S2-61820832,S2-639984608,S2-645300630,S2-728069379,S2-776064619,S2-795620321,S2-79860576,S2-80918987,S2-905515740,S2-909700207,S2-911450010,S2-922430091,S2-944202162,S2-950562952,S2-985319269,S3-12534323,S3-125611198,S3-147609652,S3-163085478,S3-181955165,S3-185346697,S3-187803961,S3-284946654,S3-300087565,S3-31536762,S3-363621154,S3-408505337,S3-436795652,S3-437677120,S3-455660903,S3-473369172,S3-488100538,S3-531295364,S3-550208705,S3-584023432,S3-588946918,S3-615380647,S3-63206503,S3-708257513,S3-778105190,S3-795551378,S3-886611244,S3-898137676,S3-940279806,S3-987671776
S1-644800304	S2-312795174,S2-660311712,S2-776651535,S3-170139084,S3-243839115,S3-401135361,S3-528270398,S3-560406789,S3-910532794
S1-559176480	S2-359847177,S3-98292312,S3-991192862
S1-670613672	S2-785128097,S3-435235829,S3-611740776
S1-563834046	S2-118916909,S2-122450773,S2-170144683,S2-175292311,S2-182377131,S2-223340813,S2-233306004,S2-27046600,S2-285894684,S2-352556880,S2-506077451,S2-537783043,S2-538358423,S2-550192234,S2-570283829,S2-582604294,S2-660199760,S2-666810841,S2-673419052,S2-710659498,S2-790747215,S2-802271681,S2-815004103,S2-86912421,S2-873567298,S2-878884039,S2-944180329,S2-960440618,S2-96597632,S2-993550499,S3-148503416,S3-171318886,S3-173440935,S3-235171242,S3-255731557,S3-260419415,S3-301434801,S3-306223540,S3-382125726,S3-393879712,S3-420707107,S3-425593898,S3-425715498,S3-427686932,S3-456485363,S3-459022256,S3-54950780,S3-562429305,S3-63254079,S3-641758179,S3-701953372,S3-703086048,S3-703532178,S3-768660371,S3-79242629,S3-852084895,S3-867945979,S3-903238328,S3-943076810,S3-986739557
S1-605344566	S2-110089267,S2-28049297,S2-3752197,S3-953451980,S3-981731940
S1-45476583	S2-116519399,S2-165611940,S2-177586245,S2-290553057,S2-315214355,S2-379878287,S2-380076020,S2-405183839,S2-589083063,S2-630291957,S2-679118184,S2-726398326,S2-740206748,S2-758341122,S2-759624594,S2-811898991,S2-840257269,S2-899862249,S2-904496890,S2-926870209,S2-987153733,S2-991554954,S2-994646402,S3-13093589,S3-184358762,S3-196884081,S3-238408572,S3-245696402,S3-254888806,S3-266626422,S3-271801152,S3-30196922,S3-350061649,S3-478105915,S3-586693871,S3-6234814,S3-6551128,S3-65814615,S3-660771247,S3-709112368,S3-788078926,S3-818463868,S3-868072563,S3-869108729,S3-904145503,S3-944142915
S1-712193425	S2-120950889,S2-172763926,S2-179681005,S2-202667611,S2-210003980,S2-341861496,S2-383638191,S2-388003587,S2-389709697,S2-399275212,S2-434917733,S2-487372247,S2-489411367,S2-499505081,S2-503669260,S2-519059543,S2-545182449,S2-570677874,S2-58857525,S2-631478142,S2-674262035,S2-715881799,S2-746227284,S2-755502561,S2-77426615,S2-883388357,S2-895546837,S2-903692594,S2-917859734,S2-994775620,S3-125036020,S3-127808098,S3-141073520,S3-184222653,S3-187339225,S3-197049397,S3-257698168,S3-268986452,S3-278628571,S3-321128466,S3-331873108,S3-344337852,S3-349312503,S3-361969519,S3-369944488,S3-428316915,S3-521317798,S3-536049496,S3-554479884,S3-579144224,S3-602403352,S3-620238944,S3-67208611,S3-812535980,S3-821711706,S3-835643959,S3-863754074,S3-954295435,S3-954379233,S3-995860599
S1-426796552	S2-223126397,S2-367322693,S2-427604059,S2-473007778,S2-492918603,S2-523571093,S2-712140069,S2-801061747,S2-842227315,S2-887201305,S2-905042249,S3-166441420,S3-224364322,S3-424921523,S3-457073937,S3-566931184,S3-632551232,S3-729474875,S3-781884411
S1-358071494	S2-118469026,S2-125646611,S2-130327726,S2-130966970,S2-163807307,S2-208939089,S2-222640987,S2-27041601,S2-283839485,S2-287622238,S2-402828614,S2-420168546,S2-435470781,S2-518918595,S2-537065009,S2-600231723,S2-666440932,S2-750775277,S2-813871724,S2-866532489,S2-907992483,S2-914306957,S2-95719423,S3-111362013,S3-123745916,S3-138316963,S3-143063967,S3-160899276,S3-199733619,S3-211179755,S3-285804037,S3-29138356,S3-344299911,S3-355243630,S3-408947280,S3-456587869,S3-508598560,S3-513426988,S3-536199347,S3-573444843,S3-579999246,S3-623692838,S3-627471588,S3-640556749,S3-679381671,S3-724888493,S3-774133775,S3-776395842,S3-812522011,S3-835332876,S3-841856902,S3-858030265,S3-873242276
S1-913184147	S2-132086466,S2-154714616,S2-154838983,S2-217606244,S2-288804615,S2-308329094,S2-309004442,S2-310328191,S2-312477195,S2-319124078,S2-339974980,S2-347364148,S2-374653705,S2-432893103,S2-453859912,S2-484749077,S2-519842354,S2-534110832,S2-578256705,S2-621037671,S2-639570958,S2-644730457,S2-667143959,S2-700493,S2-750960074,S2-757539367,S2-880132222,S2-927618406,S2-946651189,S2-947829676,S3-127269930,S3-171126881,S3-178784334,S3-208554375,S3-208853651,S3-250130212,S3-25172299,S3-299976254,S3-305119202,S3-309672761,S3-315050679,S3-370310505,S3-403190905,S3-469469235,S3-472849852,S3-52283631,S3-564999822,S3-587802440,S3-696765510,S3-710116686,S3-731600248,S3-733452097,S3-756444114,S3-757767976,S3-763217324,S3-783032398,S3-83457487,S3-846894028,S3-855188192,S3-893728448
S1-518999749	S2-190531136,S2-323302657
S1-142991774	S2-100264764,S2-149132980,S2-150837030,S2-168235161,S2-177288508,S2-19103027,S2-195679262,S2-24463868,S2-280527515,S2-301814811,S2-326803062,S2-335263117,S2-380506450,S2-403910185,S2-427984244,S2-429038050,S2-460190017,S2-494705765,S2-495264785,S2-529300005,S2-608544145,S2-613258663,S2-671174493,S2-702609216,S2-855490920,S2-903446125,S2-90573823,S2-928557859,S2-936335822,S2-999248063,S3-112081707,S3-114272596,S3-151871220,S3-170296287,S3-174370659,S3-195350763,S3-200337202,S3-207925016,S3-274932164,S3-290534645,S3-338855132,S3-345996677,S3-358770457,S3-406054822,S3-412789757,S3-415527147,S3-483968453,S3-6694799,S3-682759907,S3-688555423,S3-689204713,S3-697917992,S3-726229047,S3-74030044,S3-79288927,S3-853416281,S3-858656836,S3-885144815,S3-892314739,S3-91794453
S1-573105537	S2-106455452,S2-183003284,S2-191667884,S2-208198616,S2-287065490,S2-381962748,S2-40158639,S2-474038597,S2-636179873,S2-712786338,S2-714053121,S2-736096036,S2-763093697,S2-884216582,S3-225967634,S3-23774885,S3-42825264,S3-43666443,S3-443778859,S3-749519933,S3-793663879,S3-962587445,S3-972895921
S1-402263041	S2-367054388,S3-403260526,S3-569118373,S3-808460033
S1-852777299	S2-43332315,S3-346024603,S3-62311680,S3-795767690
S1-817055009	S2-497314517,S2-720571635,S2-946690562,S3-388561706,S3-412326296,S3-736390072,S3-789466558,S3-842868026,S3-852071212
S1-121278089	S2-422870527,S2-50903269,S2-664781531,S2-694743772,S2-732972802,S3-210197624,S3-702528466,S3-727918569,S3-779324449
S1-34406583	S2-197899399,S2-214421788,S2-221411569,S2-30154277,S2-383484636,S2-387141524,S2-428752580,S2-46528047,S2-467869402,S2-484748413,S2-503829450,S2-526760646,S2-56392634,S2-589324650,S2-614707198,S2-625766704,S2-645068545,S2-67128154,S2-694362153,S2-722551698,S2-785440070,S2-798277149,S2-805611358,S2-820341299,S2-866722641,S2-936572282,S2-942476944,S2-946747869,S2-948037540,S2-96468208,S3-107522154,S3-114635727,S3-124019466,S3-186919069,S3-187377215,S3-206637553,S3-210578749,S3-213382458,S3-228693483,S3-26229356,S3-331869325,S3-345189551,S3-356933623,S3-363999486,S3-374974413,S3-392484536,S3-427136815,S3-439059003,S3-451918777,S3-560325160,S3-629460290,S3-647700767,S3-699964857,S3-718355065,S3-742087413,S3-742662320,S3-842942063,S3-95232508,S3-969667240,S3-97007688
S1-948206127	S2-13072938,S2-20384361,S2-220733207,S2-271216549,S2-374592785,S2-399569338,S2-452245743,S2-496644700,S2-513891007,S2-54766623,S2-571936974,S2-593265234,S2-60077309,S2-602104513,S2-604171826,S2-61011233,S2-631766640,S2-712408237,S2-790145633,S2-790883248,S2-795294841,S2-795638586,S2-816390814,S2-86364075,S2-876091225,S2-886036522,S2-887500281,S2-896679036,S2-920659605,S2-940240220,S3-174497076,S3-213603178,S3-215207580,S3-226788061,S3-233941087,S3-235024831,S3-280541618,S3-281302626,S3-302566298,S3-369941843,S3-398336588,S3-43056314,S3-455546969,S3-489941683,S3-496774869,S3-553672269,S3-554085780,S3-554700151,S3-679576003,S3-695482562,S3-752929433,S3-845445437,S3-868927600,S3-871839251,S3-878948097,S3-908813509,S3-909444108,S3-960889502,S3-963392613,S3-981683052
S1-793882586	S2-357415990,S2-901624314,S3-372073209,S3-519809101
S1-313423382	S2-106224530,S2-115297184,S2-16048673,S2-161070929,S2-209553818,S2-281497927,S2-287226896,S2-294093926,S2-304464764,S2-349150704,S2-363404182,S2-367872799,S2-379525856,S2-414082212,S2-417385845,S2-423418796,S2-439205713,S2-481639053,S2-486651997,S2-502705099,S2-551085927,S2-6222101,S2-70719231,S2-736546101,S2-75095638,S2-788473201,S2-820816011,S2-831174779,S2-864784692,S2-879660969,S3-101036051,S3-106390987,S3-124081316,S3-146594627,S3-153433031,S3-160718125,S3-16816488,S3-18870415,S3-205388411,S3-224618920,S3-257381390,S3-356281909,S3-360556599,S3-398438318,S3-400286058,S3-405573446,S3-423201143,S3-43818629,S3-475530577,S3-497426792,S3-548430275,S3-588043409,S3-598892196,S3-641921569,S3-781197259,S3-793725047,S3-836924846,S3-971975386,S3-973910535,S3-989122091
S1-230616179	S2-256241077,S2-799327355,S3-464240056,S3-627317067,S3-712100070
S1-117946977	S2-312075962,S2-769341248,S2-919845914,S3-406579867,S3-656462681,S3-663512892,S3-729624345
S1-764467216	S2-123308000,S2-153503407,S2-262488009,S2-283853504,S2-305408648,S2-311997723,S2-312670278,S2-317438998,S2-33376372,S2-337037574,S2-347816526,S2-391616906,S2-457399739,S2-481005860,S2-49249123,S2-53124052,S2-572672475,S2-611209503,S2-623578725,S2-625822505,S2-640751785,S2-73468414,S2-745315173,S2-745833963,S2-764427083,S2-798880906,S2-93123987,S2-960598229,S2-970234398,S3-120419984,S3-146055956,S3-185669515,S3-245766779,S3-289172836,S3-380442067,S3-380986641,S3-392071242,S3-415164091,S3-534002025,S3-54393655,S3-587343132,S3-595723855,S3-638222400,S3-643107985,S3-651510967,S3-69130014,S3-721291430,S3-73579037,S3-769443450,S3-780293661,S3-805850023,S3-845688895,S3-88715542,S3-892085131,S3-894805085,S3-896766321,S3-943541644,S3-945516350,S3-991193403
S1-600671460	S2-115866261,S2-197389982,S2-247704545,S2-278381236,S2-294457402,S2-308851541,S2-355639088,S2-374384196,S2-429294547,S2-457873890,S2-50066676,S2-53763462,S2-555002511,S2-558390271,S2-573012327,S2-585423762,S2-628595956,S2-636360459,S2-67758411,S2-701225897,S2-732670070,S2-740122229,S2-832122607,S2-857316678,S2-884571695,S2-928760577,S2-966141105,S2-973120243,S2-990616623,S2-995048605,S3-190396160,S3-190403904,S3-227001971,S3-232131200,S3-256730372,S3-273670503,S3-277109507,S3-285320957,S3-292057930,S3-311680032,S3-332407250,S3-345741859,S3-380025430,S3-385800775,S3-387202703,S3-419984930,S3-429273548,S3-447694403,S3-535521028,S3-717072584,S3-722610563,S3-753738418,S3-776846308,S3-806982587,S3-882080632,S3-900110063,S3-910505928,S3-91135757,S3-923414052,S3-960414772
S1-985458663	S2-126167626,S2-127864225,S2-212195591,S2-267636263,S2-289622653,S2-316846058,S2-368594810,S2-384504013,S2-389187936,S2-401883895,S2-402195224,S2-451330966,S2-497503270,S2-511628541,S2-519633948,S2-553971690,S2-607863163,S2-654074060,S2-669610579,S2-698846551,S2-770064453,S2-803701500,S2-810052778,S2-849957641,S2-857808196,S2-866185301,S2-873599560,S2-932455388,S2-976429341,S2-989677313,S3-105469322,S3-121777480,S3-132070836,S3-266617487,S3-292802747,S3-307655960,S3-338247940,S3-353462972,S3-377306899,S3-395636074,S3-396090701,S3-44752644,S3-498561054,S3-524616787,S3-560342039,S3-580613125,S3-591942540,S3-642904119,S3-707191486,S3-73874128,S3-770558768,S3-78247254,S3-85152698,S3-858817328,S3-874989562,S3-879372970,S3-924455563,S3-942840139,S3-952570802,S3-985143249
S1-998079629	S2-210795203,S2-453737949,S3-110416886,S3-430269267,S3-685478719,S3-779843568
S1-751723139	S2-225029650,S2-845224599,S2-890829870,S3-112684408,S3-166177761
S1-984503844	S2-253541579,S2-441671842,S2-482145946,S2-611893151,S2-63165617,S2-644854753,S2-678776773,S2-774879101,S2-851978063,S2-874508775,S3-114372434,S3-130536186,S3-135788505,S3-330934713,S3-334669740,S3-360295673,S3-36777230,S3-395348599,S3-424503610,S3-474981174,S3-550404779,S3-562011908,S3-718068449,S3-890835169,S3-908268383,S3-927462152,S3-938190236
S1-436389656	S3-782333492,S3-978841330
S1-141582671	S2-114384283,S2-170075029,S2-186940912,S2-202022811,S2-215805320,S2-237313243,S2-365109380,S2-390321922,S2-40149002,S2-412001640,S2-441408323,S2-44215895,S2-463299037,S2-464317080,S2-475193716,S2-479461438,S2-535772376,S2-569609552,S2-59963290,S2-653978988,S2-688131157,S2-699697763,S2-758019110,S2-771332767,S2-854894259,S2-891756952,S2-898845392,S2-942017335,S2-968150066,S2-969726850,S3-165463616,S3-215041812,S3-220859274,S3-234961632,S3-240810059,S3-261235258,S3-278511597,S3-33704009,S3-337247672,S3-387333766,S3-389684979,S3-431918677,S3-458574792,S3-462236580,S3-492538028,S3-525657799,S3-596627687,S3-615417867,S3-634342518,S3-6778980,S3-691099358,S3-797944436,S3-86967628,S3-886309010,S3-892188340,S3-919743935,S3-934406536,S3-966846802,S3-968817903,S3-978814252
S1-870259303	S2-491755789,S3-271806273,S3-893929029
S1-202627015	S2-101401652,S2-117906318,S2-132805742,S2-15153103,S2-162997215,S2-167757911,S2-172331600,S2-218778690,S2-228689328,S2-237437625,S2-256642085,S2-2833903,S2-306377791,S2-362239859,S2-371555068,S2-378768760,S2-408997030,S2-496372459,S2-505539825,S2-530247686,S2-633442633,S2-638988181,S2-662952744,S2-668571077,S2-70335801,S2-722172803,S2-758406612,S2-81483963,S2-819340481,S2-909159851,S3-143153204,S3-147266750,S3-154207439,S3-233415011,S3-245783625,S3-263411933,S3-269850462,S3-314672983,S3-431680728,S3-43257763,S3-522291664,S3-558983231,S3-563193325,S3-597393841,S3-64079929,S3-643081714,S3-646530623,S3-692645251,S3-715859049,S3-740570042,S3-751048481,S3-754466795,S3-869149762,S3-90637011,S3-933011197,S3-939235086,S3-964704351,S3-980181797,S3-989292857,S3-992913433
S1-870670114	S2-377649193,S2-774095572,S3-515240309,S3-548833394
S1-755329516	S3-413876161,S3-918875828
S1-769735105	S2-169915539,S2-184312863,S2-205644315,S2-208042095,S2-285712827,S2-299061023,S2-29942664,S2-311298495,S2-324591754,S2-332740451,S2-332864044,S2-334687568,S2-529078652,S2-600711299,S2-645818647,S2-671664962,S2-673840602,S2-674613575,S2-682335241,S2-692842245,S2-697846615,S2-710136944,S2-768935192,S2-827274623,S2-844838258,S2-845347793,S2-873367081,S2-875042456,S2-96064635,S2-98712145,S3-112864810,S3-13620113,S3-166737558,S3-262880885,S3-26742050,S3-268397330,S3-309454961,S3-310143925,S3-312643573,S3-336611765,S3-358249200,S3-389986568,S3-41280660,S3-445019845,S3-46580184,S3-482504928,S3-48782384,S3-509033058,S3-532248119,S3-545111484,S3-584698460,S3-597606172,S3-65006793,S3-707263633,S3-728770865,S3-76679383,S3-784951702,S3-917546822,S3-925882988,S3-929152213
S1-545535789	S3-444798361,S3-620926611
S1-255512449	S2-406409244,S3-633619185,S3-755308092,S3-766384285
S1-479368587	S2-139583019,S2-209101791,S2-214614010,S2-251633904,S2-392234881,S2-401471397,S2-438192922,S2-45676880,S2-564942233,S2-605469084,S2-665202661,S2-900531698,S3-165555301,S3-386330970,S3-643650857,S3-711331898,S3-7159529,S3-746728989,S3-83582628,S3-885409703
S1-220217287	
S1-445413591	S2-11818511,S2-198846461,S2-234703302,S2-237136294,S2-49496590,S2-561471002,S2-628753182,S2-683540193,S2-695752247,S2-736684135,S2-741031934,S2-854007484,S2-997167283,S3-416178981,S3-442192689,S3-464468619,S3-747340469,S3-758089482,S3-790220916,S3-845502478
S1-307330189	S2-368924379,S2-479358890,S2-725798922,S2-957217324,S3-31850790,S3-428996708,S3-458125156
S1-576221857	S2-339647496,S2-345637551,S2-360772361,S2-683856611,S3-125553184,S3-164437729,S3-166312105,S3-365746586,S3-658707298,S3-923674905
S1-540647065	S2-105472529,S2-271196254,S2-290427712,S2-326399798,S2-368149664,S2-516414311,S2-531085429,S2-531714990,S2-531862203,S2-532352423,S2-586963446,S2-58991866,S2-600146707,S2-625710828,S2-631755273,S2-65205426,S2-655003794,S2-677361073,S2-700963967,S2-757946775,S2-780299914,S2-818436390,S2-850127275,S2-862797340,S2-873492600,S2-935698967,S2-935896104,S2-943544830,S2-955729420,S2-961977312,S3-144703115,S3-155458117,S3-277664412,S3-282089103,S3-319604740,S3-324449642,S3-343925939,S3-391155593,S3-447529952,S3-450757588,S3-467021583,S3-484883002,S3-522868241,S3-523311635,S3-542078531,S3-58871969,S3-614280936,S3-711959312,S3-71458599,S3-72586544,S3-728782697,S3-734671942,S3-773463826,S3-781628868,S3-824516046,S3-839897481,S3-869659250,S3-869904560,S3-941251014,S3-969992385
S1-985849844	S2-104266539,S2-109313916,S2-111551361,S2-114033116,S2-179987117,S2-206777296,S2-221824076,S2-254128660,S2-308903994,S2-320866525,S2-322598423,S2-355586661,S2-427776899,S2-432508308,S2-452005182,S2-458170961,S2-566975831,S2-579736034,S2-598130852,S2-614976912,S2-646942678,S2-653906407,S2-668744247,S2-671079784,S2-681739431,S2-755373739,S2-820152143,S2-863599300,S2-876693897,S2-977344502,S3-105976124,S3-110180869,S3-111534951,S3-11940761,S3-178770566,S3-211608846,S3-233379178,S3-240196437,S3-285871284,S3-299903827,S3-319063462,S3-321427102,S3-326789262,S3-340099336,S3-584177901,S3-599340535,S3-612824176,S3-623131440,S3-639075633,S3-645858350,S3-650115475,S3-663420767,S3-783536853,S3-785426334,S3-844595618,S3-862300732,S3-877649905,S3-969007918,S3-984092086,S3-99743727
S1-129840509	S2-111062927,S2-328729628,S2-368389732,S2-373325774,S2-527814956,S2-658879904,S2-6620342,S2-717195223,S3-338727199,S3-538967302,S3-637131637,S3-836376570
S1-738529927	S2-121519722,S2-574195814,S2-984339199,S3-248012692,S3-368867783
S1-631634336	S2-11782096,S2-170516399,S2-172339850,S2-196455723,S2-204787611,S2-265631444,S2-302578805,S2-303460493,S2-332484745,S2-45976779,S2-482056675,S2-525259891,S2-532119883,S2-565595505,S2-618896197,S2-640639990,S2-659304406,S2-659711649,S2-666504574,S2-705063553,S2-716760017,S2-756585844,S2-764179503,S2-765834139,S2-772573665,S2-803923572,S2-828203534,S2-847687010,S2-938509345,S2-98070415,S3-111974795,S3-123576086,S3-148544799,S3-237763570,S3-302542023,S3-311841015,S3-314488384,S3-400227868,S3-430431212,S3-435965224,S3-447294074,S3-478098762,S3-489799900,S3-496274860,S3-63669513,S3-638893550,S3-657702084,S3-663867107,S3-6742502,S3-740879978,S3-760927876,S3-760933330,S3-761819991,S3-776933167,S3-830385244,S3-853199253,S3-881366572,S3-882038020,S3-911339326,S3-96618821
S1-620439917	S2-13730299,S2-25376749,S2-416104408,S2-490199648,S3-173695263,S3-185645454,S3-522476395,S3-594240087,S3-867374874,S3-939026986
S1-645673704	S2-118884480,S2-141081902,S2-256870070,S2-258069106,S2-700807210
S1-366906832	S2-112727367,S2-720053732,S2-770554644,S2-85797615,S3-172622687
S1-818450767	S2-939922394,S3-570261954,S3-743710190,S3-895776843
S1-495018313	S2-720103381,S2-808305203,S2-832577535,S2-920454988,S3-264959651,S3-316485408,S3-425078586,S3-490965399,S3-542621502,S3-624868904,S3-630088326,S3-631972922,S3-705263081,S3-711970195,S3-753421232
S1-236219320	S2-152949011,S2-240925999,S2-285282850,S2-356588506,S2-407512320,S2-415263004,S2-451946208,S2-457084695,S2-478378795,S2-513180494,S2-523984229,S2-592947556,S2-597138046,S2-617560167,S2-64514396,S2-663243089,S2-663765642,S2-696824466,S2-717857042,S2-727453306,S2-740291393,S2-789733830,S2-803023522,S2-816044927,S2-818178253,S2-884135502,S2-911829301,S2-940249103,S2-957930991,S2-985538505,S3-136396281,S3-168844873,S3-178936285,S3-304280103,S3-31674799,S3-405142185,S3-447865831,S3-534931359,S3-577803862,S3-599508689,S3-618394613,S3-651281125,S3-748010509,S3-758062201,S3-764961854,S3-791546277,S3-806686487,S3-812840073,S3-830656993,S3-856497270,S3-887425459,S3-915915441,S3-918055767,S3-935646227,S3-953644731,S3-959398055,S3-9758760,S3-988835200,S3-99682071,S3-997834322
S1-735494336	S2-138301766,S2-287975641,S2-331245541,S2-380942689,S2-449935622,S2-471908494,S2-477930532,S2-583900101,S2-658627360,S2-850008573,S2-91477230,S3-168498241,S3-186601696,S3-207271368,S3-228305537,S3-257393879,S3-406343568,S3-506985687,S3-566005857,S3-877304693,S3-907179534,S3-922295795,S3-939593136
S1-313486473	S2-11121295,S2-122528940,S2-165200475,S2-263602499,S2-275273713,S2-292482417,S2-296591256,S2-309585435,S2-317818886,S2-319783368,S2-323547657,S2-357430444,S2-399331933,S2-475031698,S2-490204087,S2-531332270,S2-538161778,S2-547885576,S2-595187005,S2-598622339,S2-693450476,S2-727770333,S2-73089423,S2-852428438,S2-874603681,S2-90852097,S2-911079060,S2-931183672,S2-979761600,S2-980971311,S3-162766251,S3-194949387,S3-213659234,S3-216764288,S3-269376337,S3-30053809,S3-377136953,S3-382815429,S3-390227006,S3-404497029,S3-413181038,S3-609440854,S3-627620455,S3-635980947,S3-695457509,S3-743253885,S3-79707727,S3-861664846,S3-86273150,S3-865773325,S3-871486925,S3-876646007,S3-877534647,S3-879555595,S3-885211967,S3-890649267,S3-898566399,S3-928162181,S3-981014186,S3-985728023
S1-874756885	S2-115524406,S2-125455534,S2-128992461,S2-132927029,S2-152529703,S2-197853419,S2-201667245,S2-223347950,S2-342472798,S2-342637526,S2-360565193,S2-367408340,S2-398039889,S2-406654265,S2-445491484,S2-477980141,S2-495283532,S2-497867787,S2-568902623,S2-599589344,S2-634552824,S2-675987299,S2-710997672,S2-87887991,S2-920746643,S2-954489061,S3-136028196,S3-14503051,S3-177771464,S3-20743851,S3-248353928,S3-315051956,S3-325738979,S3-376062024,S3-384717362,S3-386417818,S3-394589179,S3-462746324,S3-528638574,S3-571313104,S3-595281683,S3-601967857,S3-62737098,S3-632167555,S3-694613155,S3-700197730,S3-729428472,S3-755093789,S3-765202900,S3-872535603,S3-903776826,S3-934950822,S3-950497645,S3-95831268,S3-970791402,S3-997202288
S1-930629318	S2-141689721,S2-223792621,S2-248913609,S2-330056438,S2-360416588,S2-397656078,S2-413300338,S2-426917930,S2-447307505,S2-458201513,S2-462855144,S2-489610072,S2-498783275,S2-518131700,S2-521698346,S2-530891534,S2-538347593,S2-548415569,S2-592162809,S2-611001708,S2-623693952,S2-729377308,S2-794758415,S2-838412231,S2-840698196,S2-84305295,S2-846336545,S2-8925362,S2-89565936,S2-906266985,S3-241530745,S3-251341078,S3-254803150,S3-260250706,S3-264170444,S3-277887902,S3-283385295,S3-361661264,S3-3653544,S3-414336021,S3-470240586,S3-503934052,S3-530199227,S3-55785854,S3-559754579,S3-601310838,S3-737306455,S3-750827456,S3-761268915,S3-789335897,S3-811577830,S3-820963396,S3-821600506,S3-830463863,S3-852293636,S3-870158870,S3-894042868,S3-918897597,S3-928356785,S3-991118004
S1-211227284	S2-130657468,S2-143546704,S2-198492308,S3-456966322,S3-485458934,S3-794780629
S1-665203072	S2-191572306,S2-227051768,S2-236364970,S2-294753256,S2-304547768,S2-363432539,S2-393776678,S2-405115301,S2-434888557,S2-50251890,S2-506647989,S2-523145874,S2-528882680,S2-531624326,S2-557102853,S2-572713756,S2-579825062,S2-592453564,S2-65339098,S2-697362728,S2-706542220,S2-735684477,S2-736257276,S2-774090804,S2-796779698,S2-885315829,S2-913284773,S2-960298406,S2-965574088,S2-975339149,S3-116075455,S3-118792878,S3-129416567,S3-158059980,S3-182055851,S3-20801043,S3-239229801,S3-25554331,S3-339275842,S3-396259551,S3-400691760,S3-425089838,S3-428081969,S3-537841589,S3-669160930,S3-689793676,S3-715552006,S3-7270267,S3-763395023,S3-79247708,S3-800199829,S3-818707370,S3-830836941,S3-847345523,S3-848950158,S3-918962833,S3-939588631,S3-961336269,S3-99551763,S3-997382718
S1-990859962	S2-202597808,S3-264460096,S3-670005827,S3-699646729,S3-814266863,S3-90485422
S1-743413952	S2-270171392,S2-389987877,S2-42715288,S2-430546464,S2-642000578,S2-659723977,S2-663288148,S2-836402854,S2-914239283,S3-17627089,S3-334446626,S3-476616296,S3-521483512,S3-719293072,S3-749307988,S3-790735617,S3-83579352
S1-288261457	S2-137652378,S2-147813342,S2-157202745,S2-227483334,S2-322064679,S2-375655050,S2-411652266,S2-458694666,S2-464937521,S2-486297151,S2-493726914,S2-503623213,S2-564436657,S2-578700076,S2-595171872,S2-609960971,S2-643494300,S2-656082457,S2-670342649,S2-736616718,S2-743229739,S2-800609132,S2-80109620,S2-81641380,S2-836658813,S2-841647091,S2-856002012,S2-90996711,S2-914561972,S2-986333457,S3-140328478,S3-18111893,S3-256340356,S3-27605088,S3-302289938,S3-352427935,S3-377215457,S3-402057055,S3-412685499,S3-418627182,S3-431658796,S3-455143157,S3-510202616,S3-535922204,S3-556009842,S3-562168279,S3-693309727,S3-695373553,S3-724387826,S3-794306767,S3-805664395,S3-822446775,S3-830200339,S3-837279733,S3-859228897,S3-867083510,S3-894580294,S3-928103980,S3-969887609,S3-984452647
S1-325772170	S2-173047981,S2-445020737,S2-523029118,S3-763044978,S3-808472306
S1-584694385	S2-198990931,S2-201009369,S2-276301097,S2-285901095,S2-318235108,S2-330444502,S2-349086405,S2-434134916,S2-438060958,S2-44160119,S2-455511098,S2-537572805,S2-538389833,S2-580908672,S2-582146996,S2-593222996,S2-637012975,S2-669884477,S2-684133329,S2-701205465,S2-736000161,S2-793223876,S2-833125552,S2-877133288,S2-932035037,S2-9974922,S3-207119073,S3-209059230,S3-24325990,S3-247803994,S3-26785916,S3-333912606,S3-34471449,S3-463213234,S3-52637603,S3-546773955,S3-57784541,S3-582703843,S3-583304364,S3-590901037,S3-625501660,S3-655166176,S3-659674246,S3-768830816,S3-775974677,S3-815665986,S3-816246441,S3-836763881,S3-837890810,S3-841979301,S3-88949629,S3-90813588,S3-92743646,S3-96253787,S3-971383483,S3-998047810
S1-196930853	S2-407928692,S3-367779605,S3-712188058
S1-383705289	S2-32146718,S2-436869419,S2-61720212,S3-304871068,S3-454231052,S3-529143717,S3-861345214,S3-9001336,S3-938493457
S1-94503331	S2-405768245,S3-133802843,S3-51375091
S1-647575013	S2-180088890,S2-604076739,S2-905098451,S3-158017053
S1-362900691	S2-212602077,S2-411937171,S2-613902391,S2-794209313,S3-282547101,S3-443855007,S3-647461844,S3-775542802,S3-905142380,S3-996645599
S1-743701929	S2-17197951,S2-220298954,S2-224685594,S2-254818555,S2-270162903,S2-278851277,S2-292445445,S2-340839477,S2-424165769,S2-428849316,S2-487369419,S2-522904675,S2-557634976,S2-663293271,S2-837027310,S2-848199984,S2-864502890,S2-929330213,S2-947769531,S2-964859947,S2-990155606,S2-99186311,S2-992830166,S2-994611448,S3-149796619,S3-207492829,S3-213998516,S3-239007476,S3-288653166,S3-30321311,S3-372642307,S3-385688385,S3-416653446,S3-516532709,S3-592604689,S3-651781849,S3-655672906,S3-663325605,S3-690219361,S3-723938136,S3-728885146,S3-747448979,S3-748058867,S3-751674761,S3-751773624,S3-757404577,S3-767229432,S3-777020121,S3-789113940,S3-849618731,S3-882760745,S3-898474786,S3-961417404,S3-96429458
S1-554606367	S2-199676050,S2-649431829
S1-72057324	S2-296537451,S2-616651656,S2-739762827,S2-924248383,S3-140967797,S3-21118381,S3-215934181,S3-232928464,S3-247390892,S3-291583467,S3-426926842,S3-442395901,S3-964073321
S1-537057658	S2-14863018,S2-439626710,S2-493746936,S2-569156375,S3-227194271,S3-260620109,S3-423845899,S3-89681043
S1-863840933	S2-128517780,S2-132859467,S2-187474100,S2-201389454,S2-214580275,S2-297117767,S2-370591390,S2-37179274,S2-460851163,S2-477654953,S2-502977871,S2-525293419,S2-532142852,S2-618889056,S2-706220398,S2-790254432,S2-79933260,S2-825858979,S2-858620433,S2-865522527,S2-871134096,S2-892484271,S2-929135699,S2-982429615,S3-127567453,S3-158216584,S3-169126003,S3-299342997,S3-317408206,S3-319864576,S3-345222350,S3-359507440,S3-380791840,S3-38752465,S3-419734964,S3-444958507,S3-461799709,S3-480482027,S3-50884436,S3-541903437,S3-587513635,S3-596198210,S3-775617867,S3-78747561,S3-791596449,S3-825681955,S3-863358164,S3-868487565,S3-896551548,S3-91690747,S3-933810463,S3-950214357,S3-968602291,S3-995813501
S1-867937984	S2-320617713,S2-35384597,S2-432094365,S2-467238482,S2-683077298,S2-813123284,S3-172955034,S3-207118779,S3-232959507,S3-296267924,S3-304796871,S3-328930680,S3-464315389,S3-617432368
S1-517585252	S3-238638678
S1-843460748	S2-111686887,S2-13179150,S2-154337078,S2-154346207,S2-271191971,S2-335275491,S2-388426919,S2-488060748,S2-534391339,S2-561464405,S2-695403895,S2-786064158,S2-970497282,S3-16592233,S3-17462624,S3-210642113,S3-24114987,S3-360912298,S3-36705565,S3-369622670,S3-404805723,S3-427133106,S3-526064539,S3-544044443,S3-585505548,S3-64970377,S3-754286055,S3-762053699,S3-877075941,S3-914665597,S3-957777360
S1-495431862	S2-206491472,S2-714850805,S3-277417146,S3-488335502,S3-504360939,S3-74976199
S1-705520087	S2-104398484,S2-167574248,S2-241988622,S2-343667893,S2-353994323,S2-358890478,S2-448381281,S2-489381459,S2-49323089,S2-524918025,S2-546421390,S2-560614389,S2-575220248,S2-583662520,S2-612246176,S2-612725208,S2-673600481,S2-675592960,S2-718483257,S2-747063111,S2-748673621,S2-762045058,S2-76648232,S2-830929986,S2-832170511,S2-899810980,S2-924278104,S2-925335420,S2-94202891,S2-948194400,S3-196582543,S3-212523598,S3-229406417,S3-26302608,S3-290865681,S3-329321030,S3-354872916,S3-359498767,S3-428549145,S3-443207292,S3-448280468,S3-477509188,S3-482745851,S3-571700366,S3-660248293,S3-661769288,S3-681231658,S3-717198669,S3-722653610,S3-728324248,S3-759632143,S3-78644856,S3-80014588,S3-802266201,S3-812202063,S3-814610852,S3-851030215,S3-85170408,S3-903272172,S3-992779086
S1-629792731	S2-127950089,S2-128022509,S2-168738824,S2-191326744,S2-207134386,S2-214930578,S2-237568911,S2-259840892,S2-291762789,S2-316958626,S2-327497982,S2-418835522,S2-424142940,S2-431814064,S2-475534884,S2-489081888,S2-496904725,S2-541304633,S2-552723889,S2-6067355,S2-624590032,S2-7070107,S2-77077414,S2-778536769,S2-81728201,S2-912561940,S2-948577522,S2-955033634,S2-959558657,S2-995962499,S3-101175434,S3-119546493,S3-239889373,S3-296070581,S3-306340932,S3-331837057,S3-331958279,S3-345365836,S3-372711275,S3-37917828,S3-461745304,S3-473155505,S3-492653619,S3-496848599,S3-534927888,S3-634594719,S3-653339971,S3-665670979,S3-699014934,S3-708224682,S3-762513022,S3-794111020,S3-842081121,S3-885266297,S3-887843800,S3-891842016,S3-927344301,S3-932406757,S3-932625412,S3-99703913
S1-24190993	S2-54635056,S2-931376604,S3-194474322,S3-384553783,S3-455532027,S3-592617087
S1-962462371	S2-153884048,S2-195908590,S2-208016404,S2-266077005,S2-287849452,S2-303829028,S2-323130558,S2-351961705,S2-373619388,S2-466435842,S2-46896241,S2-529516489,S2-558211503,S2-581228112,S2-581422380,S2-640559104,S2-66346924,S2-6806839,S2-689446969,S2-733760563,S2-75527216,S2-772213184,S2-830131819,S2-834151974,S2-861644337,S2-890837265,S2-898970282,S2-925002468,S2-986037573,S2-987310891,S3-124837899,S3-135633376,S3-153570655,S3-24567311,S3-25955895,S3-38858442,S3-500698541,S3-503425661,S3-511097965,S3-554013488,S3-574987470,S3-580559062,S3-587577331,S3-613841666,S3-62176899,S3-628958398,S3-661531396,S3-67628034,S3-713841600,S3-748181149,S3-790982795,S3-828405831,S3-839800105,S3-866845715,S3-869660026,S3-883256373,S3-892827327,S3-932122738,S3-943739077,S3-955767277
S1-891460771	S2-10469228,S2-122866025,S2-196992412,S2-208890076,S2-255318415,S2-280133735,S2-298724549,S2-299890701,S2-304067615,S2-349405434,S2-401440468,S2-402537707,S2-423824928,S2-447568143,S2-461490716,S2-518582660,S2-536905354,S2-565787935,S2-619483487,S2-625273664,S2-63354266,S2-708304646,S2-722950957,S2-771662702,S2-786006021,S2-839151681,S2-89474571,S2-898466856,S2-986118326,S2-98775184,S3-186875006,S3-193393331,S3-194593889,S3-215096194,S3-224500815,S3-254561692,S3-307651555,S3-361675727,S3-383378872,S3-47600348,S3-533630743,S3-553044135,S3-571448655,S3-574525533,S3-58404053,S3-597603953,S3-616848149,S3-622966211,S3-626444531,S3-640831956,S3-70784381,S3-754376918,S3-787499980,S3-815130546,S3-820131547,S3-82058561,S3-901859432,S3-906359112,S3-934711861,S3-967056290
S1-631267110	S2-127591817,S2-191211842,S2-250828024,S2-28584863,S2-305498539,S2-316539483,S2-328518790,S2-375348042,S2-38664810,S2-431409009,S2-465472497,S2-496569611,S2-496602241,S2-57270743,S2-610424525,S2-629688122,S2-678146997,S2-679915190,S2-686320267,S2-690768996,S2-718383411,S2-748230386,S2-755314128,S2-84187041,S2-875950413,S2-884951674,S2-942860051,S2-959110138,S2-988432647,S2-995991118,S3-101892590,S3-162834171,S3-180527726,S3-201115002,S3-246615702,S3-261304001,S3-303618576,S3-309787814,S3-311596761,S3-329300911,S3-330488489,S3-463583826,S3-482624511,S3-490026115,S3-496433797,S3-544751469,S3-545197668,S3-61145992,S3-639147287,S3-640100186,S3-679291552,S3-740971901,S3-840684827,S3-845607637,S3-845621083,S3-865097245,S3-866807113,S3-936090986,S3-942400944,S3-981078851
S1-616328186	S3-129875220,S3-349290189,S3-776562677
S1-989458781	S2-155876260,S2-157039791,S2-169968219,S2-173327534,S2-234611308,S2-23702348,S2-279199250,S2-333621843,S2-39665228,S2-433496876,S2-441449608,S2-459851925,S2-474310703,S2-494103979,S2-496252860,S2-501185279,S2-580522794,S2-598576458,S2-617131966,S2-650799821,S2-653791300,S2-69770630,S2-7134032,S2-723735986,S2-760176363,S2-762814298,S2-804846918,S2-840125015,S2-849236533,S2-910694126,S3-182043540,S3-194530975,S3-200488513,S3-222608781,S3-274128889,S3-276199105,S3-289500063,S3-291673040,S3-337885890,S3-380825623,S3-427519354,S3-431403895,S3-448333336,S3-469180870,S3-473911161,S3-554790989,S3-555733887,S3-56948935,S3-591059237,S3-625690433,S3-665040327,S3-710479951,S3-715146055,S3-758759192,S3-759265263,S3-778411811,S3-81570152,S3-865968761,S3-898745119,S3-921486870
S1-158427430	S2-206732718,S2-230585443,S2-372881009,S2-504944151,S2-508785670,S2-762863376,S2-983828370,S3-198203679,S3-198295627,S3-300030146,S3-469163145,S3-490552418,S3-745239663
S1-943866501	S2-100793879,S2-117307554,S2-127067834,S2-135577711,S2-142360688,S2-15783004,S2-1649949,S2-199216708,S2-206767067,S2-212463371,S2-407768880,S2-421911617,S2-446310150,S2-455353810,S2-472581962,S2-500429185,S2-597437163,S2-623964922,S2-719038982,S2-739426328,S2-749248571,S2-77326212,S2-820926041,S2-83477130,S2-845668585,S2-877294701,S2-879444671,S2-881627622,S2-886551299,S2-914287946,S3-105282224,S3-155058168,S3-201501490,S3-325878935,S3-344769977,S3-359361482,S3-377422755,S3-403563131,S3-422935004,S3-465983829,S3-466755317,S3-470448566,S3-538361591,S3-542413395,S3-569907372,S3-5782383,S3-584504836,S3-596771432,S3-603877301,S3-640686086,S3-724521177,S3-777185824,S3-809261293,S3-81463328,S3-878152275,S3-894217123,S3-913774965,S3-950656159,S3-976075153,S3-9825516
S1-772390233	S2-109531533,S2-114891166,S2-169632100,S2-178083335,S2-213735667,S2-240889380,S2-251005253,S2-27925425,S2-336054215,S2-34291794,S2-343280096,S2-344579094,S2-406242972,S2-415943730,S2-497957624,S2-538515292,S2-539360801,S2-579463751,S2-603490064,S2-614964432,S2-649764002,S2-656941587,S2-660160032,S2-683909419,S2-705921991,S2-804470051,S2-813291989,S2-882066723,S2-929448669,S2-992171619,S3-115431616,S3-152646608,S3-161367135,S3-169654679,S3-171415521,S3-21432144,S3-237103606,S3-261920814,S3-295043921,S3-300214144,S3-370931704,S3-383235194,S3-429865244,S3-436297325,S3-438644727,S3-448774778,S3-530036014,S3-535305432,S3-596614803,S3-624198113,S3-658640542,S3-798626112,S3-802026544,S3-80304145,S3-809244761,S3-835403744,S3-89330729,S3-924685007,S3-927238894,S3-987983832
S1-555104163	S2-575141626,S3-6831989
S1-634708855	S2-162385476,S2-197837284,S2-232841079,S2-238962074,S2-383916534,S2-438365066,S2-481131873,S2-503202602,S2-555373428,S2-566132668,S2-572509666,S2-57585327,S2-576439694,S2-660465056,S2-68816316,S2-7017434,S2-758022742,S2-758805626,S2-792642549,S2-804237340,S2-809962692,S2-816504053,S2-824193835,S2-832151009,S2-843756665,S2-93979653,S2-941805320,S2-952607551,S2-988083252,S2-99658002,S3-170974075,S3-174512668,S3-193010580,S3-218554010,S3-318402319,S3-35965925,S3-394225551,S3-482609684,S3-492635654,S3-506226672,S3-510217201,S3-5269429,S3-539600207,S3-581397602,S3-623558039,S3-63044048,S3-665164579,S3-672963678,S3-70132478,S3-72235006,S3-723869790,S3-72587730,S3-730305809,S3-743857866,S3-757454518,S3-899716627,S3-911968014,S3-966813867,S3-979190699,S3-985091507
S1-574838650	S2-492078874,S2-502930865,S2-51215865,S3-651466531
S1-454570944	
S1-824705510	S2-109812768,S2-111477512,S2-139914000,S2-143333770,S2-17472706,S2-180117008,S2-251870194,S2-258446509,S2-287519694,S2-2906939,S2-299182274,S2-314049815,S2-34009180,S2-390620017,S2-394404389,S2-470070625,S2-525141326,S2-594542272,S2-670011695,S2-676578561,S2-676584526,S2-680527030,S2-70560046,S2-732400881,S2-741204840,S2-768684506,S2-778038564,S2-88393932,S2-885798280,S2-990980254,S3-14654268,S3-154265995,S3-163826081,S3-171952613,S3-225593142,S3-230111701,S3-344432161,S3-373765021,S3-42279723,S3-571309525,S3-602674023,S3-619744156,S3-645730197,S3-647193287,S3-650176558,S3-661543047,S3-688553594,S3-710928683,S3-735338584,S3-768911076,S3-821467014,S3-88585249,S3-888254619,S3-894676751,S3-914707139,S3-925587003,S3-9391673,S3-978175791
S1-353555145	S2-113859413,S2-140443637,S2-141484585,S2-160562229,S2-223002875,S2-236388751,S2-237023438,S2-24299378,S2-27631401,S2-314165565,S2-350276117,S2-394605737,S2-4023732,S2-416371921,S2-470278081,S2-533164810,S2-562565089,S2-630276051,S2-684637989,S2-693802026,S2-715447037,S2-779798617,S2-833468278,S2-834583608,S2-837794336,S2-83797762,S2-87243098,S2-881247901,S2-906019857,S2-958658901,S3-122451377,S3-140284729,S3-167668521,S3-217266882,S3-219933208,S3-241530450,S3-260423134,S3-376591105,S3-433840018,S3-437550449,S3-447316985,S3-449052721,S3-451451435,S3-45288062,S3-511622468,S3-545948353,S3-573892172,S3-588442868,S3-642772722,S3-643244197,S3-727656618,S3-751401112,S3-758015518,S3-774770370,S3-806097364,S3-830836877,S3-857266597,S3-865204287,S3-868527598,S3-950027807
S1-868191449	S2-105847585,S2-269437791,S2-435477003,S2-818529232,S2-855536704,S3-259794781,S3-573609612,S3-845378151
S1-207542087	S2-421392795,S2-557373833,S2-776747495,S2-90012807,S2-924826941,S3-632346669,S3-727202293,S3-748886713,S3-817509080,S3-876149965
S1-128224466	S2-322903723,S2-432095075,S3-359074651,S3-699769986
S1-437847715	S2-456191599,S2-723996634,S2-782841916,S3-469685468,S3-832182670,S3-882805779
S1-175897406	S2-233024087,S2-282668772,S2-94705321,S3-608898889
S1-836657851	S2-252573013,S2-800159029,S2-973475748,S3-599807224,S3-681175402,S3-776061096
S1-738388422	S2-162091475,S2-18176604,S2-20129114,S2-273542585,S2-299395429,S2-312483574,S2-319772508,S2-347365351,S2-408390644,S2-474908302,S2-477417691,S2-506153722,S2-506478808,S2-511807212,S2-537419467,S2-551888067,S2-557164612,S2-577475000,S2-579767969,S2-580665028,S2-662404564,S2-752382698,S2-755017493,S2-774573902,S2-800547920,S2-821269110,S2-86949892,S2-8773551,S2-929144681,S2-93467185,S3-10957271,S3-110130609,S3-129245493,S3-143315389,S3-181681309,S3-184735069,S3-235371628,S3-334321820,S3-370750294,S3-394715781,S3-399129917,S3-409515425,S3-428218509,S3-452748909,S3-478378144,S3-481050626,S3-482502775,S3-514737035,S3-535568980,S3-607768698,S3-611893757,S3-630733453,S3-740779521,S3-782359689,S3-873635318,S3-877689258,S3-903337125,S3-906160046,S3-975019507,S3-988510982
S1-70730985	S2-192682661,S2-211215668,S2-215678317,S2-251071298,S2-308489054,S2-328054357,S2-331386120,S2-345680222,S2-37057153,S2-375618671,S2-466445648,S2-491960666,S2-517987782,S2-580903531,S2-594340024,S2-656969021,S2-663177475,S2-686780859,S2-721399798,S2-769829468,S2-77915881,S2-79352395,S2-824950611,S2-878596187,S2-915172935,S2-932182563,S2-948644958,S2-967010658,S2-976434806,S2-987915177,S3-122517329,S3-133342051,S3-142485758,S3-224906557,S3-234045106,S3-24215454,S3-314342336,S3-362341587,S3-447786821,S3-484083617,S3-546892083,S3-566402964,S3-57978055,S3-604880774,S3-654633370,S3-683763855,S3-720880889,S3-800467781,S3-811034780,S3-82539912,S3-838137074,S3-871675642,S3-877899858,S3-883488024,S3-888464574,S3-894521025,S3-91877693,S3-926481813,S3-939588910,S3-973742823
S1-913071720	S2-105863080,S2-105948712,S2-113359310,S2-115489544,S2-182087250,S2-269324179,S2-307450346,S2-382687469,S2-387509942,S2-393645383,S2-44343119,S2-466977964,S2-482114925,S2-494784782,S2-529114408,S2-573166769,S2-588964247,S2-635829663,S2-680890424,S2-703235647,S2-73894523,S2-757081411,S2-767068231,S2-795316818,S2-910166743,S2-930729969,S2-942260299,S2-951178336,S2-953445158,S2-961818496,S3-14882666,S3-206304074,S3-280828652,S3-301858010,S3-350365063,S3-386687454,S3-398454705,S3-413975606,S3-484871308,S3-548766526,S3-566596120,S3-580790244,S3-604442946,S3-60761496,S3-608857313,S3-637507720,S3-647060715,S3-670502976,S3-692540931,S3-735079926,S3-744751229,S3-757237427,S3-77299856,S3-801705314,S3-847692504,S3-869981103,S3-885944399,S3-90691345,S3-966877583,S3-991472776
S1-730858570	S2-384197131,S3-456460189,S3-461185502,S3-846560832
S1-890842089	S2-734011922,S2-847650678,S2-888678067,S3-242694950,S3-531435230
S1-755841052	S2-15537451,S2-503492870
S1-62406587	S2-125738565,S2-12835275,S2-134775636,S2-164458651,S2-226384064,S2-264459821,S2-317042104,S2-33410936,S2-371739115,S2-421811278,S2-431669451,S2-449856769,S2-463998214,S2-493937776,S2-511560364,S2-538137116,S2-553295534,S2-558628677,S2-561941890,S2-590424015,S2-5971090,S2-750492864,S2-809771747,S2-819085546,S2-824238113,S2-882242488,S2-904689261,S2-918947838,S2-950646476,S2-986123713,S3-117336994,S3-149455343,S3-150062334,S3-171889455,S3-196709110,S3-220113328,S3-303046923,S3-306051337,S3-350721589,S3-375841444,S3-408594973,S3-427606957,S3-464587508,S3-49587103,S3-534869991,S3-550756260,S3-577445912,S3-610404592,S3-668711093,S3-682928208,S3-690436407,S3-716993301,S3-722269690,S3-753052632,S3-795232720,S3-800269082,S3-890739602,S3-89689512,S3-961128720,S3-989521734
S1-945599294	S2-131686600,S2-1332277,S2-150074148,S2-164338034,S2-165733561,S2-289348566,S2-295428590,S2-331590758,S2-368906289,S2-410233236,S2-476567872,S2-489447081,S2-503694470,S2-507811286,S2-541761099,S2-611973716,S2-617664084,S2-647188233,S2-712803841,S2-721167249,S2-742319434,S2-75246529,S2-760312199,S2-789561493,S2-812638571,S2-892948280,S2-910532122,S2-94036552,S2-949416928,S2-985262494,S3-100768331,S3-172577651,S3-22311459,S3-227247634,S3-252169901,S3-25667647,S3-280433212,S3-304272888,S3-36278941,S3-375752839,S3-379847290,S3-401438413,S3-498928340,S3-499387391,S3-553390460,S3-632543430,S3-655533188,S3-701125386,S3-716662182,S3-756825312,S3-78621114,S3-808533063,S3-825238643,S3-844101204,S3-868180810,S3-870350053,S3-940421826,S3-947411169,S3-956950764,S3-997241599
S1-282690027	S3-44125147,S3-833528066
S1-119471339	S2-125546389,S2-165341571,S2-205883379,S2-251919698,S2-255839095,S2-267120492,S2-293044032,S2-377474678,S2-378625122,S2-398578530,S2-448252802,S2-561093258,S2-5649824,S2-586473086,S2-590537821,S2-593000578,S2-609388080,S2-610058189,S2-667161180,S2-673877346,S2-707145933,S2-710194903,S2-719755275,S2-727615999,S2-81652613,S2-892418770,S2-910757952,S2-927144095,S2-990059772,S2-99062808,S3-12061062,S3-126397173,S3-137810229,S3-150194425,S3-169880348,S3-227487288,S3-281092215,S3-341994479,S3-367952755,S3-429510521,S3-433276226,S3-448234896,S3-487432099,S3-504929076,S3-513314229,S3-583655505,S3-586340185,S3-591551185,S3-63133922,S3-635548831,S3-644309793,S3-707518472,S3-727222144,S3-761141461,S3-778588765,S3-817291675,S3-844174653,S3-893897849,S3-908320967,S3-945999850
S1-612238175	S2-279185766,S2-667406730,S2-989575182,S3-133085603,S3-684895497,S3-898087109,S3-912873346
S1-507700514	S2-315799148,S3-277564109
S1-507057032	S2-10977605,S2-164639923,S2-503758067,S2-753761243,S3-747094452,S3-997297456
S1-290658366	S2-127346617,S2-138543716,S2-178405265,S2-193875502,S2-226911385,S2-255531768,S2-296508622,S2-302968979,S2-391687297,S2-417052287,S2-514979065,S2-559733796,S2-63092212,S2-641305499,S2-643313856,S2-64849867,S2-658310538,S2-700709002,S2-70710693,S2-772402092,S2-780478927,S2-80175606,S2-813896768,S2-815004796,S2-919325378,S2-919878261,S2-937050440,S2-948112004,S2-950226343,S2-968100934,S3-131544554,S3-184494872,S3-240584672,S3-24208759,S3-259111602,S3-32908381,S3-355271424,S3-372596744,S3-372791463,S3-413039276,S3-41579245,S3-422493691,S3-440108924,S3-47882487,S3-491815363,S3-527224538,S3-548148171,S3-548633490,S3-55870315,S3-572210069,S3-592403220,S3-609944754,S3-673289798,S3-67890929,S3-702704555,S3-714210590,S3-88736215,S3-936844297,S3-958902066,S3-96879379
S1-521891133	S2-192711351,S2-325250171,S2-622087223,S2-955931368,S3-232681697,S3-25764160,S3-278534575,S3-304475015,S3-306389455,S3-308575619,S3-409786520,S3-507605774,S3-54557875,S3-674357124,S3-76649191,S3-778162286,S3-813246447
S1-49325121	S2-132099492,S2-219981119,S2-229910971,S2-278515630,S2-314904428,S2-36336444,S2-380476108,S2-43219813,S2-460679640,S2-470089117,S2-473635385,S2-504659549,S2-507127226,S2-532542267,S2-534686021,S2-552861191,S2-567231558,S2-61664358,S2-648206193,S2-685307423,S2-735384158,S2-797867961,S2-823967608,S2-862260587,S2-864584863,S2-913762760,S2-933603534,S2-941874640,S2-978482007,S2-994425516,S3-11406863,S3-204809318,S3-277122917,S3-279823538,S3-30227726,S3-317734865,S3-462303691,S3-498715807,S3-5009062,S3-505262376,S3-568166286,S3-576962911,S3-631251223,S3-659213192,S3-669053828,S3-683013300,S3-69428556,S3-710480098,S3-768488745,S3-796108022,S3-819274041,S3-844246645,S3-872669441,S3-933910804,S3-93912390,S3-945107479,S3-950277041,S3-962805459,S3-997616930,S3-997841680
S1-169797977	S2-140594010,S2-1597149,S2-177357911,S2-211081498,S2-225142040,S2-225321306,S2-249629533,S2-280713242,S2-295552566,S2-311779404,S2-330919676,S2-356873485,S2-358298187,S2-429896427,S2-448639633,S2-50530512,S2-511290620,S2-56263696,S2-565765391,S2-574943900,S2-657871291,S2-745969290,S2-752636664,S2-78996881,S2-807920379,S2-838729281,S2-881647089,S2-900065002,S2-915027374,S2-91586641,S3-123027971,S3-151852434,S3-19323185,S3-225867724,S3-260370824,S3-274833058,S3-297230879,S3-314901622,S3-315253869,S3-379698383,S3-407050892,S3-417246304,S3-417774788,S3-420542393,S3-477588280,S3-54868606,S3-559456976,S3-597478103,S3-631219052,S3-69202174,S3-694815977,S3-799196060,S3-804787789,S3-852019915,S3-861874765,S3-863537283,S3-870698147,S3-87628630,S3-917977036,S3-948285420
S1-44516836	S2-130746145,S2-699284161,S3-325045609,S3-79864168,S3-893411407
S1-27176967	S2-208633949,S2-224196394,S2-700080209,S2-873749215,S2-931010392,S3-237948836,S3-439181625,S3-522727598,S3-640776544,S3-846959155,S3-884307855,S3-927531485
S1-428409415	S2-248456098,S2-261869172,S2-281606975,S2-290148079,S2-31575314,S2-354391853,S2-370866777,S2-376190094,S2-389195769,S2-453488624,S2-45810742,S2-461584612,S2-468989057,S2-477605163,S2-51116623,S2-551523501,S2-556936000,S2-57746631,S2-61387464,S2-646689317,S2-655186167,S2-668368572,S2-685521471,S2-745666073,S2-797167083,S2-804029376,S2-90633,S2-939387206,S2-964074813,S2-973434968,S3-185680758,S3-201570457,S3-268052039,S3-313026485,S3-323747202,S3-375047509,S3-382608854,S3-397246185,S3-430627496,S3-466252582,S3-496694632,S3-509875411,S3-526581239,S3-528818889,S3-536870864,S3-57357326,S3-57799899,S3-590205268,S3-637300200,S3-645773662,S3-71735199,S3-747814730,S3-842019124,S3-881523970,S3-892496230,S3-896712200,S3-914018599,S3-921445060,S3-965388175,S3-98474023
S1-583030458	S2-151147167,S2-158388966,S2-187085703,S2-256376131,S2-290678302,S2-293852672,S2-369634827,S2-37100271,S2-397040366,S2-402525290,S2-459952451,S2-483820492,S2-490705126,S2-56101571,S2-574458913,S2-595623864,S2-599365223,S2-605475028,S2-641128711,S2-645988033,S2-654102120,S2-665807208,S2-691698788,S2-736262588,S2-822440446,S2-847524620,S2-869546004,S2-905253542,S2-916127850,S2-959127469,S3-133038624,S3-24468174,S3-29601257,S3-324808989,S3-338848124,S3-340984392,S3-380652361,S3-384743458,S3-45251608,S3-455333651,S3-485038584,S3-491415907,S3-493297431,S3-51395073,S3-559657389,S3-575620204,S3-656730364,S3-690367724,S3-764991999,S3-81663783,S3-827689764,S3-831075134,S3-840743168,S3-886053303,S3-893033069,S3-903983587,S3-933948651,S3-937841754,S3-977775607,S3-994395902
S1-659886446	S2-230377358,S2-361191864,S2-488627753,S2-760284816,S2-887839002,S2-930203367,S3-814092370
S1-330401139	S2-196677657
S1-928776546	S2-103494636,S2-124296306,S2-206963090,S2-262809375,S2-309005022,S2-318210802,S2-351191080,S2-359115883,S2-376248092,S2-392301233,S2-41402358,S2-426495915,S2-438524206,S2-439445959,S2-515085653,S2-518938594,S2-534219910,S2-54273913,S2-560759956,S2-566014397,S2-570269732,S2-589278670,S2-676888716,S2-69457613,S2-751263640,S2-78049781,S2-853321731,S2-912450013,S2-936429241,S2-95052941,S3-151882769,S3-178641169,S3-218093219,S3-21927973,S3-243439360,S3-253476105,S3-3325963,S3-346847552,S3-361817152,S3-367533672,S3-372062940,S3-458546839,S3-460831659,S3-470611778,S3-476137696,S3-606919004,S3-607684614,S3-639697350,S3-664192034,S3-746830066,S3-781753760,S3-818113623,S3-838738236,S3-873576689,S3-893263821,S3-909468645,S3-944345991,S3-949516709,S3-979298378,S3-980045191
S1-79493353	S2-132199628,S2-848132465,S3-169307180
S1-598644426	S2-164642099,S2-180966316,S2-191796738,S2-22105946,S2-242270071,S2-272875506,S2-287953231,S2-32302907,S2-345648173,S2-375925915,S2-398022097,S2-401495947,S2-471005968,S2-474099806,S2-507062638,S2-537163793,S2-614787825,S2-625809454,S2-626978167,S2-640836912,S2-66937891,S2-72372301,S2-759584617,S2-766306160,S2-784691130,S2-807850550,S2-816612350,S2-849672089,S2-958580205,S2-96906730,S3-128896284,S3-138385900,S3-161505760,S3-182096291,S3-201179921,S3-201361790,S3-252380856,S3-27660480,S3-309004843,S3-370599277,S3-400419855,S3-404884736,S3-407142642,S3-418613191,S3-444980371,S3-476456067,S3-520641932,S3-547988141,S3-610577691,S3-612931384,S3-652661120,S3-664524373,S3-709806939,S3-722521182,S3-768865299,S3-773865458,S3-775242099,S3-907705471,S3-922449621,S3-989050839
S1-491672580	S2-250004643,S2-292268375,S2-296083713,S3-115718983,S3-22611641,S3-552051400,S3-688973924,S3-819427724,S3-956650867
S1-527616111	S2-260263864,S2-534039907,S2-575491460,S2-591343801,S3-507031957,S3-648529287,S3-73358020
S1-269743554	S2-101273729,S2-127690612,S2-178295771,S2-201578803,S2-212536068,S2-220233827,S2-225052205,S2-239188710,S2-305268835,S2-328227277,S2-346644481,S2-348798282,S2-380229989,S2-432423471,S2-432614066,S2-433912501,S2-471303511,S2-488105228,S2-497972322,S2-519920719,S2-540613119,S2-54799801,S2-715751708,S2-728767898,S2-835700944,S2-919924109,S2-945919178,S2-983624391,S2-988926354,S2-994528455,S3-110660328,S3-117250439,S3-130284683,S3-149204728,S3-160008053,S3-215302379,S3-343388041,S3-371367532,S3-379835856,S3-412081153,S3-45883756,S3-5134618,S3-534460538,S3-571327237,S3-630144882,S3-660080086,S3-660661218,S3-699270816,S3-713269536,S3-726665299,S3-735923193,S3-76344055,S3-767666417,S3-781414135,S3-783355764,S3-850525146,S3-857183109,S3-919308463,S3-949564582,S3-977817173
S1-737563674	S2-352594067,S2-704667925,S3-157436018,S3-293745052,S3-505561401,S3-773054667
S1-662097139	S2-247429566,S2-382089422,S2-589769261,S2-63649743,S2-741493345,S2-788554796,S2-884772865,S2-913225794,S3-481088070,S3-541156867,S3-726745565,S3-838599334,S3-861839484
S1-76227211	S2-308189118,S2-326679321,S2-36131443,S2-479134143,S2-528236208,S2-564846614,S2-566842378,S2-696780660,S2-802532383,S2-819063772,S2-826560670,S2-850631865,S2-85614794,S2-924887706,S2-934992192,S2-963666454,S2-969312585,S3-192924070,S3-196401346,S3-197880920,S3-208998751,S3-263236170,S3-301967685,S3-315132063,S3-418541526,S3-509692861,S3-519341048,S3-565702087,S3-631628736,S3-862809163
S1-754443232	S2-197612296,S2-233283535,S2-252660609,S2-358345996,S2-376629560,S2-380674790,S2-515349126,S2-535444930,S2-626830017,S2-9278193,S3-330863356,S3-369690735,S3-378761673,S3-422332423,S3-51315067,S3-703199941,S3-724123593,S3-730988363,S3-744054301,S3-754665463,S3-763945273,S3-947730178
S1-541847553	S2-10894561,S2-142205620,S2-422725343,S2-4524326,S2-464280867,S2-490720802,S2-49097988,S2-500706918,S2-617491186,S2-724837395,S2-759148667,S2-923091623,S2-92384522,S2-933635357,S2-937389321,S2-959203836,S3-152659968,S3-247991178,S3-328842116,S3-330290037,S3-464125372,S3-494815938,S3-498002714,S3-574132994,S3-59958059,S3-620195456,S3-633030588,S3-655222692,S3-703629333,S3-804740904,S3-868277062,S3-888617583,S3-932700148,S3-954663237,S3-966881978
S1-811085440	S2-198544085,S2-322209321,S2-3480754,S2-414128,S2-563771473,S2-741089959,S2-78855050,S2-941830485,S2-98426581,S2-988109008,S3-247575666,S3-307414908,S3-42486043,S3-455804944,S3-536346494,S3-641713804,S3-642020680,S3-664849915,S3-850713295,S3-865283189,S3-990566049
S1-398462363	S2-109794379,S2-115779774,S2-118229668,S2-145853885,S2-224541864,S2-298738889,S2-347149463,S2-382256957,S2-503066269,S2-597470434,S2-606111976,S2-621661493,S2-643199266,S2-667047698,S2-668590672,S2-676222845,S2-687462486,S2-687817965,S2-703605422,S2-741054755,S2-745498249,S2-812529748,S2-82033459,S2-842855031,S2-851989383,S2-860152125,S2-868817157,S2-880656560,S2-933827413,S2-994207751,S3-112359778,S3-165265499,S3-18020648,S3-221997044,S3-274859497,S3-302780772,S3-313702754,S3-328435672,S3-340427895,S3-38513361,S3-45086323,S3-452156541,S3-561658709,S3-566764826,S3-59589178,S3-644393183,S3-644682304,S3-692598713,S3-711223820,S3-752125833,S3-757273436,S3-782126900,S3-783279873,S3-787780645,S3-808698652,S3-814721950,S3-871012724,S3-884959594,S3-962813531,S3-983176971
S1-310166751	S2-13851944,S2-144681701,S2-197564874,S2-434987856,S2-539362317,S2-589904699,S2-637983097,S2-684766659,S2-812089957,S2-885903460,S2-917588716,S2-980110970,S2-989178162,S3-200241516,S3-214036644,S3-273512374,S3-284871295,S3-296864719,S3-329923114,S3-413819234,S3-419495090,S3-518216044,S3-539579794,S3-562838169,S3-624211417,S3-703381564,S3-709835544,S3-717841567,S3-817338285,S3-97219964
S1-258544368	S2-417375992,S2-739109181,S3-220019695,S3-315188557
S1-29704874	S2-78873274,S3-114084902,S3-423471817
S1-71390708	S2-551369769,S2-669367179,S2-809287197,S3-107987577,S3-360421212,S3-365463519,S3-41327742,S3-57534177,S3-752249263,S3-924875494
S1-522847261	S2-145727199,S2-148271602,S2-187283700,S2-21238603,S2-258442607,S2-284533584,S2-31266417,S2-332525685,S2-350104108,S2-350151201,S2-376579824,S2-411079574,S2-430392848,S2-435123625,S2-530635065,S2-594389337,S2-629251937,S2-634359439,S2-678556498,S2-684925412,S2-688715016,S2-692337455,S2-735849065,S2-748904516,S2-760828776,S2-89912707,S2-904263168,S2-930697271,S2-948892543,S3-109947550,S3-125292033,S3-135401935,S3-256038724,S3-305730762,S3-30940738,S3-33816711,S3-351819523,S3-392567616,S3-402845904,S3-443156013,S3-523153965,S3-527851576,S3-531432867,S3-583322995,S3-60939789,S3-642625919,S3-675416584,S3-702573947,S3-730235324,S3-735018479,S3-7916586,S3-800455095,S3-817744765,S3-851718741,S3-890701117,S3-892814231,S3-934415070,S3-969282008,S3-988574783
S1-209560741	S2-144573680,S2-185614681,S2-498946893,S2-573201348,S2-744069711,S2-79355966,S2-959485361,S2-962736537,S3-556537261,S3-59192544,S3-614184051,S3-667600650
S1-76891238	S2-215541922,S2-490465449,S2-754417752,S3-228367348
S1-803723987	S2-233697931,S2-271766539,S2-336810577,S2-348232337,S2-777172161,S2-813700539,S3-261001850,S3-292014993,S3-476118679,S3-753530174,S3-753872110,S3-780365732,S3-786347749
S1-469837394	S2-130564125,S2-320422541,S2-442592231,S2-485682182,S2-775771192,S2-853240635,S2-860415313,S2-875453471,S3-38195948,S3-383775370,S3-88322401,S3-890802471,S3-957959041
S1-262724894	S2-25450988,S2-707553375,S3-319480330,S3-913294189
S1-789310261	S2-412160272,S2-551094231,S2-752468666,S2-859423933,S2-87926059
S1-476233101	S2-411037369,S3-254142731,S3-759495424,S3-820031504
S1-156259591	S2-80238119
S1-148192848	S2-944535843,S3-439668067,S3-479167307
S1-253986339	S3-849418302
S1-613788308	S2-395796500,S2-684632461,S3-506421743,S3-820695897
S1-46734148	S3-289971731,S3-720043401
S1-925888590	S2-103728877,S2-111386925,S2-122652379,S2-145390260,S2-174492038,S2-210150964,S2-228327041,S2-262711988,S2-336962881,S2-36141613,S2-375470031,S2-423704499,S2-442907052,S2-46678598,S2-498084101,S2-524540242,S2-525530118,S2-539244159,S2-580947268,S2-759817063,S2-761076747,S2-808565499,S2-824056532,S2-853349321,S2-859246855,S2-988177385,S3-117008520,S3-131644166,S3-139694312,S3-164385785,S3-172656528,S3-288549882,S3-30316603,S3-313366129,S3-333139988,S3-38724200,S3-388274928,S3-392140689,S3-392670219,S3-461603243,S3-527798810,S3-537876964,S3-5511395,S3-623678168,S3-690072187,S3-700351403,S3-802435879,S3-807584167,S3-817114643,S3-823494536,S3-83087068,S3-844878156,S3-886742767,S3-891096444,S3-94517016,S3-983084019
S1-384391959	S2-112541156,S2-283467012,S2-442962909,S2-884282794,S2-935118781,S3-712848899
S1-733058423	S2-121624842,S2-136158476,S2-296418970,S2-347521011,S2-423727879,S2-428501294,S2-450495234,S2-476641125,S2-525626824,S2-538967556,S2-545641103,S2-55976014,S2-562900551,S2-681217238,S2-698357880,S2-708841201,S2-715004828,S2-716679174,S2-732209895,S2-790564192,S2-821164346,S2-826212762,S2-886445018,S2-907180698,S2-922825730,S2-961409319,S2-983642769,S3-185757180,S3-195798235,S3-207467456,S3-213341424,S3-345625348,S3-390305950,S3-417032995,S3-422634176,S3-423709925,S3-430438220,S3-433265012,S3-465047471,S3-547292116,S3-599938491,S3-609125807,S3-612435665,S3-644452701,S3-722971358,S3-765573874,S3-767214456,S3-770297268,S3-794255298,S3-797145762,S3-805793561,S3-814461516,S3-910385794,S3-923627324,S3-940899401,S3-946504491,S3-947753726
S1-335922295	S2-100262680,S2-102719223,S2-151497011,S2-166774826,S2-264284171,S2-268068398,S2-325130736,S2-40901604,S2-446798450,S2-480965901,S2-520084907,S2-525668333,S2-537341533,S2-562727137,S2-572522103,S2-626617799,S2-736774235,S2-745729502,S2-749772395,S2-779143947,S2-787398452,S2-835681531,S2-86038334,S2-895604923,S2-92235637,S2-942584049,S2-949047899,S2-965682240,S2-990295698,S2-998365144,S3-113814705,S3-140692053,S3-146891286,S3-148927462,S3-178297483,S3-214451617,S3-217173642,S3-22563186,S3-23208438,S3-272775451,S3-321900489,S3-323747128,S3-343372782,S3-443487674,S3-620301908,S3-693822959,S3-70381310,S3-763882895,S3-823109955,S3-828645010,S3-832420825,S3-84535464,S3-853731566,S3-884363346,S3-896302565,S3-897206264,S3-914214159,S3-932765770,S3-945974540,S3-977363593
S1-62369497	S2-645966576,S3-594111700,S3-875352732
S1-472029773	S2-110504656,S2-113572337,S2-126209019,S2-146888941,S2-299468653,S2-301059730,S2-3053671,S2-4064354,S2-453233220,S2-461675010,S2-542996004,S2-568552967,S2-594777404,S2-597892026,S2-635656286,S2-645913840,S2-66629241,S2-674497146,S2-685095097,S2-762518412,S2-771445530,S2-796493911,S2-858385059,S2-874684634,S2-881399333,S2-885928100,S2-934982273,S2-941495597,S2-965210826,S2-984973045,S3-125580974,S3-136411526,S3-145043209,S3-1553494,S3-174504444,S3-187526031,S3-188026421,S3-24521247,S3-255680925,S3-311200731,S3-312616850,S3-314357361,S3-358898234,S3-361736026,S3-409611815,S3-427601409,S3-43840946,S3-533135666,S3-616869404,S3-641098857,S3-657130060,S3-670123871,S3-674579592,S3-713634435,S3-738393267,S3-808322109,S3-836006799,S3-844915767,S3-853069039,S3-905414888
S1-379378394	S2-131194056,S2-152523406,S2-159367513,S2-329655698,S2-378401130,S2-389924615,S2-39388796,S2-424932378,S2-43649412,S2-47230336,S2-517729144,S2-521874903,S2-526526422,S2-53755513,S2-584400673,S2-630297971,S2-639625377,S2-650321827,S2-680865749,S2-727758728,S2-748230329,S2-831780187,S2-848146774,S2-880888575,S2-920906100,S2-94679254,S2-955438992,S2-972449638,S2-984762458,S2-994535017,S3-115821081,S3-13473302,S3-163304966,S3-168748626,S3-18809642,S3-22645731,S3-259455906,S3-313281185,S3-322586502,S3-373462158,S3-380211012,S3-411995233,S3-442588742,S3-454016372,S3-458510250,S3-463080822,S3-484432248,S3-528331157,S3-571468495,S3-597585149,S3-727698517,S3-741711866,S3-746257537,S3-755883363,S3-760385246,S3-768127148,S3-785765455,S3-875055273,S3-886064344,S3-960763277
S1-802501899	S2-175303212,S2-253970227,S2-29151453,S2-441929881,S2-808218764,S2-844884083,S3-256922299,S3-372049636,S3-412622440,S3-444577391,S3-514315894,S3-518359418,S3-709963095,S3-726968295,S3-962130238,S3-979646739
S1-404958214	S2-12972431,S2-147311845,S2-152226875,S2-219355084,S2-249830141,S2-303571613,S2-329121069,S2-341601233,S2-435670742,S2-465817760,S2-468329616,S2-472041101,S2-483681564,S2-57426551,S2-575643623,S2-60635020,S2-609791116,S2-622821556,S2-633455979,S2-652037774,S2-696835619,S2-749366661,S2-751023672,S2-777419896,S2-811666398,S2-831153057,S2-882033381,S2-951430215,S2-951733737,S2-965078804,S3-123249639,S3-189797356,S3-211025045,S3-251762160,S3-265986868,S3-291633746,S3-304462489,S3-310846105,S3-355456533,S3-389637848,S3-392095526,S3-438390974,S3-509133189,S3-585262803,S3-613766660,S3-639744002,S3-642928231,S3-700309394,S3-703908633,S3-707673376,S3-750677739,S3-76279381,S3-829262339,S3-892445414,S3-933057485,S3-948111186,S3-979593812,S3-980182730,S3-980554860,S3-989752617
S1-134964502	S2-146672611,S2-153702164,S2-175351817,S2-216150699,S2-285773121,S2-383407027,S2-391668187,S2-405752906,S2-445542761,S2-459023917,S2-473340489,S2-486336366,S2-532810751,S2-55637946,S2-570027126,S2-620771668,S2-630660131,S2-633595064,S2-641074621,S2-643131962,S2-645076525,S2-750401781,S2-763497078,S2-779201429,S2-806209738,S2-82722181,S2-865500418,S2-878488045,S2-973838394,S2-992596201,S3-144573310,S3-186615791,S3-207394243,S3-221083514,S3-232926391,S3-260679600,S3-285601749,S3-335580784,S3-345813298,S3-382235575,S3-393221508,S3-407066858,S3-531166750,S3-546401180,S3-549837264,S3-574535488,S3-580458411,S3-588210619,S3-607356500,S3-663145975,S3-675307211,S3-686358310,S3-716729733,S3-732234960,S3-762800591,S3-777355581,S3-795847353,S3-84724564,S3-853307644,S3-949501293
S1-903680191	S3-301064476
S1-746205301	S2-204662576,S2-209165171,S2-227288191,S2-244350045,S2-24559179,S2-327790507,S2-396970295,S2-479224133,S2-520605990,S2-527125389,S2-550807216,S2-579689093,S2-633143249,S2-662043617,S2-742932188,S2-815286111,S2-870024749,S3-196567735,S3-26549389,S3-323338178,S3-345078242,S3-36802525,S3-493241079,S3-524596838,S3-607250238,S3-6333652,S3-689085628,S3-736587620,S3-777812792,S3-833508945,S3-866905302,S3-884508961,S3-905210232,S3-905684997
S1-356330116	S2-109713387,S2-197210947,S2-324583518,S2-337148393,S2-382984720,S2-407238650,S2-415587281,S2-420447009,S2-536037807,S2-590386606,S2-662381517,S2-72972055,S2-778740801,S2-888167462,S2-922252085,S3-138159281,S3-153027663,S3-225315933,S3-23409031,S3-324249974,S3-565913904,S3-74181427,S3-75679004,S3-879024162,S3-904979721,S3-958704554,S3-98922083,S3-991582606
S1-897438771	S2-669139066,S2-724366993,S3-282864684,S3-443560965,S3-603011937,S3-941488547
S1-216853138	S2-124773017,S2-18373037,S2-184312863,S2-220248812,S2-271369594,S2-299061023,S2-29942664,S2-332740451,S2-332864044,S2-34145552,S2-374086598,S2-375564096,S2-398745325,S2-436166920,S2-456514313,S2-475822291,S2-517286309,S2-53301658,S2-600711299,S2-670162547,S2-692842245,S2-701271844,S2-744098365,S2-842678300,S2-873367081,S2-885493859,S2-920233858,S2-973743367,S2-974127737,S2-98712145,S3-123801729,S3-227972985,S3-242645790,S3-265050748,S3-268397330,S3-307160727,S3-310143925,S3-358249200,S3-389986568,S3-509033058,S3-532248119,S3-605923847,S3-633301761,S3-633899794,S3-647541936,S3-65006793,S3-728770865,S3-742213830,S3-758642080,S3-76144293,S3-785919525,S3-787991253,S3-803349000,S3-824779716,S3-834841989,S3-849510245,S3-876629945,S3-912771011,S3-929042212,S3-962476976
S1-21010276	S2-111922544,S2-158346691,S2-166727616,S2-181894384,S2-194315448,S2-270187905,S2-296111658,S2-310998803,S2-318501194,S2-326084765,S2-338032848,S2-343715589,S2-365458460,S2-423013585,S2-448805558,S2-464418931,S2-520268131,S2-526715238,S2-581214215,S2-645810222,S2-654239518,S2-68949778,S2-698484283,S2-72755714,S2-771738001,S2-829962801,S2-84737748,S2-879057012,S2-908930193,S2-961931204,S3-206904037,S3-247647361,S3-32768334,S3-334477778,S3-342347339,S3-391472843,S3-435681773,S3-437608765,S3-473715100,S3-487009274,S3-488159857,S3-495667918,S3-511408434,S3-529258404,S3-603454404,S3-609187011,S3-642164515,S3-65002517,S3-690397218,S3-702539895,S3-712950944,S3-81400524,S3-87325362,S3-887018358,S3-901198814,S3-940179156,S3-94369164,S3-950178945,S3-95573923,S3-978172635
S1-411150863	
S1-721904625	S2-605664528,S2-975516526,S3-3346217
S1-500842861	S2-521225560,S3-590665163
S1-519840188	S2-482485298,S2-579558090,S2-715295137,S2-721455518,S2-765889331,S2-78013127,S2-855290619,S2-938622109,S3-261622391,S3-318762257,S3-375624134,S3-538595472,S3-588198942,S3-788006933,S3-833530054
S1-371172270	S2-132368912,S2-135767694,S2-238319471,S2-252511712,S2-353682950,S2-363705752,S2-371660098,S2-411904695,S2-418582140,S2-421904675,S2-455424617,S2-463277707,S2-48420961,S2-500452740,S2-619232660,S2-640812950,S2-648974250,S2-656912757,S2-705778091,S2-744752390,S2-751603736,S2-779254225,S2-802603233,S2-809221205,S2-813926443,S2-844560400,S2-851816078,S2-882517768,S2-935306094,S2-979336817,S3-119929019,S3-199827436,S3-215072954,S3-252963534,S3-299348052,S3-330898912,S3-341780956,S3-352424751,S3-363114515,S3-38708242,S3-421316769,S3-466151020,S3-488223012,S3-578627171,S3-58055257,S3-628381213,S3-635346197,S3-636944348,S3-703139764,S3-723783918,S3-746988992,S3-767114627,S3-781459392,S3-831766035,S3-846503182,S3-870689168,S3-877691632,S3-900112943,S3-911046966,S3-987746837
S1-146269669	S2-205674278,S2-277042650,S2-285447674,S2-303543417,S2-306815436,S2-321059052,S2-349817530,S2-350799774,S2-378901884,S2-416864645,S2-431460003,S2-466588638,S2-500663169,S2-507510245,S2-520960286,S2-613925433,S2-625078734,S2-626171220,S2-640460110,S2-653512776,S2-655395795,S2-656702541,S2-701376858,S2-729293848,S2-838770537,S2-908378170,S2-916770534,S2-935888761,S2-975273512,S2-98867169,S3-141810803,S3-154640828,S3-181549131,S3-186207857,S3-20067889,S3-230211551,S3-306382694,S3-374595803,S3-378386519,S3-378820305,S3-395563891,S3-445076712,S3-476813248,S3-531477595,S3-563035228,S3-568312215,S3-597650973,S3-607986344,S3-625410062,S3-625988136,S3-700960485,S3-702687488,S3-827702325,S3-847636115,S3-872875256,S3-889846487,S3-909459460,S3-916153566,S3-921398455,S3-972906531
S1-640903890	S2-194328845,S2-291996201,S2-320705190,S2-809866423,S2-862948988,S2-949243075,S3-136131916,S3-32240464,S3-403070528,S3-703258877,S3-903871456,S3-930988039
S1-579513223	S2-142840055,S2-185618962,S2-198854446,S2-216824989,S2-220079053,S2-220745116,S2-228194174,S2-269934131,S2-284823104,S2-319233156,S2-348162032,S2-414204260,S2-439548922,S2-45294978,S2-481301038,S2-488145239,S2-502005486,S2-559441139,S2-574575307,S2-627007690,S2-638983657,S2-684895354,S2-753001730,S2-810714812,S2-810805107,S2-829942608,S2-876774207,S2-892331694,S2-935506738,S2-94394137,S3-14300941,S3-169023570,S3-177925014,S3-183798543,S3-198975512,S3-314603645,S3-316780903,S3-321356033,S3-372380607,S3-383841473,S3-390468317,S3-436465990,S3-450473342,S3-4595655,S3-479131441,S3-551837510,S3-618757896,S3-626959297,S3-664885747,S3-708975617,S3-716376363,S3-735194123,S3-771973497,S3-78398747,S3-809293235,S3-85219674,S3-908881478,S3-933721324,S3-965626694,S3-966203535
S1-834059246	S2-119825600,S2-248693335,S2-300723257,S2-365846783,S2-382588492,S2-403238757,S2-414356396,S2-43091452,S2-477842020,S2-481781064,S2-483153166,S2-492611577,S2-494494535,S2-509242829,S2-510230141,S2-556126311,S2-587735495,S2-639896474,S2-64675087,S2-650707105,S2-657394965,S2-660193609,S2-753434817,S2-771954425,S2-780789791,S2-825439624,S2-857021082,S3-102723866,S3-150887938,S3-197888098,S3-244461636,S3-292380182,S3-295191266,S3-328920489,S3-347619078,S3-42836884,S3-429013347,S3-440377125,S3-487550003,S3-491516624,S3-499448068,S3-501654855,S3-536890003,S3-587045516,S3-625627693,S3-635144098,S3-67999574,S3-696237080,S3-728012594,S3-760630771,S3-780564332,S3-87440944,S3-890264600,S3-952826517,S3-958555411,S3-959471029,S3-961099059
S1-543738021	S2-148536973,S2-151940703,S2-212758684,S2-23012223,S2-230561007,S2-265792683,S2-279186479,S2-283199274,S2-297723219,S2-305705398,S2-318860759,S2-346383864,S2-410955118,S2-460426425,S2-476854553,S2-48775439,S2-529177129,S2-556838792,S2-558987691,S2-632664386,S2-803663046,S2-836707059,S2-844965704,S2-847860680,S2-861271601,S2-86755258,S2-869447691,S2-886598500,S2-919322068,S2-920370572,S3-102723106,S3-119243865,S3-152039747,S3-191083342,S3-213421745,S3-242556779,S3-267764149,S3-344227850,S3-34701801,S3-358629415,S3-366845164,S3-411026149,S3-448779415,S3-527593013,S3-609309323,S3-614994700,S3-619364070,S3-638240727,S3-676483189,S3-705348110,S3-811941617,S3-821739455,S3-827321767,S3-831439783,S3-862396059,S3-877594865,S3-887654658,S3-942771455,S3-94339766,S3-987525875
S1-464735932	S2-15472716,S2-187125528,S2-214201098,S2-257281079,S2-283332418,S2-46222315,S2-481459045,S2-803194809,S2-890372431,S2-923146898,S2-924261819,S3-28151790,S3-314908562,S3-318004513,S3-339748459
S1-720494821	S2-206048994,S2-27302126,S2-29715977,S2-299031793,S2-440748203,S2-478301482,S2-480758113,S2-499873467,S2-56124465,S2-573035553,S2-618875572,S2-62522308,S2-648545114,S2-688953163,S2-763155757,S2-776554079,S2-816469037,S2-841247216,S2-879733851,S2-900485730,S2-93841885,S2-944799468,S2-952615785,S3-108238449,S3-210097801,S3-213271201,S3-290193013,S3-350390218,S3-361604018,S3-379642297,S3-525979438,S3-527855495,S3-543119468,S3-551280305,S3-574525819,S3-597335123,S3-601075436,S3-618501272,S3-652686176,S3-68631755,S3-71679942,S3-719564528,S3-722816571,S3-739739221,S3-752026536,S3-774448452,S3-791280201,S3-879782092,S3-914205722,S3-930623335,S3-960883243,S3-967136130,S3-968688662
S1-614166527	S3-142827550,S3-44133330
S1-330425761	S2-101564497,S2-119202655,S2-150287104,S2-286005913,S2-289409615,S2-291634336,S2-338667337,S2-371862628,S2-432991846,S2-437525052,S2-443512841,S2-45438878,S2-463995200,S2-468233218,S2-517530443,S2-520541612,S2-534442259,S2-577790062,S2-578869824,S2-649041089,S2-74531264,S2-761822054,S2-765349131,S2-775218995,S2-796270600,S2-800047669,S2-880144081,S2-88303862,S2-908906530,S2-976996986,S3-175911794,S3-227413469,S3-257516229,S3-273605022,S3-28994704,S3-315275582,S3-326391093,S3-346623432,S3-415603198,S3-417785568,S3-52867650,S3-548373577,S3-557550750,S3-621957444,S3-625657371,S3-672187118,S3-67322730,S3-686561992,S3-689264506,S3-740304553,S3-752780185,S3-81399408,S3-838056835,S3-84159757,S3-84755991,S3-856400428,S3-867900982,S3-895678082,S3-941780047,S3-942000707
S1-636382711	S2-106369499,S2-122076721,S2-164533169,S2-170926925,S2-23598112,S2-243214822,S2-263605429,S2-26982166,S2-296638882,S2-298497048,S2-385534161,S2-394286232,S2-412538990,S2-460466704,S2-490027136,S2-508231281,S2-533937332,S2-550976080,S2-58813668,S2-602468830,S2-661184414,S2-685835191,S2-734543252,S2-751204582,S2-800080888,S2-825112049,S2-86906296,S2-918450998,S2-979989990,S2-992064122,S3-105164678,S3-119934855,S3-138705143,S3-185519335,S3-190236068,S3-197009447,S3-207088965,S3-228416934,S3-247507354,S3-259598935,S3-267584340,S3-357860085,S3-387606247,S3-436930417,S3-439487740,S3-473435194,S3-496865978,S3-507304971,S3-519364444,S3-520387805,S3-55449756,S3-615003658,S3-640804159,S3-673662653,S3-814187209,S3-857877542,S3-910623380,S3-934260380,S3-966058511,S3-999971483
S1-845582955	S2-1103805,S2-160901696,S2-179988520,S2-191571799,S2-192077823,S2-203763422,S2-225848486,S2-262220021,S2-288769131,S2-330520019,S2-356508120,S2-364440927,S2-370355888,S2-441311803,S2-520811833,S2-522160593,S2-542159890,S2-579652154,S2-592928611,S2-637434303,S2-650402311,S2-655529315,S2-673035334,S2-772024716,S2-823894776,S2-858914359,S2-880993283,S2-911158633,S2-941469615,S2-989431296,S3-100954321,S3-116064187,S3-148004777,S3-16028158,S3-195063677,S3-239608594,S3-249673545,S3-28168081,S3-31380410,S3-345307951,S3-38013310,S3-381344445,S3-390909210,S3-397994043,S3-415592034,S3-465188955,S3-494103844,S3-495721642,S3-521103490,S3-571444830,S3-577208685,S3-592715108,S3-680390811,S3-703041595,S3-786757915,S3-789796560,S3-794612120,S3-816733329,S3-940390996,S3-982684554
S1-864813407	S2-19110559,S2-359214213,S2-394984842,S2-620965600,S2-625665449,S2-714341593,S2-731702306,S2-743361445,S2-81286561,S2-842269327,S2-939970908,S2-998097336,S3-128006463,S3-166496342,S3-214889573,S3-478996216,S3-783816845,S3-833570927,S3-854170828
S1-226835563	S2-10981700,S2-127530159,S2-133806055,S2-153082802,S2-154031891,S2-165924618,S2-226357209,S2-381181259,S2-438706341,S2-445958804,S2-607860468,S2-714816280,S2-846190416,S2-867069706,S2-883406149,S2-92377144,S2-954882808,S2-962496429,S3-109648907,S3-240730210,S3-276419862,S3-333016484,S3-370131543,S3-386436694,S3-498644270,S3-505851566,S3-620912448,S3-663416094,S3-730153647,S3-753860060,S3-770186621,S3-794622206,S3-998539293
S1-593083174	S2-114534535,S2-117910079,S2-179462738,S2-181352895,S2-216662478,S2-321819342,S2-342830718,S2-357373256,S2-422277633,S2-443419162,S2-549204313,S2-627305503,S2-633966188,S2-661089730,S2-661253008,S2-666014442,S2-7127161,S2-781503260,S2-781769836,S2-793216803,S2-804302111,S2-819133582,S2-858103882,S2-861500073,S2-930365483,S2-965454124,S2-984890034,S2-9975249,S3-106828696,S3-123825456,S3-154520346,S3-181374206,S3-20289189,S3-203692294,S3-205230380,S3-213306764,S3-257196687,S3-276538059,S3-277930857,S3-310920414,S3-318003297,S3-319233925,S3-342764773,S3-443767413,S3-554216593,S3-554416490,S3-568480998,S3-606368015,S3-667810309,S3-684565352,S3-704130259,S3-780875996,S3-832705761,S3-866378400,S3-891325550,S3-906064440,S3-937252033,S3-939104329
S1-265308634	S2-134867464,S2-226125148,S2-237889023,S2-266849752,S2-27030920,S2-29204107,S2-313883612,S2-314483256,S2-317035283,S2-420259470,S2-440087056,S2-443079359,S2-504070905,S2-547766493,S2-550202394,S2-581945243,S2-63678806,S2-709732863,S2-727477697,S2-817544104,S2-822694733,S2-824625276,S2-836119219,S2-845574962,S2-874190325,S2-888322584,S3-106650154,S3-170010156,S3-250624692,S3-303148434,S3-319646402,S3-344484141,S3-380754501,S3-413547880,S3-425599442,S3-474424339,S3-487348263,S3-495530887,S3-509496823,S3-548443725,S3-578671415,S3-640288859,S3-675677993,S3-676815007,S3-712543087,S3-717480827,S3-722430572,S3-747731687,S3-760158779,S3-791609513,S3-799622539,S3-872099434,S3-88770842,S3-892714465,S3-893959443,S3-965404032
S1-342524902	S2-171379851,S3-734972619
S1-313657958	S2-103253297,S2-143876000,S2-151678138,S2-156613905,S2-163913234,S2-164505637,S2-179176932,S2-227950989,S2-26872795,S2-320315224,S2-354897792,S2-467936101,S2-473910330,S2-577773401,S2-59007301,S2-611644643,S2-633558291,S2-645518926,S2-652900825,S2-682125542,S2-717881428,S2-778015080,S2-804366548,S2-842616785,S2-931608179,S2-949832646,S2-974155966,S3-113611697,S3-11373521,S3-123942452,S3-145207463,S3-151298220,S3-165562242,S3-222058531,S3-238403030,S3-258081524,S3-395947477,S3-512158602,S3-533360777,S3-591867396,S3-616866960,S3-666581103,S3-68790477,S3-744722227,S3-745739648,S3-751474794,S3-847800602,S3-852292278,S3-880326859,S3-88314408,S3-883465495,S3-898162426,S3-899478756,S3-908628960,S3-911588467,S3-926526198,S3-962600605
S1-761368811	S2-113043971,S2-141655163,S2-169043051,S2-197035061,S2-198283258,S2-205283758,S2-259017641,S2-284015443,S2-285398158,S2-298440133,S2-302800954,S2-347386969,S2-349669522,S2-3776152,S2-411129633,S2-464726955,S2-482171281,S2-499383307,S2-555300384,S2-563540722,S2-623781681,S2-638161191,S2-6626795,S2-670437611,S2-682104640,S2-781630660,S2-793378361,S2-869784503,S2-945532055,S2-961677454,S3-107392514,S3-1339983,S3-179232269,S3-190335009,S3-195887077,S3-278564878,S3-356584421,S3-392236413,S3-408820854,S3-422815078,S3-456593429,S3-502461129,S3-503058813,S3-519324158,S3-540093376,S3-553611635,S3-573314762,S3-600864845,S3-656277116,S3-686450431,S3-695140048,S3-712442079,S3-782851977,S3-788268534,S3-790686227,S3-816832013,S3-827240655,S3-908954983,S3-958780926,S3-997983359
S1-370040082	S2-200354794
S1-30674002	S2-138784024,S2-231575030,S2-277974052,S2-36958728,S2-371791686,S2-380577379,S2-409075025,S2-419589518,S2-419629856,S2-434430981,S2-488501597,S2-495042924,S2-498561434,S2-529740953,S2-530812786,S2-570993222,S2-602430674,S2-627887853,S2-664914456,S2-719779908,S2-806758743,S2-81183557,S2-813493207,S2-83188686,S2-837377978,S2-925187618,S2-931837890,S2-969668909,S2-971567084,S2-972334119,S3-100760115,S3-158771309,S3-16784096,S3-228036416,S3-231881649,S3-340877577,S3-351108870,S3-380699117,S3-39191360,S3-392758871,S3-440080552,S3-457799488,S3-459840723,S3-477722751,S3-49139242,S3-533719221,S3-575258790,S3-662820795,S3-674004496,S3-704131787,S3-755063748,S3-818874736,S3-844704632,S3-861630379,S3-880025660,S3-900101445,S3-951470340,S3-957750113,S3-97423271,S3-980636815
S1-184326040	S2-59598488,S3-26913471,S3-418626806,S3-528076921,S3-535398546
S1-752875458	S2-129221586,S2-139103688,S2-162426646,S2-199102516,S2-231987427,S2-251826529,S2-265297409,S2-290153919,S2-325740613,S2-341076898,S2-360920095,S2-416916887,S2-421696174,S2-429116758,S2-463182750,S2-53423114,S2-555845394,S2-560522106,S2-63816902,S2-690375975,S2-6972990,S2-79708148,S2-797796099,S2-806937658,S2-8265487,S2-843683668,S2-866569827,S2-890763687,S2-934913804,S2-998093186,S3-10369668,S3-217908280,S3-219749401,S3-22459643,S3-228920310,S3-234015283,S3-287582827,S3-294295554,S3-312698987,S3-327547662,S3-339418916,S3-372249537,S3-401686797,S3-402868115,S3-406764133,S3-416687956,S3-449527390,S3-562131923,S3-5937080,S3-635483466,S3-669739523,S3-687594975,S3-711265811,S3-724791495,S3-730176922,S3-784785798,S3-813606614,S3-901638432,S3-918634075,S3-989496055
S1-749190987	S3-154399612,S3-48118841,S3-668924095,S3-995036409
S1-303885393	S2-218514243,S2-226165233,S2-348405219,S2-5727461,S2-577096511,S2-587598655,S2-72424740,S2-863220184,S2-879310175,S2-988217890,S3-336437438,S3-525932865,S3-537039741,S3-547409259,S3-572196212,S3-630291944,S3-757103547,S3-890820815
S1-524471698	S2-106543688,S2-116135298,S2-142805236,S2-165334672,S2-173153917,S2-174092298,S2-18432937,S2-185724457,S2-193544774,S2-301709177,S2-309903154,S2-347418397,S2-395033638,S2-40068173,S2-402755418,S2-411743437,S2-419061222,S2-430445042,S2-462702041,S2-50387299,S2-594452750,S2-610624710,S2-662848229,S2-729282966,S2-792755634,S2-828456076,S2-852931641,S2-884993983,S2-945900240,S2-980018601,S3-119625975,S3-120113928,S3-121684812,S3-161306336,S3-206044690,S3-20938678,S3-228107611,S3-243094974,S3-335864567,S3-348142176,S3-350308790,S3-369308211,S3-373537234,S3-382470305,S3-399917423,S3-496201337,S3-526702965,S3-592235292,S3-609702766,S3-636155898,S3-647460198,S3-711940232,S3-724472628,S3-763324764,S3-812731783,S3-867417292,S3-886624290,S3-971141476,S3-983321682,S3-993504621
S1-81401869	S2-137814770,S2-777743673,S2-85506947,S2-938808823,S3-25581880,S3-383442358,S3-586319631,S3-883065221,S3-945785266
S1-600924899	S2-34588445,S2-39385134,S3-180562678,S3-872567925,S3-90852182
S1-223740121	S2-108413283,S2-112142908,S2-161306999,S2-235490714,S2-254863596,S2-259630417,S2-275672522,S2-287934344,S2-292599034,S2-32330460,S2-352096977,S2-356407690,S2-391512964,S2-47994135,S2-491373294,S2-511944388,S2-528960693,S2-588450400,S2-645191485,S2-658492644,S2-688565518,S2-716089288,S2-821777896,S2-882222379,S2-890194693,S2-896574315,S2-919455525,S2-961160173,S2-966235118,S2-978350521,S3-132431810,S3-138270502,S3-207559453,S3-219397716,S3-248653656,S3-263530613,S3-291839849,S3-326699728,S3-33109277,S3-333048360,S3-452391068,S3-499539902,S3-519725431,S3-580659779,S3-587317019,S3-628732712,S3-680527147,S3-685081161,S3-692841208,S3-737795833,S3-744451826,S3-756715502,S3-766208167,S3-780433714,S3-795959299,S3-812211547,S3-826198299,S3-846911389,S3-888781881,S3-979910371
S1-497450389	S2-435175040,S3-811154074
S1-951404426	S2-123663993,S2-148830846,S2-173319869,S2-19159638,S2-204116757,S2-214825343,S2-259446086,S2-393907798,S2-397458192,S2-528095734,S2-537923720,S2-597468985,S2-644813322,S2-671362695,S2-672969589,S2-673422981,S2-677249335,S2-727398741,S2-729477758,S2-766771130,S2-786295570,S2-801512495,S2-845348272,S2-845536022,S2-853389339,S2-860556589,S2-985192210,S2-988687200,S2-989061778,S3-100530884,S3-180689436,S3-186789114,S3-277031729,S3-279650344,S3-327946594,S3-340904119,S3-342845883,S3-345590691,S3-39986485,S3-534742414,S3-573834369,S3-588369040,S3-599501438,S3-601333670,S3-614030351,S3-61730706,S3-628888782,S3-681564456,S3-718371242,S3-777886421,S3-792580045,S3-793292579,S3-858733140,S3-892722956,S3-893410693,S3-936379345,S3-971227842,S3-981843199,S3-98285731
S1-677361364	S2-153806959,S2-286582424,S2-286850939,S2-318412646,S2-359172407,S2-545981577,S2-632168180,S2-710649780,S2-823852579,S2-973682879,S3-239813077,S3-265010291,S3-336428463,S3-428126617,S3-678932449,S3-853214254
S1-438605996	S2-106026960,S2-146794267,S2-315637219,S2-422072448,S2-489148128,S2-546091862,S2-588537330,S2-62341787,S2-757018883,S2-778961186,S2-841756540,S2-868349487,S2-920903351,S2-943270728,S3-102327715,S3-177909414,S3-199070735,S3-202311103,S3-222857451,S3-3467813,S3-424941218,S3-468646027,S3-562507447,S3-612183242,S3-738108160,S3-8665898,S3-919405243,S3-999510964
S1-669877826	S2-105890251,S2-115628631,S2-132935184,S2-15165315,S2-216887119,S2-334428975,S2-346987127,S2-366979515,S2-385719652,S2-453688563,S2-463581483,S2-499815385,S2-514593415,S2-553669103,S2-560769781,S2-571239983,S2-584760377,S2-647295033,S2-654870083,S2-736146787,S2-782982497,S2-819104886,S2-824541301,S2-828604568,S2-875837935,S2-919952156,S2-920313823,S2-94323597,S2-956304632,S2-962257549,S3-111119043,S3-21546624,S3-217589998,S3-231756497,S3-234325119,S3-238805733,S3-292764762,S3-345482871,S3-370333800,S3-485919473,S3-527242905,S3-531205243,S3-545157645,S3-587114411,S3-617329769,S3-622813029,S3-628853065,S3-6429946,S3-7295147,S3-737210348,S3-786850772,S3-806566890,S3-833180590,S3-909286166,S3-909772710,S3-927439444,S3-938363560,S3-941729855,S3-954297936,S3-995528636
S1-293244964	S2-135982606,S2-169124037,S2-176711522,S2-185647440,S2-260216237,S2-322284903,S2-354777791,S2-48969661,S2-525651855,S2-540140399,S2-560953822,S2-630283116,S2-67263156,S2-678607409,S2-737205351,S2-777155067,S2-838716703,S2-858936750,S2-869663399,S3-517061581,S3-630171584,S3-638881243,S3-681326487,S3-683124953,S3-701710743,S3-70935780,S3-712132709,S3-714703044,S3-727395324,S3-772904272,S3-80802038,S3-85328531,S3-907541937,S3-916158704,S3-926287571,S3-931648885
S1-872080679	S2-166426356,S2-210897207,S2-298363028,S2-322564584,S2-373346765,S2-504115068,S2-505716165,S2-55546180,S2-599554394,S2-671027938,S2-841383915,S2-86933812,S2-958935615,S2-993619425,S3-22158781,S3-229362725,S3-335660831,S3-406677405,S3-790152413,S3-847494039,S3-869271921,S3-917466950
S1-578655170	S2-175717205,S2-269157204,S2-336649886,S2-38906343,S2-405317691,S2-409707360,S2-425111818,S2-462061040,S2-482480071,S2-499403125,S2-527566704,S2-621315941,S2-660901239,S2-687219766,S2-69188898,S2-738601006,S2-759975537,S2-781579415,S2-81309653,S2-821160233,S2-821391708,S2-828759670,S2-847704351,S2-879387329,S2-92063732,S2-923935688,S2-927054987,S2-936325341,S2-953560377,S2-974516264,S3-148179117,S3-183952848,S3-212267785,S3-276050641,S3-403217406,S3-413886272,S3-427231720,S3-464706496,S3-47663035,S3-560844837,S3-575498409,S3-617337305,S3-636910223,S3-645421633,S3-68646257,S3-6994221,S3-748978030,S3-751429854,S3-777871571,S3-777987981,S3-83323625,S3-850865473,S3-854216085,S3-858371954,S3-866122529,S3-887800328,S3-916681992,S3-943239461,S3-979927015,S3-995681349
S1-855309387	S2-136045611,S2-325405392,S2-82866756,S3-201603103
S1-849800146	S2-224900756,S2-258890511,S2-490984738,S2-742061876,S2-757323825,S3-153492696,S3-154978895,S3-228825870
S1-950006929	S2-10124068,S2-107063181,S2-233907616,S2-25257467,S2-389727862,S2-42690017,S2-432700776,S2-483250590,S2-601048729,S2-826989075,S2-948582057,S3-161561780,S3-177058488,S3-213147020,S3-474162972,S3-516031637,S3-734544839,S3-949838112
S1-477543769	S2-108003201,S2-112563664,S2-123839288,S2-148184273,S2-174025572,S2-177642943,S2-184173932,S2-224517224,S2-264590736,S2-270974741,S2-297705826,S2-2995921,S2-319577489,S2-516400854,S2-560286402,S2-594331160,S2-616011546,S2-659630027,S2-663318299,S2-726611896,S2-727642692,S2-737042135,S2-737845063,S2-790666324,S2-795539118,S2-849402188,S2-864615786,S2-904300197,S2-965448362,S2-980223815,S3-212313765,S3-223347276,S3-228682799,S3-299028840,S3-313371843,S3-366875824,S3-41644669,S3-418557014,S3-427578957,S3-452349975,S3-468461063,S3-489111408,S3-492579851,S3-503461290,S3-525407591,S3-538122731,S3-560650998,S3-6071,S3-64305623,S3-644932956,S3-694704261,S3-716618924,S3-749372756,S3-778644659,S3-802368771,S3-803182412,S3-857530666,S3-889030240,S3-921821238,S3-979683206
S1-533947051	S2-120856505,S2-153907074,S2-161049581,S2-201072653,S2-210793261,S2-218567825,S2-249546688,S2-25560636,S2-283029724,S2-31257207,S2-325996969,S2-349077322,S2-363643937,S2-426350876,S2-525664689,S2-554951079,S2-57121924,S2-607983960,S2-60878278,S2-629442002,S2-653176301,S2-668466858,S2-714409240,S2-722689590,S2-734866555,S2-755043747,S2-85001706,S2-872392072,S2-894699730,S2-906082055,S3-150192712,S3-184184923,S3-20552436,S3-227614182,S3-304877707,S3-33601788,S3-338954688,S3-360043291,S3-363533821,S3-387532071,S3-409652301,S3-414572082,S3-463442683,S3-487040666,S3-502057806,S3-592914760,S3-639804024,S3-660918862,S3-679793442,S3-702185399,S3-710096008,S3-716540406,S3-726736652,S3-781586296,S3-787434565,S3-841969142,S3-919471933,S3-945340694,S3-961195907,S3-963691824
S1-689992280	S2-131504687,S2-15921640,S2-181489002,S2-190467037,S2-211746456,S2-213773091,S2-268648044,S2-27602481,S2-330621657,S2-342374930,S2-351484353,S2-410897304,S2-4721817,S2-482992798,S2-504396049,S2-506140408,S2-523379039,S2-566277051,S2-594485537,S2-687101840,S2-73972153,S2-749119296,S2-781155179,S2-823436408,S2-840764093,S2-883796261,S2-897834208,S2-91149721,S2-974627157,S2-996921965,S3-120066599,S3-138217540,S3-186438230,S3-187222460,S3-223519375,S3-278404465,S3-323300889,S3-339976201,S3-350785963,S3-382292973,S3-405694621,S3-408453287,S3-410733915,S3-448224233,S3-463209677,S3-555685610,S3-562099018,S3-564970915,S3-580957400,S3-582629350,S3-595480192,S3-627139472,S3-756886604,S3-805783754,S3-812835487,S3-828018095,S3-831565203,S3-891516338,S3-906802156,S3-94779368
S1-827116132	S2-198158128,S2-203155324,S2-21717728,S2-252767941,S2-308044659,S2-312670705,S2-331808466,S2-34368924,S2-351314245,S2-372552465,S2-379180527,S2-431379832,S2-464227780,S2-480230641,S2-515771097,S2-541813772,S2-598263754,S2-628380876,S2-691720698,S2-692620034,S2-696348289,S2-728019091,S2-736481024,S2-740357681,S2-772917286,S2-785205951,S2-819788949,S2-880275468,S2-891083692,S2-901500376,S3-10227546,S3-123392643,S3-125694775,S3-148388713,S3-216385098,S3-242897285,S3-246182422,S3-311793223,S3-320208371,S3-418995267,S3-419193180,S3-53031993,S3-543873273,S3-573820584,S3-587501504,S3-613265078,S3-650770772,S3-659177884,S3-693759955,S3-727604647,S3-757904585,S3-805875051,S3-810436183,S3-874286987,S3-876508647,S3-891488880,S3-909397042,S3-921175404,S3-966862124,S3-985925569
S1-130033627	S2-180946102,S2-264323093,S2-280558582,S2-341179788,S2-356295867,S2-520668627,S2-569128734,S2-647805298,S2-708383489,S2-893913314,S2-949160313,S3-173270954,S3-187178988,S3-267592475,S3-30724476,S3-329833582,S3-465893286,S3-498960408,S3-502266096,S3-785562874,S3-870304020,S3-880629199,S3-916962857,S3-956859295,S3-965085175
S1-200328362	S2-300368990,S2-588677921,S2-722016423,S3-410256963,S3-43124426,S3-507290872,S3-815818798
S1-822365624	S2-132554499,S2-138273102,S2-140833570,S2-163436703,S2-173090109,S2-173706184,S2-220884368,S2-255676096,S2-27843258,S2-284043310,S2-288771224,S2-288999716,S2-336085204,S2-396075076,S2-413946277,S2-452905082,S2-557516821,S2-639647901,S2-678417644,S2-708940190,S2-751270908,S2-782699556,S2-816306566,S2-86850417,S2-875171218,S2-878405589,S2-886983803,S2-89077635,S2-89381745,S2-897129424,S3-114275308,S3-1349834,S3-180537830,S3-189487477,S3-199919064,S3-250630272,S3-254759426,S3-258940925,S3-275011567,S3-309746178,S3-409981050,S3-493867915,S3-585551903,S3-588756322,S3-668575020,S3-695923800,S3-700869868,S3-782716530,S3-812776406,S3-836157235,S3-863482003,S3-893361113,S3-895128573,S3-905353920,S3-928571380,S3-956923186,S3-960338493,S3-9711068,S3-975153431,S3-979768273
S1-973488776	S2-331875148,S2-896143076,S3-510291344,S3-895757711
S1-13451015	S2-117778895,S2-120415970,S2-141852427,S2-153262945,S2-156607362,S2-159807469,S2-207215783,S2-247064095,S2-25634292,S2-259744513,S2-276321107,S2-369586322,S2-371549105,S2-40333003,S2-432235712,S2-536814180,S2-554686287,S2-668641653,S2-680954602,S2-73331683,S2-7584980,S2-780110632,S2-78846723,S2-793448448,S2-808782964,S2-810034316,S2-910923331,S2-962832796,S2-964324233,S2-972100596,S3-109157364,S3-133394168,S3-146066219,S3-148685500,S3-231806863,S3-327138429,S3-382745153,S3-415575161,S3-468810359,S3-515422231,S3-519049619,S3-521448742,S3-52495860,S3-541932997,S3-602148636,S3-608397867,S3-619717344,S3-638912062,S3-663967154,S3-703709175,S3-755098551,S3-783993716,S3-784403311,S3-819881143,S3-832357145,S3-886524799,S3-958045254,S3-973298070,S3-986811365,S3-993638504
S1-618510970	S2-285382373,S2-392689182,S2-471498405,S2-553038340,S2-594160243,S2-780556861,S2-824532900,S2-841100913,S2-866641098,S2-963752999,S3-126825632,S3-142963683,S3-275269070,S3-359530514,S3-850928658,S3-934241487
S1-452851960	S2-27678893,S2-30793394,S2-313213475,S2-352492435,S2-375794239,S2-378971784,S2-379335980,S2-406665293,S2-41777656,S2-460192547,S2-529328420,S2-561831003,S2-568384186,S2-57437991,S2-631438243,S2-664955184,S2-710729873,S2-726452325,S2-805425921,S2-84480034,S2-846678495,S2-873403205,S2-922658414,S2-940218829,S2-955891376,S2-969332945,S2-990862424,S3-106837410,S3-117417229,S3-136010531,S3-16401981,S3-207603159,S3-21294255,S3-216597898,S3-227534010,S3-275446214,S3-397814546,S3-450868012,S3-519897798,S3-613032868,S3-621645614,S3-623390368,S3-63124603,S3-721938866,S3-735613131,S3-736987035,S3-750930564,S3-759964738,S3-791954674,S3-850039513,S3-876834595,S3-885930448,S3-893382949,S3-928884356,S3-965675569,S3-974097464,S3-995182152
S1-725672126	S2-156841820,S2-167477834,S2-316587899,S2-550315638,S2-552743941,S2-638984880,S2-645328140,S2-741171407,S2-773741389,S2-867414471,S2-910938403,S2-959001811,S2-998068976,S3-23673870,S3-31127179,S3-317556208,S3-419568781,S3-537296005,S3-632481830,S3-654298000,S3-813467395
S1-371215032	S2-259824650,S3-152625129
S1-880149151	S2-140765975,S2-149970803,S2-222384740,S2-331914502,S2-363674973,S2-418959783,S2-429210652,S2-439537549,S2-464399964,S2-470697451,S2-480244369,S2-495136517,S2-536907481,S2-558009965,S2-573254721,S2-590308034,S2-594759350,S2-638554516,S2-652176638,S2-664169766,S2-676186731,S2-710422552,S2-723265825,S2-743159840,S2-851524256,S2-935606503,S2-956362009,S2-969930800,S2-990057031,S3-128455332,S3-13378190,S3-150295920,S3-17897756,S3-25841143,S3-291535385,S3-319753048,S3-351857383,S3-389727938,S3-392598866,S3-430348501,S3-503381554,S3-508129508,S3-508399847,S3-570513041,S3-634252385,S3-645037256,S3-648253591,S3-683805901,S3-692326898,S3-724800197,S3-729772384,S3-736710465,S3-757474413,S3-79571847,S3-864648260,S3-880375523,S3-946577769,S3-963551719,S3-994811909
S1-704316296	S2-128282441,S2-199422546,S2-208617837,S2-209955246,S2-338753903,S2-376118035,S2-393382200,S2-416288015,S2-431216463,S2-437766782,S2-459952451,S2-490705126,S2-562791276,S2-621261126,S2-632004083,S2-641128711,S2-648554709,S2-665807208,S2-693574240,S2-731904177,S2-813022694,S2-825466031,S2-847524620,S2-872169550,S2-903358057,S2-954174933,S2-959127469,S2-96058067,S2-972813904,S2-995098691,S3-116353113,S3-127468442,S3-133038624,S3-227059844,S3-24746523,S3-27380117,S3-324808989,S3-380400349,S3-481910017,S3-485136709,S3-49776869,S3-54998202,S3-619034200,S3-66023559,S3-715151432,S3-755407127,S3-770019614,S3-796532933,S3-855156279,S3-893033069,S3-910359916,S3-923688450,S3-928696303,S3-929707925,S3-935809521,S3-937841754,S3-942126876,S3-946697023,S3-947426844,S3-978653476
S1-491775540	S2-184990526,S2-641047503
S1-503016984	S2-110135724,S2-11574289,S2-118724354,S2-14210389,S2-213792869,S2-23745555,S2-250399622,S2-259965781,S2-412563048,S2-425162789,S2-460072864,S2-492025242,S2-534732946,S2-5365782,S2-543849294,S2-567780006,S2-610233776,S2-612723361,S2-641201361,S2-671312020,S2-699548733,S2-724034352,S2-739371924,S2-754204888,S2-763194057,S2-99224418,S3-105511021,S3-15007070,S3-190163367,S3-19175629,S3-208392718,S3-246080029,S3-283141834,S3-334560410,S3-369246507,S3-392579419,S3-412919609,S3-461265584,S3-469734183,S3-487998353,S3-513458096,S3-565221247,S3-571061614,S3-575449157,S3-631793663,S3-639322218,S3-644610498,S3-676584987,S3-735904619,S3-799649193,S3-826452382,S3-831081127,S3-840616471,S3-843250049,S3-956054367,S3-991346775
S1-446731231	S2-106270880,S2-112865603,S2-17068002,S2-173642769,S2-257971951,S2-281498139,S2-301888380,S2-307952087,S2-338551317,S2-348056742,S2-348703231,S2-370009275,S2-378923585,S2-39369801,S2-400155737,S2-435463991,S2-458350839,S2-54107612,S2-56822756,S2-63357547,S2-639055682,S2-669279226,S2-672897202,S2-753826492,S2-764159694,S2-789966384,S2-791762396,S2-895750472,S2-90190736,S2-986004801,S3-113889773,S3-158383827,S3-183825982,S3-227592906,S3-278183193,S3-295790853,S3-36899574,S3-39832953,S3-409107268,S3-431333078,S3-498991117,S3-537033624,S3-565439070,S3-654188953,S3-657433107,S3-659871308,S3-686748890,S3-772017080,S3-778235267,S3-798964063,S3-816314927,S3-823105398,S3-850281217,S3-9335510,S3-949863811,S3-959338688,S3-963901966,S3-964410474,S3-986365324,S3-986420591
S1-908289013	S2-298507680,S2-503047431,S2-579199753,S2-612823491,S2-726624641,S2-730859334,S3-177712870,S3-458990562,S3-482029550,S3-59515519,S3-683197953,S3-704072309,S3-996833117
S1-450337428	S2-126062482,S2-174123905,S2-198495915,S2-205508670,S2-218436730,S2-241299703,S2-376735411,S2-405880638,S2-424599024,S2-460359156,S2-463059801,S2-478173845,S2-522737843,S2-570848963,S2-610284106,S2-622060897,S2-638393180,S2-680487504,S2-714452640,S2-718843218,S2-747302579,S2-783359874,S2-789460970,S2-858178279,S2-890810746,S2-939566071,S3-112725847,S3-115943516,S3-171982863,S3-219533386,S3-290575093,S3-350394498,S3-376705881,S3-426754770,S3-428855610,S3-458139788,S3-463405556,S3-478022177,S3-509275017,S3-519106923,S3-557946819,S3-55796206,S3-63903209,S3-686326119,S3-689546583,S3-722440900,S3-725909726,S3-755511237,S3-764964255,S3-79722571,S3-852093681,S3-863966905,S3-882691062,S3-897899252,S3-915882636,S3-950069678
S1-29596643	S2-11440132,S2-121076337,S2-136461683,S2-140142722,S2-237442777,S2-237674377,S2-259765370,S2-304701728,S2-323492553,S2-342212826,S2-420124383,S2-427949992,S2-440862595,S2-466656295,S2-488633616,S2-534525603,S2-545481675,S2-546852231,S2-572125291,S2-626939808,S2-642886740,S2-70651226,S2-783522717,S2-83256819,S2-89256787,S2-89924310,S2-960755751,S2-963897665,S2-965073438,S2-97808898,S3-135807031,S3-169592024,S3-186495460,S3-208572660,S3-228523495,S3-273914965,S3-368757129,S3-383865213,S3-40134092,S3-44889412,S3-459940237,S3-462217140,S3-486924407,S3-486979194,S3-503656938,S3-554746031,S3-593994506,S3-60423523,S3-659231958,S3-694661654,S3-696545592,S3-710978035,S3-81178945,S3-846575504,S3-900916426,S3-925764778,S3-935230595,S3-943429363,S3-943789777,S3-957193032
S1-601561210	S2-182359760,S2-233269551,S2-237167723,S2-263228011,S2-268501989,S2-271159125,S2-284135747,S2-301746741,S2-318719616,S2-336309312,S2-346846585,S2-379345445,S2-382102821,S2-39796311,S2-432925260,S2-462162741,S2-491433316,S2-647666487,S2-730914098,S2-774241049,S2-77768621,S2-806665483,S2-873987699,S2-886926784,S2-888591710,S2-893071180,S2-899232935,S2-907572281,S2-93924732,S2-988222132,S3-162695264,S3-178510566,S3-199931157,S3-255234077,S3-293885661,S3-314785463,S3-317405231,S3-33209852,S3-417791954,S3-457000777,S3-487345660,S3-490154900,S3-573568852,S3-573970253,S3-5752716,S3-579455421,S3-580801956,S3-605254272,S3-684462842,S3-684497038,S3-686012955,S3-857508158,S3-873595953,S3-890351563,S3-892994035,S3-913987047,S3-920178925,S3-936243237,S3-972130037,S3-980866445
S1-597171150	S2-170386126,S2-279365550,S2-284355176,S2-473159162,S2-892367806,S2-947152902,S3-100353682,S3-130341459,S3-376714651,S3-656504297,S3-682845085,S3-75462377,S3-914149564
S1-754410830	S2-116641059,S2-148578043,S2-174011345,S2-193198503,S2-223435671,S2-229238303,S2-241729854,S2-255196357,S2-26274233,S2-308406228,S2-347845385,S2-349038825,S2-366598466,S2-384416713,S2-512700787,S2-51805788,S2-524230797,S2-528976023,S2-549424842,S2-598562498,S2-617205996,S2-679570096,S2-735486509,S2-75421922,S2-802810707,S2-865905614,S2-89856777,S2-929679307,S2-931055519,S2-980855521,S3-124621999,S3-150302487,S3-155925697,S3-1842017,S3-220426946,S3-287975509,S3-357866950,S3-374072295,S3-393012675,S3-394221271,S3-420885407,S3-43916774,S3-576647803,S3-585748942,S3-606491469,S3-669157525,S3-754643485,S3-762644550,S3-81759125,S3-843723924,S3-852563094,S3-864750887,S3-874926546,S3-889203249,S3-891981358,S3-900149068,S3-902370854,S3-914041000,S3-966164023,S3-971481235
S1-995936163	S2-110980360,S2-133431050,S2-366970567,S2-389763456,S2-580785950,S2-671225192,S2-792430300,S2-911473337,S2-9469855,S3-238942332,S3-287938580,S3-295333259,S3-345647987,S3-395623408,S3-510190514,S3-643927932,S3-802461373,S3-853801693,S3-981545928
S1-990991704	S2-184659559,S2-206570345,S2-247383000,S2-258501856,S2-2817378,S2-28917650,S2-336972044,S2-542985543,S2-54572945,S2-578043921,S2-63046396,S2-646028571,S2-658276252,S2-670546644,S2-675423213,S2-690222662,S2-718755502,S2-749641413,S2-846998333,S2-882142818,S2-899505315,S2-95809605,S3-10392414,S3-10492531,S3-118700854,S3-142450480,S3-151861583,S3-158374282,S3-176083640,S3-19227665,S3-227804704,S3-238344205,S3-289026774,S3-307586328,S3-313082539,S3-415991081,S3-449381831,S3-460554535,S3-465022136,S3-549318199,S3-581247184,S3-627860454,S3-638728183,S3-66219220,S3-663474884,S3-721427166,S3-795157113,S3-891429808,S3-917794734,S3-944378230,S3-981155322,S3-99829183
S1-52033338	S2-550487946,S2-787924943,S3-115458630,S3-319748046
S1-717480913	S2-564474227,S2-868814399,S2-919943285,S2-982876997,S3-146878111,S3-217486983,S3-241436012,S3-582880573,S3-623001463,S3-68448433,S3-720252658,S3-746206220,S3-772402874,S3-898432210
S1-699194125	S2-233939017,S2-987382970,S3-111325422,S3-566016345
S1-685163224	S2-13533280,S2-18525333,S2-206733739,S2-23946457,S2-327848041,S2-368213613,S2-386508384,S2-398348119,S2-403769701,S2-420923483,S2-425832444,S2-446142725,S2-460728866,S2-476936366,S2-482432267,S2-548483720,S2-562729882,S2-667109325,S2-711545626,S2-723528964,S2-725702117,S2-749697786,S2-801934634,S2-852276350,S2-921067390,S2-986408936,S2-990327007,S2-998723123,S2-999080934,S2-999788513,S3-123545859,S3-170479705,S3-179214561,S3-202347408,S3-225992599,S3-25438106,S3-300896050,S3-340387092,S3-388068505,S3-402872369,S3-405142251,S3-411426851,S3-419544548,S3-424915344,S3-439075285,S3-493241808,S3-502015029,S3-570676344,S3-585901500,S3-603077477,S3-669518655,S3-683952906,S3-695671081,S3-712279966,S3-776931566,S3-804966085,S3-882964982,S3-883227017,S3-943907588,S3-965431503
S1-185787384	S2-11633472,S2-151403505,S2-18581274,S2-237790483,S2-294487466,S2-294883923,S2-33292358,S2-355518057,S2-368572892,S2-396010711,S2-443539013,S2-455189550,S2-57735580,S2-583284322,S2-627856269,S2-634198211,S2-665349066,S2-682289679,S2-696093287,S2-772318603,S2-784276346,S2-857297831,S2-895141836,S2-909712669,S2-91518402,S2-919579404,S2-921268992,S2-943296611,S2-947277073,S2-98014869,S3-151456934,S3-175359232,S3-192566392,S3-208730432,S3-223935528,S3-226188035,S3-247039324,S3-340213241,S3-383192789,S3-504957163,S3-512299164,S3-522854725,S3-600132295,S3-621405366,S3-663268203,S3-6652608,S3-671261991,S3-698131768,S3-708280326,S3-737392856,S3-745916056,S3-764198507,S3-764225078,S3-792655822,S3-83084326,S3-872305605,S3-886596014,S3-951263495,S3-98094532,S3-982112754
S1-263986904	S2-103851152,S2-115631920,S2-15955960,S2-4241817,S2-425914790,S2-631972431,S2-771913023,S2-861835355,S2-882666816,S3-616009778,S3-638127922,S3-716115187,S3-721793982,S3-746050829,S3-829560318,S3-898340631,S3-989378974
S1-109940605	S2-119326035,S2-664624539,S3-289090363,S3-327717468,S3-537210298,S3-616749167,S3-947165787
S1-109569754	S2-670476200,S2-856850105,S3-131814953
S1-161663716	S2-50395656,S2-654707778
S1-162695461	S3-177223520
S1-648022940	S2-162385476,S2-197837284,S2-232841079,S2-238962074,S2-383916534,S2-438365066,S2-481131873,S2-503202602,S2-555373428,S2-566132668,S2-572509666,S2-57585327,S2-576439694,S2-660465056,S2-68816316,S2-7017434,S2-758022742,S2-758805626,S2-792642549,S2-804237340,S2-809962692,S2-816504053,S2-824193835,S2-832151009,S2-843756665,S2-93979653,S2-941805320,S2-952607551,S2-988083252,S2-99658002,S3-170974075,S3-174512668,S3-193010580,S3-218554010,S3-318402319,S3-35965925,S3-394225551,S3-482609684,S3-492635654,S3-506226672,S3-510217201,S3-5269429,S3-539600207,S3-581397602,S3-623558039,S3-63044048,S3-665164579,S3-672963678,S3-70132478,S3-72235006,S3-723869790,S3-72587730,S3-730305809,S3-743857866,S3-757454518,S3-899716627,S3-911968014,S3-966813867,S3-979190699,S3-985091507
S1-807531920	S2-186830577,S2-233934875,S2-248326136,S2-262266936,S2-264346880,S2-284818377,S2-318170740,S2-394735123,S2-427606954,S2-459242402,S2-462917188,S2-48676037,S2-52842413,S2-545697384,S2-579797896,S2-652780198,S2-68710123,S2-707068183,S2-713631165,S2-751115842,S2-756563488,S2-771210692,S2-786689927,S2-799252133,S2-837631735,S2-85015452,S2-91285928,S2-953390254,S2-984429423,S2-989376105,S3-124227851,S3-193554199,S3-206363688,S3-224503873,S3-243540108,S3-315296867,S3-32202442,S3-340122687,S3-36621934,S3-372222854,S3-468943319,S3-472892515,S3-478581526,S3-504630320,S3-590019585,S3-595440489,S3-63702685,S3-638762105,S3-659835877,S3-677247204,S3-726859407,S3-751285280,S3-767269321,S3-780849419,S3-829867644,S3-838802665,S3-839505406,S3-94809577,S3-963172213,S3-965504401
S1-622031313	S2-118028339,S2-168247637,S2-267010228,S2-280252842,S2-287724653,S2-321354541,S2-379637767,S2-390767038,S2-426184551,S2-496527724,S2-503460342,S2-505115671,S2-507471390,S2-521300536,S2-527590232,S2-544302709,S2-559940007,S2-611028464,S2-76999475,S2-785199500,S2-797544727,S2-799360869,S2-825065227,S2-855804635,S2-862452539,S2-910958890,S2-911949545,S2-971339652,S2-989335245,S2-991621386,S3-16752167,S3-206426366,S3-222041755,S3-232064846,S3-244842592,S3-276125604,S3-293661081,S3-295117128,S3-303055847,S3-338040156,S3-36507263,S3-368713696,S3-410764289,S3-426284103,S3-446765276,S3-514870395,S3-546656844,S3-622254335,S3-63472877,S3-675838656,S3-681287459,S3-690245221,S3-722747006,S3-755239690,S3-759887890,S3-762996729,S3-785928396,S3-786775134,S3-792387201,S3-945052260
S1-147548498	S2-287020310,S3-880035934
S1-26628666	S2-657025003,S2-853195812,S3-471070882,S3-611490750,S3-635953835
S1-240414034	S2-13036528,S2-222895976,S2-308595001,S2-334267253,S2-405442525,S2-439766516,S2-495115513,S2-519767967,S2-557962224,S2-600851624,S2-717776554,S2-731339884,S2-732354611,S2-770614698,S2-783481228,S2-810513738,S2-854431501,S2-867072317,S2-873218920,S2-910853463,S3-187279192,S3-235249310,S3-237890263,S3-252977477,S3-261957505,S3-271502100,S3-271945913,S3-325620231,S3-383492855,S3-401022861,S3-4276826,S3-461873055,S3-568268493,S3-576046010,S3-673349974,S3-765337938,S3-779122453,S3-837972700,S3-868763697,S3-869205733,S3-908711407,S3-982067116
S1-377471644	S2-29578844,S2-315224269,S2-410044091,S2-493248605,S2-496274629,S2-870561176,S2-96739947,S3-106044742,S3-173897659,S3-187533388,S3-314437608,S3-446822766,S3-558246629,S3-586481400,S3-787530458,S3-922745292,S3-990109900
S1-795051867	S2-107178670,S2-14166307,S2-150417610,S2-155226321,S2-165450086,S2-185628734,S2-22570391,S2-226364253,S2-337761821,S2-351466132,S2-442669552,S2-445377493,S2-462390516,S2-475129934,S2-480119107,S2-505270004,S2-518829329,S2-52630288,S2-565263696,S2-595107358,S2-609898927,S2-65096300,S2-659238236,S2-744770650,S2-776596729,S2-779740094,S2-795167403,S2-852843912,S2-942178317,S2-988643713,S3-122890249,S3-12529914,S3-139846809,S3-174901545,S3-188087246,S3-235232077,S3-257381739,S3-271655340,S3-308502141,S3-310513621,S3-3186758,S3-385387925,S3-395889583,S3-396999790,S3-518181235,S3-536427344,S3-622587480,S3-679165700,S3-709477883,S3-824649512,S3-842193168,S3-855651250,S3-856450691,S3-856636391,S3-862466450,S3-873141461,S3-887887554,S3-935385951,S3-963501867,S3-983904833
S1-518221826	S2-35779504,S2-648861555,S2-755763824,S3-102493433,S3-371534378
S1-569486927	S2-114045395,S2-193575739,S2-20435857,S2-209044037,S2-274194880,S2-280060944,S2-283019081,S2-332269941,S2-354156134,S2-484871345,S2-549469181,S2-556132415,S2-591321830,S2-597587977,S2-601143417,S2-654212182,S2-66066047,S2-684737550,S2-690982842,S2-706552335,S2-728388105,S2-799163974,S2-812749950,S2-817041246,S2-821072172,S2-824846099,S2-825084090,S2-881322804,S2-91944916,S2-982668799,S3-117916207,S3-140884095,S3-186623863,S3-196482631,S3-256872093,S3-279375903,S3-28105886,S3-294404475,S3-297597550,S3-314375144,S3-383881541,S3-387635222,S3-389423629,S3-418345515,S3-511406801,S3-517801551,S3-525931747,S3-542326725,S3-543320317,S3-578862816,S3-668203676,S3-6948142,S3-760972180,S3-905060591,S3-913922229,S3-947503345,S3-951630923,S3-955385453,S3-966396349,S3-991798081
S1-788480541	S2-253357943,S2-479413172,S2-518905841,S2-606477731,S2-692208141,S2-722199040,S2-945279843,S3-166635413,S3-34996471,S3-421289847,S3-428735194
S1-650931728	S2-253806476,S2-339984041,S2-551058490,S2-662241113,S2-691580077,S2-741717298,S2-759818139,S2-964568230,S3-116987830,S3-136497039,S3-199232373,S3-203916964,S3-296695732,S3-362323758,S3-433709165,S3-461561322,S3-474586655,S3-648471395,S3-997398224
S1-949970105	S2-348250245,S2-355062827,S2-445188040,S2-811048962,S3-131246062,S3-875562282,S3-900277391,S3-90477790,S3-981203295
S1-224442543	S2-200567587,S2-314201561,S3-357166507,S3-478128761,S3-640882566
S1-262086042	S2-325956139,S2-702736058,S2-942487517,S3-396901961,S3-563466553,S3-855159117
S1-539063080	S2-550406141,S3-756490712,S3-806706030,S3-846387747
S1-758070549	S2-487250754,S2-570729001,S2-686404245,S2-953995440,S3-227288848,S3-307632812,S3-469564784
S1-102067063	S2-314305715,S2-357172381,S2-362110535,S2-450331619,S2-506518946,S2-527074035,S2-599801935,S2-690211389,S2-941788149,S2-964039552,S2-999409457,S3-14190029,S3-195178358,S3-281438714,S3-95210801
S1-232798487	S2-273091607,S3-859179571,S3-863086094
S1-105827392	S2-179405645,S2-211382545,S2-517494244,S2-639948028,S2-782797861,S2-831279855,S3-887977648
S1-906803032	S2-104551846,S2-155163301,S2-267576219,S2-28137882,S2-303032214,S2-308273937,S2-313752988,S2-337555288,S2-419656266,S2-454953045,S2-486767562,S2-528761082,S2-560702010,S2-572884414,S2-597073291,S2-621992748,S2-629361645,S2-661358811,S2-676762870,S2-747590273,S2-801001913,S2-83549138,S2-885292974,S2-898652249,S2-929293785,S2-983265620,S3-114192731,S3-115737972,S3-145340843,S3-1951960,S3-207957113,S3-208421785,S3-267381829,S3-270054864,S3-2774983,S3-298487037,S3-31398522,S3-385524751,S3-40581441,S3-41351481,S3-424210391,S3-465165494,S3-483920317,S3-491559002,S3-532908849,S3-553240554,S3-56640015,S3-691753836,S3-750102061,S3-772728307,S3-776080460,S3-80392930,S3-858749582,S3-882487831,S3-90473183,S3-943165305
S1-42258623	S2-151957724,S2-216997997,S2-227899535,S2-230602287,S2-242563613,S2-24415231,S2-305397037,S2-39483871,S2-402200363,S2-44041912,S2-476466962,S2-486211996,S2-525209666,S2-550636578,S2-555467556,S2-669620639,S2-697575788,S2-769784482,S2-778040064,S2-796986018,S2-805950599,S2-826253583,S2-840464789,S2-855129466,S2-881353467,S2-938636639,S2-964665225,S2-964853097,S2-98103843,S2-998173259,S3-103817775,S3-145050859,S3-170684571,S3-172834555,S3-180073324,S3-194959516,S3-214224176,S3-225213495,S3-254695036,S3-281787173,S3-295178693,S3-321185942,S3-351812098,S3-37825835,S3-392711814,S3-40132498,S3-46398233,S3-480427208,S3-481902005,S3-482220730,S3-552719978,S3-560106478,S3-562836221,S3-57987564,S3-6587698,S3-674879665,S3-778153408,S3-813391988,S3-829730991,S3-880620824
S1-578070457	S2-130555362,S2-257304279,S2-376462529,S2-846405443,S3-294093770,S3-708748348
S1-179448674	S2-671215621,S3-106314911,S3-914736234
S1-377942865	S2-100633455,S2-16793540,S2-195739300,S2-204024844,S2-20962013,S2-221202980,S2-23304966,S2-245860240,S2-264860010,S2-273602723,S2-295655718,S2-326063593,S2-346695833,S2-407431120,S2-425417474,S2-445589374,S2-488568518,S2-492619788,S2-578875265,S2-626761254,S2-668927937,S2-765672836,S2-79321612,S2-807057666,S2-816861341,S2-83274501,S2-87189428,S2-953744243,S2-955710546,S2-974479697,S3-136839333,S3-158166635,S3-171239108,S3-233294793,S3-293044075,S3-322676900,S3-33062318,S3-36120003,S3-387112690,S3-390099051,S3-472844940,S3-518508983,S3-520245253,S3-55209457,S3-567074036,S3-621766746,S3-646815480,S3-684962224,S3-78127547,S3-784014241,S3-785892461,S3-786407131,S3-820650559,S3-837835940,S3-841250038,S3-854542740,S3-863935119,S3-9276637,S3-929693656,S3-953193717
S1-117124656	S2-273609983,S3-305111733
S1-993829678	S2-352374820,S2-420016120,S2-474646512,S2-487922147,S2-72666382,S2-76688954,S2-929897257
S1-170883326	S2-22761429,S2-485057790,S2-635063335,S3-525083607
S1-966166665	S2-12278744,S2-128220049,S2-334585403,S2-522355174,S2-525418983,S2-738547157,S2-942209677,S2-967916315,S3-349821413,S3-383706069,S3-410270844,S3-652537373,S3-660484162,S3-811223825,S3-954490476
S1-168402024	S2-19427311,S2-221751768,S2-308484343,S2-310628090,S2-315923237,S2-31968419,S2-341039766,S2-397481145,S2-401935111,S2-439976713,S2-529318105,S2-532172249,S2-614799592,S2-622111907,S2-627707552,S2-706257650,S2-747985030,S2-770837774,S2-791253219,S2-849015860,S2-876125403,S2-901056664,S2-985939629,S3-102340812,S3-106993040,S3-107574631,S3-152839170,S3-284046171,S3-28640979,S3-378135156,S3-399025641,S3-428052352,S3-441637163,S3-451517411,S3-499880474,S3-622631001,S3-62600065,S3-704088256,S3-728891522,S3-765354647,S3-778006340,S3-810426806,S3-811364967,S3-89260934,S3-892781563,S3-915516473,S3-936553552,S3-986391389,S3-9951819
S1-432612382	S2-12127119,S2-140400660,S2-155460237,S2-175811742,S2-213452729,S2-247199614,S2-247628296,S2-258576111,S2-267143533,S2-357710697,S2-413060395,S2-416457866,S2-445307514,S2-46161796,S2-468429043,S2-49497718,S2-531255883,S2-55859400,S2-63715377,S2-684271777,S2-697809100,S2-700019604,S2-724299166,S2-783613714,S2-785023112,S2-802988367,S2-831446642,S2-943589401,S2-99326606,S2-996868246,S3-198531749,S3-221472975,S3-261273821,S3-270615746,S3-303886991,S3-325144644,S3-335144988,S3-428462211,S3-467278759,S3-49034234,S3-499647566,S3-513589817,S3-561153233,S3-563836834,S3-628799020,S3-674175997,S3-696744061,S3-714885097,S3-715222277,S3-722828222,S3-738481453,S3-765480735,S3-812388742,S3-81727397,S3-866616389,S3-883547520,S3-884772304,S3-933892640,S3-944131667,S3-978539690
S1-106694036	S3-642397178
S1-860696171	S2-11884109,S2-129332227,S2-14093942,S2-164516534,S2-278271398,S2-293078477,S2-293930904,S2-391214230,S2-591936729,S2-648365817,S2-669620881,S2-741000421,S2-76255262,S2-807602482,S2-821110965,S2-857132353,S2-920082770,S2-929892204,S3-112626908,S3-135093994,S3-160419206,S3-167393689,S3-304674025,S3-492053819,S3-531026526,S3-571593004,S3-750422437,S3-777510571,S3-8939406,S3-967052332,S3-976051290
S1-947779057	S2-104416113,S2-11274920,S2-114151732,S2-118328528,S2-152800056,S2-168664004,S2-239979047,S2-244286696,S2-291373073,S2-292515123,S2-2980598,S2-303100171,S2-318359768,S2-340211484,S2-42026150,S2-422079727,S2-431920580,S2-445623139,S2-446981966,S2-447547260,S2-495753431,S2-519429183,S2-551391853,S2-57546768,S2-737882056,S2-762775546,S2-805836925,S2-825017093,S2-835563258,S2-896370283,S3-136737874,S3-215033809,S3-215578700,S3-223148794,S3-228019823,S3-297445954,S3-313573758,S3-370185651,S3-40859433,S3-46719272,S3-511036100,S3-523153028,S3-531163837,S3-54066974,S3-582930146,S3-587546776,S3-640584339,S3-698367304,S3-712083782,S3-739295520,S3-763801208,S3-767985420,S3-780451766,S3-781623796,S3-862082400,S3-894518231,S3-919822868,S3-955045989,S3-958089258,S3-986216702
S1-478187960	S2-155253907
S1-901582927	S2-241125990,S2-506768218,S2-581737686,S2-744581961,S2-896370352,S2-997846935,S3-116874475,S3-293445622,S3-435587266,S3-552737308,S3-791336529
S1-903791016	S2-314493753,S2-876842843,S3-179758198,S3-441444434,S3-90985989
S1-11483643	S2-302671464,S2-336372832,S2-411648928,S2-994138345,S3-840446826,S3-912478796,S3-929946752,S3-946638461
S1-347810367	S2-427964956,S2-446149122,S2-745276365,S3-2965120
S1-557169552	S2-131478502,S2-143854403,S2-189595525,S2-246675097,S2-253457721,S2-277632887,S2-290884145,S2-310289730,S2-345051427,S2-350368284,S2-460487382,S2-476180359,S2-573326883,S2-574269915,S2-596574561,S2-643479791,S2-675095366,S2-788920987,S2-852821041,S2-985380205,S2-990889040,S3-107867503,S3-119427345,S3-189795162,S3-197813369,S3-224345630,S3-225369133,S3-395916868,S3-416834045,S3-511483954,S3-577231338,S3-648746863,S3-663277788,S3-694016053,S3-698870720,S3-722112934,S3-775694490,S3-807888263,S3-977812567
S1-618760923	S2-107850783,S2-172447282,S2-178546546,S2-26205875,S2-264232602,S2-376125299,S2-494263769,S2-501780125,S2-552826508,S2-582611228,S2-623324710,S2-632780239,S2-665636111,S2-680706973,S2-684823214,S2-707512892,S2-710325139,S2-742172347,S2-755181830,S2-774294956,S2-82821770,S2-836439786,S2-867679038,S2-880189714,S2-889102509,S2-889692564,S2-894638180,S2-922298149,S2-931063384,S3-117219381,S3-195213551,S3-217256350,S3-23684430,S3-250123296,S3-338508047,S3-356288763,S3-360713965,S3-367375374,S3-37771484,S3-408293189,S3-428299857,S3-469685410,S3-480854796,S3-488909910,S3-55819018,S3-595886171,S3-61524006,S3-619434236,S3-678607571,S3-703124120,S3-763444315,S3-771435819,S3-807254662,S3-821183613,S3-83646584,S3-847132032,S3-862971663,S3-889969441,S3-992499467
S1-342769339	S2-952719773,S3-436514955,S3-725867292
S1-533988643	S2-446713549,S2-92851629,S3-51652890,S3-579428879,S3-88429195
S1-683869141	S2-110033403,S2-142797063,S2-167821392,S2-21205571,S2-216588237,S2-247431016,S2-325207918,S2-367970872,S2-369880279,S2-391507732,S2-47595061,S2-478147075,S2-504351186,S2-50625939,S2-508262928,S2-518518982,S2-574450094,S2-586690934,S2-700570858,S2-70669716,S2-70808379,S2-767705641,S2-838195670,S2-853820758,S2-867797787,S2-893021969,S2-930699643,S2-940570541,S2-955257465,S2-982487324,S3-108808926,S3-129757998,S3-159006160,S3-165459012,S3-18933512,S3-30786515,S3-354417911,S3-367262512,S3-431582497,S3-435475139,S3-443757560,S3-456858579,S3-474759556,S3-539805360,S3-540549233,S3-54861720,S3-578559205,S3-594607762,S3-738631623,S3-745700488,S3-749102445,S3-752375273,S3-75790875,S3-802643354,S3-818864398,S3-831127676,S3-835641272,S3-852035874,S3-967219466,S3-997211413
S1-293619205	S2-127528805,S2-134563887,S2-17965872,S2-191388539,S2-198129601,S2-237491298,S2-293829055,S2-353754770,S2-392757441,S2-404499104,S2-439949392,S2-447500848,S2-513412628,S2-532797340,S2-586848342,S2-590710625,S2-591323793,S2-610597824,S2-658845758,S2-699677445,S2-736058029,S2-769545915,S2-773251821,S2-853511388,S2-863735157,S2-933626805,S2-949070970,S2-955237222,S2-956832481,S2-957406364,S3-109162786,S3-112658674,S3-12206119,S3-15252862,S3-208784192,S3-244949505,S3-277314749,S3-313023944,S3-356916786,S3-369039406,S3-41865992,S3-42226968,S3-491715561,S3-507929619,S3-532041246,S3-550142061,S3-552165315,S3-569859034,S3-580628822,S3-630813947,S3-667974954,S3-678253762,S3-721919372,S3-737361721,S3-834008975,S3-834646846,S3-880019826,S3-886364255,S3-896645147,S3-969256131
S1-896292297	S2-168071649,S2-169283961,S2-183912544,S2-200055971,S2-20211772,S2-223545246,S2-278819151,S2-321824309,S2-328351619,S2-338198984,S2-354129263,S2-397434439,S2-42152099,S2-422822645,S2-493051047,S2-549152385,S2-620545124,S2-645409363,S2-676205298,S2-703065658,S2-712073567,S2-798640707,S2-806707129,S2-824229538,S2-852073775,S2-861763354,S2-863262721,S2-898611552,S2-984682257,S2-998768333,S3-106860151,S3-118276975,S3-119879438,S3-155368338,S3-158075595,S3-239946850,S3-279337295,S3-291777282,S3-321051147,S3-374927105,S3-452239894,S3-488160433,S3-488472611,S3-516048734,S3-518761361,S3-590980779,S3-603063369,S3-617821289,S3-644769220,S3-660151573,S3-688893440,S3-741413030,S3-754581443,S3-822958235,S3-852021473,S3-872311255,S3-874538510,S3-911635469,S3-941707969,S3-966425730
S1-926971348	S2-390350294,S2-585844269,S3-214720915,S3-56621257
S1-329066163	S2-183342310,S2-204000468,S2-416465167,S2-441135875,S2-538739794,S2-573233706,S2-786123845,S2-831630744,S3-17376976,S3-296545994,S3-303197693,S3-471731331,S3-473793917,S3-611827122,S3-831322553
S1-658544337	S2-151221733,S2-151564750,S2-157736035,S2-195011737,S2-244326323,S2-322215254,S2-326162646,S2-350743494,S2-388811359,S2-394576072,S2-413240982,S2-427967044,S2-454447953,S2-475339542,S2-507612265,S2-510593003,S2-534588651,S2-538408685,S2-54220234,S2-545297798,S2-557517465,S2-582182250,S2-624116688,S2-629511450,S2-631099213,S2-643036049,S2-734595594,S2-773415118,S2-830911930,S2-843184743,S3-124831609,S3-225993069,S3-261463289,S3-288152560,S3-291106422,S3-307532828,S3-312690938,S3-331114820,S3-451664879,S3-479259215,S3-522987341,S3-531030711,S3-587067304,S3-604523212,S3-624773882,S3-656686105,S3-711105965,S3-725846625,S3-73001146,S3-765183173,S3-782039059,S3-802126625,S3-817058967,S3-852715257,S3-877704360,S3-947115241,S3-949107064,S3-968408145,S3-978983100,S3-984202777
S1-137870529	S2-125793312,S2-130309662,S2-151070668,S2-156552749,S2-179380437,S2-235842721,S2-236421849,S2-260794285,S2-278424902,S2-282773055,S2-418483644,S2-435860715,S2-480006522,S2-51272301,S2-589194842,S2-590931763,S2-608081383,S2-619050195,S2-621225139,S2-713870273,S2-774090634,S2-795664994,S2-818945153,S2-845245229,S2-861004213,S2-897259721,S2-917185182,S2-968633109,S2-97438690,S2-981498608,S3-132042998,S3-143062541,S3-198182601,S3-199370930,S3-228711348,S3-245774049,S3-300408577,S3-305215419,S3-339931700,S3-367677565,S3-42847433,S3-430108463,S3-455819966,S3-496261830,S3-505419987,S3-507084623,S3-565078394,S3-585887933,S3-595620152,S3-601468875,S3-645362908,S3-646765530,S3-713225073,S3-716945888,S3-754808599,S3-810545842,S3-8200545,S3-883817593,S3-917727008,S3-986260414
S1-486008614	S2-31083507
S1-935841397	S2-115028790,S2-121412326,S2-168427396,S2-229017137,S2-324876989,S2-350033843,S2-372820231,S2-482517003,S2-503254735,S2-510814238,S2-510941806,S2-553508518,S2-649947271,S2-717841935,S2-719269149,S2-721490863,S2-726815965,S2-729291346,S2-744161097,S2-75446596,S2-76016894,S2-836856908,S2-900944819,S2-902835163,S2-914346620,S2-927589171,S2-930770517,S2-938059148,S2-949517097,S2-965956260,S3-126028400,S3-131091351,S3-191902560,S3-224399366,S3-278163690,S3-324443887,S3-333791415,S3-34760974,S3-370191800,S3-383035519,S3-400512395,S3-419556732,S3-433377151,S3-566094059,S3-629416504,S3-640131459,S3-648631353,S3-662238273,S3-670874124,S3-673656365,S3-69972215,S3-701952079,S3-748391749,S3-749396986,S3-820535903,S3-829848188,S3-927006439,S3-928183225,S3-941292481,S3-97880020
S1-326846186	S2-109350897,S2-110153114,S2-115743114,S2-143141771,S2-152534748,S2-182070624,S2-222917396,S2-230535965,S2-279178776,S2-298013957,S2-307605439,S2-334115538,S2-424920422,S2-465768850,S2-476244035,S2-480776476,S2-508333081,S2-519013554,S2-566024424,S2-634600103,S2-640931036,S2-667130478,S2-695065027,S2-695409296,S2-735366942,S2-832898232,S2-85980850,S2-893522989,S2-91594246,S2-993961481,S3-115256491,S3-167945505,S3-169353381,S3-206240106,S3-217096027,S3-218403014,S3-325609726,S3-345690075,S3-372433868,S3-379268385,S3-399285050,S3-408571194,S3-438011062,S3-463634265,S3-54232504,S3-612028031,S3-619526816,S3-619592780,S3-638308559,S3-689813159,S3-739039847,S3-755819760,S3-790449434,S3-828296621,S3-832493428,S3-841428010,S3-903394469,S3-928186677,S3-947293595,S3-964652180
S1-711330965	S2-900320688,S3-768718329
S1-722405675	S2-121001012,S2-179888299,S2-226196000,S2-243499106,S2-245047360,S2-381571275,S2-424979439,S2-537930754,S2-542391606,S2-548095053,S2-5733979,S2-597733886,S2-618450408,S2-643361560,S2-679690407,S2-68622818,S2-698281714,S2-806748858,S2-880990687,S2-895248457,S2-951492234,S2-979013214,S2-996520598,S3-118715162,S3-138269529,S3-206222581,S3-227661280,S3-380753566,S3-416030384,S3-421690106,S3-638269883,S3-71413445,S3-71504411,S3-774522483,S3-7769780,S3-806791251,S3-81199071,S3-980957692
S1-463287529	S2-100404155,S2-111407573,S2-117370333,S2-242996702,S2-244037195,S2-262474053,S2-297684309,S2-351094381,S2-355781671,S2-430748824,S2-435310842,S2-444024855,S2-464700461,S2-470049571,S2-474110295,S2-480376768,S2-49414518,S2-504825093,S2-550987133,S2-56476424,S2-635195589,S2-687207014,S2-70368280,S2-805577994,S2-812248006,S2-835421500,S2-926474114,S2-952282809,S2-961523923,S2-97261430,S3-110906622,S3-150436831,S3-218890688,S3-219154285,S3-264235788,S3-332253098,S3-337839752,S3-355110107,S3-367799480,S3-379715614,S3-439653544,S3-464915847,S3-522324703,S3-543979462,S3-565013102,S3-611663915,S3-639968812,S3-666279253,S3-79513263,S3-831945382,S3-842655479,S3-852581654,S3-858397992,S3-885060104,S3-89705798,S3-904785421,S3-937241801,S3-941284877,S3-948776506,S3-967994655
S1-149411806	S2-238743567,S2-963007737,S3-566130970,S3-676886341,S3-95538214
S1-541361289	S2-368587285,S3-575630421
S1-977429262	S2-144850623,S2-604123258,S2-982101017,S3-416374045,S3-996979508
S1-11172779	S2-141803548,S2-485253157,S3-481006431,S3-501655054
S1-350174317	S2-318116937,S2-334175388,S2-416143614,S2-571893894,S2-696671298,S3-329419684,S3-568930577,S3-596894225,S3-877935539,S3-972463680
S1-279892562	S2-320745986,S3-538984054
S1-822292739	S2-125372446,S2-13558033,S2-147390222,S2-201185769,S2-202751403,S2-221061538,S2-280719849,S2-319007556,S2-378838237,S2-450726473,S2-467164785,S2-4892614,S2-532671768,S2-545118007,S2-570174530,S2-581956615,S2-58267901,S2-589358575,S2-622273382,S2-6560896,S2-723002934,S2-725903241,S2-817434551,S2-872285328,S2-873941251,S2-874290115,S2-878638442,S2-886049407,S2-907993961,S2-945738919,S3-101466788,S3-10551259,S3-245897770,S3-270544381,S3-285915170,S3-300231795,S3-300820527,S3-385449639,S3-469789247,S3-481610486,S3-493957130,S3-503014673,S3-565778795,S3-586616701,S3-61115445,S3-623425874,S3-680004492,S3-725137961,S3-728361081,S3-746735439,S3-754471670,S3-764559453,S3-767042249,S3-770631326,S3-818585698,S3-847353125,S3-860358497,S3-87442180,S3-922595770,S3-932091654
S1-272127430	S3-387164435
S1-667764898	S2-199915349,S2-232021582,S2-240629161,S2-612249088,S2-67091173,S3-344979416,S3-44814561,S3-567299923,S3-90439449
S1-581382815	S2-390684729,S2-454791231,S2-789791395,S2-931934626,S3-178248622,S3-344112218,S3-514676660,S3-602273129,S3-661630134,S3-670931358,S3-699698475,S3-828256598
S1-473952711	S2-137385037,S2-143490912,S2-146768919,S2-205221239,S2-245860240,S2-248100980,S2-269973116,S2-308162856,S2-331308896,S2-340917736,S2-369952160,S2-370986270,S2-389785589,S2-40017890,S2-443610016,S2-459460510,S2-492793900,S2-532673061,S2-551180987,S2-563841719,S2-635228394,S2-692712904,S2-695151021,S2-708326188,S2-790133994,S2-832337122,S2-83274501,S2-888972161,S2-95104279,S2-971258085,S3-121861600,S3-124031437,S3-128202254,S3-130805118,S3-145820085,S3-156593466,S3-163412416,S3-191221379,S3-253212341,S3-290413216,S3-337969377,S3-373304620,S3-378256389,S3-38114962,S3-385653747,S3-402689461,S3-407172485,S3-426841379,S3-504838293,S3-581816971,S3-595186804,S3-612043574,S3-696944869,S3-725753356,S3-734229128,S3-876380421,S3-906293487,S3-907056286,S3-9276637,S3-928765848
S1-221315364	S2-137302814,S2-142406708,S2-152365637,S2-247217989,S2-342651350,S2-35590425,S2-375592064,S2-504627447,S2-551865584,S2-627585466,S2-644705704,S2-68421676,S2-74654202,S2-786096395,S2-851415600,S2-879333043,S2-919969036,S2-945200487,S2-95155803,S2-964739147,S2-995342882,S3-100569910,S3-143799100,S3-16003022,S3-161190444,S3-175326856,S3-179720975,S3-188149328,S3-21431721,S3-243330531,S3-259713030,S3-313556383,S3-420615185,S3-4621670,S3-464932379,S3-486648006,S3-513938765,S3-530557183,S3-54399056,S3-567015163,S3-663018708,S3-840497684,S3-883351825,S3-937002075,S3-939826697,S3-965953905,S3-990141098
S1-250931789	S2-152650204,S2-297683064,S2-895551802,S3-255386124,S3-870553450
S1-598934460	S2-221560155,S2-667629486,S2-869410128,S2-915824116,S2-990655460,S3-383233246,S3-478050976,S3-51805508,S3-592572841
S1-584697437	S2-109576914,S2-113783151,S2-125723709,S2-172462800,S2-193074871,S2-209374237,S2-24939841,S2-269710505,S2-277856348,S2-278096480,S2-295080074,S2-329984800,S2-341986468,S2-430069163,S2-500843944,S2-511515585,S2-528545339,S2-598760031,S2-59888113,S2-656922053,S2-69885833,S2-70284544,S2-781186645,S2-861575481,S2-862529279,S2-900384458,S2-907155126,S2-934074974,S2-939695340,S2-942646919,S3-123933949,S3-155465812,S3-173975333,S3-184929023,S3-20059416,S3-224957275,S3-243589842,S3-261884330,S3-345370758,S3-364184574,S3-398412044,S3-455546807,S3-471042614,S3-554580606,S3-562208395,S3-57527385,S3-614193310,S3-620435984,S3-635420693,S3-749989252,S3-768182521,S3-797262305,S3-798821311,S3-8065192,S3-821210670,S3-833744666,S3-851112681,S3-946319035,S3-961949668,S3-972304311
S1-405602194	S2-188423769,S2-219892050,S2-243490698,S2-46648112,S2-504907221,S2-514993689,S2-589855570,S2-619160506,S2-685993895,S2-780023046,S2-844046233,S3-196707806,S3-219041166,S3-227073418,S3-389819232,S3-701362542,S3-750628260,S3-784577212,S3-808237641,S3-833498970,S3-897523996,S3-975357737
S1-608664540	S2-124849952,S2-19802827,S2-208518442,S2-302129153,S2-309033669,S2-320899757,S2-342637248,S2-368810483,S2-395303041,S2-410022647,S2-431140539,S2-433105078,S2-459982533,S2-461811826,S2-501319478,S2-616851750,S2-620536251,S2-651824189,S2-671484284,S2-698955011,S2-70519951,S2-78130741,S2-7922829,S2-799317063,S2-863566039,S2-892573224,S2-917268332,S2-952127712,S2-97857897,S2-994639608,S3-177437055,S3-193041394,S3-203138856,S3-207389733,S3-21682441,S3-242656831,S3-278451157,S3-285720200,S3-299116659,S3-299832418,S3-392169304,S3-411375436,S3-44038899,S3-446182242,S3-579074724,S3-606163270,S3-606245076,S3-618599506,S3-645225782,S3-662933422,S3-689109475,S3-751527606,S3-779974544,S3-797144269,S3-804430905,S3-935050695,S3-938891253,S3-942971552,S3-962723196,S3-996985963
S1-84451840	S2-163192921,S2-196971866,S2-204041394,S2-247710831,S2-267214628,S2-273183702,S2-276968560,S2-334522549,S2-342023677,S2-359470343,S2-365482577,S2-413268829,S2-427216660,S2-432236678,S2-435333613,S2-439551735,S2-450963688,S2-520905766,S2-549283362,S2-593545441,S2-625089146,S2-626780518,S2-635714783,S2-663601762,S2-730765974,S2-751407165,S2-818156625,S2-83932815,S2-939142831,S2-97545374,S3-108224390,S3-12984348,S3-177035689,S3-187873777,S3-196073419,S3-202604269,S3-235343093,S3-242260335,S3-277230315,S3-287922574,S3-306273563,S3-317861398,S3-350952368,S3-359015689,S3-36707061,S3-423671094,S3-507440613,S3-624409435,S3-638927333,S3-660309943,S3-674806197,S3-692734626,S3-762549015,S3-772635021,S3-870274148,S3-909982811,S3-92128016,S3-943523029,S3-947642142,S3-950993299
S1-167638623	S2-407365915,S3-880487485,S3-970761312
S1-956897563	S2-168088768,S2-22159340,S2-230412565,S2-269469151,S2-342023027,S2-374577405,S2-420415536,S2-430509262,S2-433269586,S2-441505990,S2-46333954,S2-500370276,S2-519796964,S2-582960526,S2-600951581,S2-609033988,S2-639563242,S2-640032989,S2-719659008,S2-772636777,S2-801118207,S2-803852124,S2-858841613,S2-864864768,S2-867700806,S2-890287710,S2-910619959,S2-937385812,S2-94605008,S2-98510953,S3-115203338,S3-122215276,S3-231359185,S3-251015695,S3-284774813,S3-305201065,S3-328866791,S3-37001975,S3-391732632,S3-430532707,S3-479714596,S3-506119204,S3-51109449,S3-519911635,S3-52828476,S3-545443555,S3-568736370,S3-607154281,S3-622766473,S3-640600442,S3-659056369,S3-689530042,S3-692465958,S3-723002578,S3-770449923,S3-783420507,S3-832437593,S3-886502620,S3-92355733,S3-933556026
S1-729467781	S2-606128538,S2-656934262,S2-835409297,S2-902514914,S3-433470798
S1-80773469	S2-402517287,S3-132664075,S3-160058942,S3-771895116
S1-513599911	S2-723063286,S2-922373960,S3-499529172
S1-533522938	S2-422821371,S3-447923876,S3-785749666
S1-581757578	S2-16870152,S2-421755356,S2-427715029,S2-476102086,S2-513968430,S2-551222768,S2-664940580,S2-711180781,S2-781064029,S3-21562038,S3-291944074,S3-506715321,S3-677882729,S3-689594057,S3-84411421,S3-955062588
S1-657558693	S2-161618828,S2-247624545,S2-371480295,S2-386313355,S2-56965880,S2-634786372,S2-651781222,S2-749929896,S2-955856928,S3-172394845,S3-205610578,S3-357397959,S3-393667244,S3-436186292,S3-472834363,S3-495595200,S3-535695080,S3-600030675,S3-614206686,S3-685877665,S3-812930642,S3-844338416,S3-943607727
S1-402494925	S2-109591901,S2-878023175,S3-214392429,S3-51033021,S3-540695178,S3-606940916
S1-387016214	S2-137707160,S2-146193186,S2-218619721,S2-23519898,S2-305637735,S2-311974636,S2-330344696,S2-370900572,S2-389924615,S2-390627971,S2-445039677,S2-447963596,S2-475421250,S2-517729144,S2-540587525,S2-551128687,S2-555290311,S2-601792102,S2-615651599,S2-624649453,S2-721273162,S2-722018212,S2-730365063,S2-73405617,S2-735804910,S2-771092155,S2-801803424,S2-832266307,S2-906808660,S2-986507216,S3-138738397,S3-141135397,S3-160593015,S3-163458967,S3-168748626,S3-181289504,S3-192534763,S3-193082249,S3-256713770,S3-259455906,S3-283071962,S3-356039312,S3-367713509,S3-373462158,S3-404861973,S3-442588742,S3-458510250,S3-459373673,S3-553516582,S3-571468495,S3-586758631,S3-59547065,S3-601197303,S3-633294168,S3-667815823,S3-697396640,S3-727698517,S3-761354474,S3-812550378,S3-968779902
S1-266555379	S2-259036239,S2-340271856,S2-433830808,S2-632019172,S2-68320231,S2-853126450,S2-871733921,S2-991544651,S3-172925329,S3-303457284,S3-470118490,S3-606960893,S3-791492082,S3-879528659,S3-975391065
S1-669776689	S2-116059916,S2-16629039,S2-318550458,S2-37546780,S2-400221759,S2-408929676,S2-424946639,S2-433721543,S2-472245440,S2-509654004,S2-61759645,S2-69990865,S2-782500996,S2-860999460,S2-866913908,S2-884317867,S2-915712782,S3-282799643,S3-415982013,S3-467868494,S3-495575651,S3-544766163,S3-657271800,S3-818849160,S3-824132393,S3-867922841,S3-969112135,S3-976057699
S1-225034106	S2-116416600,S2-119373112,S2-130855457,S2-184519989,S2-204775551,S2-24689820,S2-268352580,S2-273711044,S2-376883901,S2-444031965,S2-445690330,S2-446068331,S2-448994307,S2-463081221,S2-485971032,S2-551713796,S2-596130827,S2-603962522,S2-613540538,S2-63542936,S2-693736772,S2-718035367,S2-735154871,S2-749967956,S2-792577006,S2-808124446,S2-809296286,S2-82115949,S2-844714251,S2-973581233,S3-105233184,S3-111499256,S3-216130389,S3-220993171,S3-232571606,S3-264309154,S3-28212099,S3-340043389,S3-38101091,S3-505812563,S3-561870430,S3-568051982,S3-590286383,S3-592630949,S3-648556061,S3-65504744,S3-697255565,S3-738862697,S3-755464447,S3-769077392,S3-77973155,S3-801468034,S3-801828010,S3-81212336,S3-827550124,S3-839079338,S3-843992499,S3-936674928,S3-952905746,S3-985455217
S1-751033619	S2-571521660,S2-878641562,S3-351742826,S3-711369345,S3-922214514
S1-976424391	S2-18373091,S2-189642529,S2-20209720,S2-275551656,S2-420644259,S2-514639774,S2-524018617,S2-550201941,S2-577959262,S2-650139849,S2-665347227,S2-672948305,S2-804145137,S2-991022957,S3-300102502,S3-311587665,S3-352596454,S3-357608980,S3-535581968
S1-519677292	S2-25493189,S2-279849356,S2-286924108,S2-328444090,S2-355759260,S2-474941202,S2-583049384,S2-681938451,S2-777052671,S2-791651690,S2-958510374,S3-251845474,S3-327742420,S3-341008502,S3-372529206,S3-531572287,S3-600060177,S3-60592553,S3-743028685,S3-87587007,S3-879572062,S3-998691140
S1-443534708	S2-12440006,S2-194142179,S2-226874592,S2-263380480,S2-272450444,S2-29330221,S2-297466352,S2-319391051,S2-409735278,S2-420383759,S2-430408285,S2-502768858,S2-520744634,S2-539228380,S2-58190262,S2-636637765,S2-640407858,S2-643716730,S2-652695621,S2-654831617,S2-749082275,S2-756968102,S2-788655559,S2-812861725,S2-818222609,S2-826189324,S2-881828291,S2-953283722,S2-994081723,S2-994117035,S3-117697307,S3-150614263,S3-20714458,S3-20846545,S3-220017798,S3-251982262,S3-320093989,S3-330948907,S3-384535245,S3-434924353,S3-437964163,S3-440980987,S3-445192847,S3-479276420,S3-489304075,S3-50763492,S3-596793538,S3-620750867,S3-628020883,S3-658949749,S3-675085587,S3-675864112,S3-714443702,S3-75152272,S3-755881388,S3-774607177,S3-784740149,S3-79742231,S3-939778418,S3-98155555
S1-382169090	S2-117666669,S2-671058356,S2-686536301,S2-849031685,S2-995829620,S3-12690867,S3-190261834,S3-435268829,S3-776609056
S1-790517362	S2-139298831,S2-185769119,S2-228599848,S2-241588719,S2-251574812,S2-263766271,S2-310733879,S2-315480731,S2-334175367,S2-356616319,S2-400549996,S2-419766697,S2-479274741,S2-547005571,S2-597469598,S2-654863954,S2-669463030,S2-687463276,S2-710215952,S2-759024383,S2-768619522,S2-814162802,S2-840187252,S2-909534724,S2-928526650,S2-929010752,S2-953695536,S2-958449292,S2-993618561,S2-998849688,S3-112704175,S3-122993459,S3-139915241,S3-14547332,S3-216006687,S3-237693678,S3-290633019,S3-3318270,S3-391230118,S3-450531766,S3-454655945,S3-481501107,S3-581118703,S3-588011531,S3-637493206,S3-646315524,S3-65035474,S3-681215554,S3-690348260,S3-732658375,S3-778650879,S3-808273327,S3-832330558,S3-845439153,S3-85377878,S3-877912646,S3-898081936,S3-898587796,S3-922772665,S3-946047041
S1-880615423	S2-108811925,S2-180394924,S2-193307521,S2-271944871,S2-29122582,S2-365364184,S2-403539394,S2-577164169,S2-644804218,S2-656069672,S2-745530150,S2-757773034,S2-78594083,S2-78880210,S2-812543875,S2-814477463,S2-828755471,S2-9078199,S2-913953678,S2-955626202,S3-138684894,S3-143463840,S3-163301397,S3-174905100,S3-273235910,S3-33517551,S3-410169080,S3-410826843,S3-444656865,S3-51257346,S3-557741291,S3-564270059,S3-584706133,S3-612644897,S3-646277648,S3-652599895,S3-659766978,S3-686532744,S3-693762296,S3-696829294,S3-710482749,S3-903158919,S3-9227717,S3-93237875,S3-94397658
S1-449179193	S2-389998485
S1-48180936	S2-261890231,S2-425274564,S2-477086485,S2-495786890,S2-562867381,S3-26640863,S3-316341588,S3-418238748,S3-501982001,S3-664421035,S3-679259994,S3-855721612,S3-965059859
S1-427642601	S2-407071769,S2-452511286,S2-749650028,S2-918096554,S3-133830664,S3-541963415,S3-586779659
S1-912943762	S3-136037333,S3-861726710,S3-909182762
S1-671491624	S2-133193757,S2-193906115,S2-216280878,S2-231501289,S2-236158332,S2-285100618,S2-289753360,S2-349156208,S2-372478499,S2-383671964,S2-455213548,S2-479698353,S2-490034841,S2-511356817,S2-541766999,S2-55404658,S2-607117721,S2-638876544,S2-685700396,S2-690526648,S2-703437040,S2-713857470,S2-756406936,S2-811548651,S2-887650690,S2-90245421,S2-924046946,S2-934074974,S2-937278123,S2-987427826,S3-110795,S3-152477689,S3-197972963,S3-202079091,S3-230054540,S3-233591994,S3-26735116,S3-272586618,S3-282103902,S3-283040763,S3-337502880,S3-337926142,S3-342632408,S3-348902365,S3-354984228,S3-369735748,S3-432220369,S3-447515675,S3-463881962,S3-529838154,S3-568379381,S3-617139096,S3-717165928,S3-752997086,S3-757870475,S3-790972327,S3-809229881,S3-897768551,S3-953811626,S3-98892272
S1-55716966	S2-121411342,S2-165625974,S2-256189809,S2-25993361,S2-335628118,S2-339269750,S2-352874205,S2-455319977,S2-477871533,S2-545852967,S2-546787814,S2-559709969,S2-625256522,S2-625482201,S2-67046058,S2-684047090,S2-687689788,S2-701915348,S2-733291891,S2-734742760,S2-77629585,S2-78784686,S2-805022220,S2-829132168,S2-872424918,S2-883990857,S2-903785555,S2-936393863,S2-973095919,S2-975770697,S3-123894342,S3-125956191,S3-126671233,S3-141784373,S3-145434329,S3-231340390,S3-24726420,S3-278542613,S3-309078534,S3-315699996,S3-364501709,S3-383782496,S3-466386884,S3-491638379,S3-504282772,S3-551869547,S3-566245118,S3-578045183,S3-587118003,S3-649527443,S3-652524487,S3-706957849,S3-753865673,S3-784660915,S3-786641425,S3-826511295,S3-828766446,S3-884220268,S3-979214062,S3-99728512
S1-98549181	S2-854294190,S3-237219664,S3-3843630,S3-512221858
S1-815606753	S2-131820476,S2-157932384,S2-188983962,S2-294354531,S2-297679325,S2-335017913,S2-344224352,S2-363234408,S2-37408171,S2-380046475,S2-384525307,S2-489085089,S2-53904944,S2-548195048,S2-565645015,S2-603855600,S2-608464191,S2-632563639,S2-662721846,S2-702712370,S2-706007926,S2-731129187,S2-761457745,S2-859042519,S2-888985167,S2-901910834,S2-911001424,S2-921962350,S2-968017238,S2-990741753,S3-119646469,S3-150177387,S3-150786008,S3-152011741,S3-153642386,S3-197722519,S3-215467326,S3-23007781,S3-322267558,S3-38032884,S3-413170014,S3-474625373,S3-501465579,S3-524311898,S3-548454529,S3-594342487,S3-604552813,S3-616107174,S3-617174463,S3-712193323,S3-727686783,S3-767348021,S3-773097584,S3-794202019,S3-881118820,S3-886757877,S3-889693335,S3-895219139,S3-904141109,S3-985751687
S1-407721399	S2-356029080,S3-698222925
S1-796461188	S2-575081886,S2-609495812,S2-767017763,S3-384381925,S3-483224574,S3-581073610
S1-959883069	S2-68772136,S2-748965566,S2-753031749,S3-182732230,S3-279306877,S3-508126676,S3-664392037,S3-705883247,S3-719485234,S3-77496664,S3-833514486,S3-855212344,S3-858131965,S3-924060805
S1-166391907	S2-254074044,S2-424218928,S2-59793603,S2-901482866,S3-360424192,S3-372514642,S3-844649754
S1-726276781	S2-608234908,S2-796924756,S3-72081782
S1-120806394	S2-110561233,S2-190639422,S2-246084488,S2-466783891,S2-537386382,S2-578210575,S2-768620537,S2-905905716,S2-906689871,S3-224918880,S3-245923033,S3-692123906,S3-750074134,S3-814476003,S3-974665953
S1-391836868	S2-267527267,S2-498420659,S2-910918779,S3-33226276
S1-200079725	S2-13155039,S2-18812099,S2-419074899
S1-765276200	S2-125043612,S2-171960583,S2-193061110,S2-197064717,S2-206608237,S2-215241331,S2-223939777,S2-240108013,S2-261453822,S2-348558797,S2-354312904,S2-403312561,S2-430001267,S2-564583080,S2-567129014,S2-572574164,S2-586687219,S2-608123371,S2-658762177,S2-661883034,S2-67157470,S2-695449941,S2-700138820,S2-730726288,S2-733005398,S2-766362854,S2-780139154,S2-794002844,S2-926000868,S2-940976853,S3-114396706,S3-290400792,S3-306140588,S3-321567827,S3-328884815,S3-347745267,S3-406620783,S3-488450262,S3-49453945,S3-5404238,S3-558449977,S3-562114223,S3-570066309,S3-577903604,S3-584214943,S3-643899462,S3-656671346,S3-675794641,S3-69181179,S3-72027507,S3-723422830,S3-758172735,S3-75938811,S3-794638790,S3-795303809,S3-826091128,S3-841871896,S3-972123526,S3-979642518,S3-984706492
S1-899317092	S2-307331331,S2-308328275,S2-475389185,S2-63557192,S3-751418656
S1-775310986	S2-280887175,S2-319689766,S2-529610613,S2-5918595,S2-649867870,S2-680580188,S3-575386668
S1-305472241	S2-141978126,S2-300031857,S2-393268206,S2-937951850,S3-184758817,S3-639490618
S1-865063383	S2-139079951,S2-188006736,S2-209684379,S2-233065790,S2-235282496,S2-256247777,S2-326559121,S2-335429900,S2-358513315,S2-377180999,S2-449581649,S2-450448829,S2-510350158,S2-516495754,S2-566891713,S2-594146025,S2-638184599,S2-638589719,S2-678192388,S2-682770261,S2-719704872,S2-725546013,S2-791778130,S2-833624074,S2-83900584,S2-938938507,S2-95924984,S2-97149886,S2-973090890,S2-990122263,S3-171612799,S3-215595756,S3-229706429,S3-232767065,S3-233390934,S3-249318651,S3-254542564,S3-25915366,S3-268146272,S3-274808208,S3-276747079,S3-38487414,S3-403899867,S3-462835888,S3-527967004,S3-536257872,S3-554713508,S3-574838733,S3-627392279,S3-630765719,S3-677315270,S3-706530043,S3-712560394,S3-716904661,S3-766309310,S3-803803531,S3-872231396,S3-911042557,S3-954985426,S3-981372090
S1-264694687	S2-460722696,S2-63705596,S3-297316393,S3-724878495,S3-763121272
S1-526715015	S2-842812316,S2-86943486,S3-675778260
S1-299047552	S2-104071290,S2-15442172,S2-176129344,S2-383583161,S2-515459616,S2-516347366,S2-519772631,S2-560649530,S2-628081144,S2-632017145,S2-655416495,S2-656197935,S2-720009775,S2-739343826,S2-795770971,S2-805730370,S2-857568971,S2-910947356,S2-968671476,S2-979033221,S2-997915548,S3-119757720,S3-220644680,S3-262842799,S3-276772605,S3-284694314,S3-293416012,S3-315647707,S3-349082607,S3-408728883,S3-409544935,S3-467167147,S3-467710516,S3-504602612,S3-5076953,S3-537742134,S3-555703320,S3-617135420,S3-621704453,S3-73853472,S3-778298200,S3-797595471,S3-875332286,S3-969649349
S1-983022047	S2-38145380,S3-232919641,S3-586188414,S3-626620494,S3-757450407
S1-864843313	S2-117698407,S2-139277288,S2-183713743,S2-214810672,S2-218310002,S2-237133190,S2-254896666,S2-286597221,S2-312856786,S2-315475589,S2-321878740,S2-376990826,S2-389518352,S2-463483793,S2-519717922,S2-524636599,S2-573674381,S2-620169377,S2-630510393,S2-662380441,S2-695845031,S2-726577300,S2-784928513,S2-8719088,S2-879945459,S2-883324075,S2-895941930,S2-899731725,S2-924244268,S2-971751903,S3-137127517,S3-152532158,S3-177844837,S3-206489026,S3-233635926,S3-287415066,S3-362875908,S3-364154628,S3-376251276,S3-378551406,S3-417990680,S3-41837979,S3-475429653,S3-488064654,S3-488855320,S3-492040307,S3-504115889,S3-504898312,S3-525641780,S3-54063768,S3-603449224,S3-672880686,S3-69966025,S3-700593559,S3-741646177,S3-755634507,S3-760309210,S3-815196469,S3-823875196,S3-975622069
S1-301477237	S2-113534088,S2-140886373,S2-16405396,S2-20717587,S2-239233205,S2-314962734,S2-56516987,S2-569926722,S2-577918258,S2-642086099,S2-767023830,S2-836858755,S2-843787713,S2-859859294,S2-864765569,S2-917653318,S3-203431813,S3-226431743,S3-282739347,S3-39479375,S3-516742224,S3-612080021,S3-660654412
S1-673136886	S2-124974751,S2-176193216,S2-217406178,S2-224454787,S2-231690598,S2-241202186,S2-256255969,S2-282894151,S2-313670981,S2-372242277,S2-381005083,S2-382291361,S2-433161301,S2-455918023,S2-506772973,S2-519585633,S2-564179231,S2-684404512,S2-691410883,S2-697184571,S2-738545529,S2-764561539,S2-806430946,S2-832328552,S2-837581981,S2-840292582,S2-845909340,S2-865788224,S2-874742364,S2-97321047,S3-154962895,S3-159511762,S3-189798586,S3-196286914,S3-207269486,S3-211895351,S3-289837825,S3-30899301,S3-314001928,S3-319111268,S3-337216966,S3-351153457,S3-403992618,S3-422187001,S3-429547083,S3-500476021,S3-500712376,S3-526313174,S3-575222563,S3-57956598,S3-646011501,S3-656584277,S3-721095203,S3-755493415,S3-849052217,S3-91436584,S3-933675409,S3-939505335,S3-960461447,S3-996756932
S1-230813348	S2-112390584,S2-188005188,S2-225538585,S2-284521735,S2-301434515,S2-357211183,S2-367632311,S2-369559763,S2-402998937,S2-41110661,S2-43964229,S2-452536920,S2-474035684,S2-486456754,S2-522360744,S2-541874587,S2-573770363,S2-581143455,S2-622946927,S2-655384250,S2-675905603,S2-681505388,S2-685501613,S2-724700602,S2-735576738,S2-838282287,S2-896569797,S2-923263823,S2-93810166,S2-955217872,S3-226486647,S3-24295351,S3-265977240,S3-269762121,S3-309726062,S3-343900213,S3-345728862,S3-357486868,S3-374706731,S3-378686259,S3-404755513,S3-408385827,S3-435639793,S3-440887348,S3-447746159,S3-459515185,S3-47342472,S3-506718548,S3-520368544,S3-545098212,S3-582370808,S3-633025543,S3-680744739,S3-701504086,S3-701540874,S3-749660862,S3-794996461,S3-821504427,S3-963798514,S3-998131873
S1-404917346	S2-125985557,S2-197411324,S2-199709202,S2-229184349,S2-257941090,S2-288298590,S2-316731239,S2-399172916,S2-431820428,S2-434377750,S2-49645104,S2-623213133,S2-640200098,S2-649917070,S2-651250619,S2-67167269,S2-707955375,S2-718424062,S2-723015796,S2-730538769,S2-804457711,S2-819498625,S2-849475337,S2-849482138,S2-850224167,S2-949153195,S2-952382616,S2-953892926,S2-977217868,S2-988296975,S3-104878806,S3-175908478,S3-245833251,S3-261319896,S3-273218465,S3-318939489,S3-328894313,S3-367849245,S3-464681124,S3-500275406,S3-529477449,S3-551414586,S3-571650354,S3-572185000,S3-581794202,S3-586821575,S3-645254448,S3-664354701,S3-717881442,S3-754213308,S3-756791357,S3-760502644,S3-774739108,S3-776389728,S3-821103167,S3-824628965,S3-849731769,S3-873663905,S3-904008518,S3-928486644
S1-672593972	S2-159337176,S2-185623368,S2-206793144,S2-227896343,S2-356203902,S2-490275879,S2-624544516,S2-707700657,S2-749292540,S2-755215987,S2-815563080,S2-826253124,S2-827446929,S2-840949923,S2-854044675,S2-870423338,S2-893571566,S2-964066812,S2-964120808,S3-137895742,S3-143950175,S3-220091856,S3-284259891,S3-438010900,S3-469688920,S3-75608101,S3-795793799,S3-84479578,S3-852128594,S3-893785770,S3-918708483,S3-932420228,S3-975514126,S3-977796426
S1-541465582	S2-133718208,S2-211306217,S2-720497519,S3-834913116
S1-703209922	S2-109016272,S2-134421154,S2-201075751,S2-243633698,S2-323395326,S2-365461439,S2-37389388,S2-382599682,S2-399048328,S2-420735105,S2-473072798,S2-475398501,S2-49543265,S2-515729678,S2-573579348,S2-57939618,S2-582245704,S2-601237074,S2-685317305,S2-698843931,S2-779840478,S2-790554646,S2-836257889,S2-887167489,S2-889917605,S2-889971172,S2-903340086,S2-907613517,S2-926663367,S2-998435069,S3-113322712,S3-11711503,S3-128227926,S3-129557214,S3-222606004,S3-241776456,S3-353958638,S3-371474729,S3-405034954,S3-42872781,S3-437816990,S3-472069734,S3-480308891,S3-510179193,S3-519752455,S3-537478749,S3-598311992,S3-609945663,S3-61468922,S3-684802963,S3-706020684,S3-755386553,S3-758467964,S3-782126148,S3-78842702,S3-826309950,S3-890756989,S3-917264611,S3-926407226,S3-983639372
S1-985578465	S2-173660612,S2-200281994,S2-215349392,S2-229802031,S2-24390027,S2-263377465,S2-299421228,S2-307767976,S2-375675781,S2-384737664,S2-398394107,S2-418471252,S2-443709472,S2-467783318,S2-526875933,S2-529015392,S2-571122344,S2-57917582,S2-608278256,S2-690346812,S2-695814755,S2-722140051,S2-738241266,S2-75852998,S2-830621964,S2-847583467,S2-901920364,S2-907745606,S2-909970057,S2-938734402,S3-141263364,S3-146961932,S3-148811184,S3-150368533,S3-172149479,S3-19617150,S3-238880371,S3-286343468,S3-289748530,S3-311749660,S3-34081622,S3-389144126,S3-411230121,S3-47952454,S3-485627246,S3-585945585,S3-622467558,S3-651710656,S3-671042694,S3-710064053,S3-729038276,S3-758514574,S3-804530679,S3-858368975,S3-870612801,S3-882867319,S3-90402789,S3-917633570,S3-926548887,S3-950674457
S1-602902072	S2-103356741,S2-117609104,S2-173326179,S2-288950011,S2-345692567,S2-368662342,S2-423404851,S2-483896932,S2-587462068,S2-642093692,S2-742377043,S2-816568497,S2-845581758,S2-933573574,S2-946624730,S2-949855379,S2-962638527,S3-102015713,S3-154457920,S3-158986214,S3-202200583,S3-222048407,S3-25100751,S3-319293963,S3-372936113,S3-374508303,S3-394717385,S3-404594960,S3-419503276,S3-551580577,S3-568327572,S3-575601885,S3-5827875,S3-594544763,S3-595920590,S3-59920863,S3-61893835,S3-624806545,S3-625373180,S3-656015668,S3-68237177,S3-756611650,S3-773905749,S3-785760747,S3-802924625,S3-80756871,S3-880329618
S1-487057151	S3-17355457,S3-302508124
S1-736800651	S2-101547600,S3-24289626,S3-711655000
S1-935703327	S2-130147955,S2-32765349,S2-354211058,S2-373645940,S2-408894119,S2-491364437,S2-501904860,S2-511573459,S2-521511566,S2-529203654,S2-537150527,S2-557603843,S2-560268938,S2-619524583,S2-63635100,S2-646892300,S2-651367854,S2-668343974,S2-710688789,S2-719618270,S2-721561451,S2-730081158,S2-760873537,S2-781780523,S2-799817518,S2-860860340,S2-881337181,S2-914938658,S2-953813291,S2-954006182,S3-177627246,S3-183659471,S3-201287013,S3-210347275,S3-266012513,S3-348832863,S3-374202666,S3-497045338,S3-503657387,S3-517287475,S3-547991774,S3-584066315,S3-614373855,S3-617587972,S3-633449764,S3-641242606,S3-672200346,S3-672511003,S3-698314079,S3-720146850,S3-738734498,S3-750291441,S3-75066349,S3-828490035,S3-834466183,S3-863448972,S3-913081685,S3-937493894,S3-950680620,S3-982461412
S1-308849584	S2-109286655,S2-137707160,S2-152523406,S2-234463739,S2-305637735,S2-311974636,S2-330344696,S2-389924615,S2-390627971,S2-445039677,S2-479951785,S2-489180375,S2-506930268,S2-517729144,S2-521874903,S2-53755513,S2-540587525,S2-545123347,S2-551128687,S2-555290311,S2-601792102,S2-615651599,S2-714486407,S2-721273162,S2-732779775,S2-73405617,S2-787065572,S2-846642936,S2-877613262,S2-94679254,S3-13473302,S3-138738397,S3-160593015,S3-163304966,S3-168748626,S3-181289504,S3-228660283,S3-256713770,S3-259455906,S3-27757596,S3-280977364,S3-283071962,S3-313281185,S3-331985810,S3-373462158,S3-404861973,S3-458510250,S3-549736271,S3-553516582,S3-571468495,S3-601197303,S3-633294168,S3-667815823,S3-697396640,S3-723110817,S3-727698517,S3-760385246,S3-761354474,S3-875055273,S3-886064344
S1-61384671	S2-102131037,S2-164608479,S2-229180621,S2-455527106,S2-701423645,S2-815168474,S2-859673720,S2-891110398,S2-996290039,S3-111875584,S3-147836577,S3-150178082,S3-161503496,S3-316500300,S3-423640502,S3-425607247,S3-579622600,S3-581402183,S3-834199627,S3-864900512
S1-852148273	S2-261167671,S2-788475633,S2-837547799,S2-953178347,S3-168485109,S3-239362716,S3-747238505,S3-966266387
S1-787461836	S2-119984467,S2-267834370,S2-271775444,S2-419428034,S2-419987195,S2-4288004,S2-522840236,S2-539849709,S2-540641043,S2-615445490,S2-61936782,S2-626279345,S2-652789417,S2-665710869,S2-668272873,S2-693758880,S2-69522069,S2-759294568,S2-784298134,S2-842971711,S2-866142884,S2-872898951,S2-887014982,S2-896052611,S2-903282167,S2-908241284,S2-908260356,S2-971645545,S2-975763839,S2-994720267,S3-116395858,S3-126727423,S3-167821825,S3-174149029,S3-262656733,S3-326796964,S3-335568989,S3-343768161,S3-346038418,S3-366003445,S3-395771933,S3-418609322,S3-442202189,S3-449884963,S3-461262969,S3-558357925,S3-58973604,S3-62070196,S3-656553275,S3-715331053,S3-759327380,S3-834411236,S3-860818000,S3-869123474,S3-883062030,S3-883544012,S3-885101589,S3-965120319,S3-977690347,S3-997774721
S1-629887537	S2-347423386,S2-401918355,S2-857224554,S3-327848756
S1-71595254	S2-165783316,S2-263743036,S2-318621573,S2-353907021,S2-441105960,S2-480068673,S2-578080515,S2-594926131,S2-598803180,S2-625649492,S2-714057812,S2-839791429,S2-841629342,S2-874071813,S2-91570273,S2-954791891,S3-44326972,S3-483595307,S3-499674407,S3-688962829,S3-755303801,S3-81258170,S3-95770642,S3-959788930
S1-140373393	S2-23914857,S2-655282381,S3-758007664
S1-712418507	S2-10201822,S2-102523076,S2-207299793,S2-208688471,S2-231847310,S2-263650647,S2-268813648,S2-274437755,S2-276990055,S2-322151501,S2-36974523,S2-371708317,S2-3759033,S2-376666357,S2-385454330,S2-484742196,S2-494164717,S2-562622874,S2-623445498,S2-688646252,S2-692619269,S2-789725677,S2-816081496,S2-823011977,S2-893778504,S2-896252943,S2-933579979,S2-975483214,S2-986645713,S2-993956666,S3-155899400,S3-15623797,S3-161928200,S3-169022130,S3-175420423,S3-189335472,S3-202626865,S3-242510865,S3-264007703,S3-265564968,S3-301183796,S3-377261764,S3-542952624,S3-559342189,S3-580166771,S3-592081969,S3-614027261,S3-655830848,S3-66443046,S3-724737299,S3-758739977,S3-763278713,S3-774657124,S3-780390090,S3-862556285,S3-879468605,S3-920136099,S3-953478373,S3-957536134,S3-970351364
S1-515072958	S2-10742906,S2-192790494,S3-254515323,S3-630649001
S1-197280203	S2-101273729,S2-104590092,S2-127690612,S2-201578803,S2-212536068,S2-220233827,S2-239188710,S2-252929544,S2-295431922,S2-305268835,S2-328227277,S2-348798282,S2-380229989,S2-400597515,S2-432423471,S2-432614066,S2-433912501,S2-471303511,S2-488105228,S2-497972322,S2-519920719,S2-520251428,S2-540613119,S2-54799801,S2-728767898,S2-746579710,S2-835700944,S2-919924109,S2-983624391,S2-994528455,S3-110660328,S3-117250439,S3-130284683,S3-160008053,S3-215302379,S3-343388041,S3-379835856,S3-412081153,S3-417607454,S3-453347329,S3-5134618,S3-534460538,S3-571327237,S3-629467363,S3-630144882,S3-641814249,S3-660080086,S3-665608156,S3-699270816,S3-713269536,S3-726665299,S3-735923193,S3-767666417,S3-781414135,S3-783355764,S3-850525146,S3-857183109,S3-949564582,S3-977817173,S3-982991317
S1-794806928	S2-126564495,S2-135257497,S2-159257296,S2-19044954,S2-242827933,S2-246199080,S2-283768587,S2-301691378,S2-364326445,S2-372352677,S2-406960538,S2-457138774,S2-490118240,S2-505430167,S2-609615122,S2-638852328,S2-681818863,S2-68297708,S2-703965814,S2-751249178,S2-757333906,S2-792934945,S2-795682044,S2-802711065,S2-80587490,S2-822951807,S2-847246739,S2-95121512,S2-956268185,S2-961501939,S3-12242752,S3-144363367,S3-174361256,S3-200518969,S3-206013559,S3-210566138,S3-225184430,S3-260650091,S3-291256125,S3-504811298,S3-531045703,S3-532809165,S3-585148615,S3-600968449,S3-614027535,S3-652226160,S3-668436946,S3-685261609,S3-707173416,S3-712091948,S3-748873207,S3-752406270,S3-77012951,S3-779402251,S3-831345111,S3-899720895,S3-925051649,S3-94396148,S3-957865105,S3-970882407
S1-195675964	S2-107410319,S2-107557903,S2-124103859,S2-157183576,S2-164495986,S2-176885878,S2-241655643,S2-277660530,S2-278404695,S2-330910122,S2-343901044,S2-353367477,S2-355488160,S2-358093986,S2-435207392,S2-487263550,S2-543521047,S2-556300885,S2-589789749,S2-590228993,S2-593603963,S2-680098603,S2-714171543,S2-775327962,S2-79038929,S2-814905457,S2-869665332,S2-883504025,S2-886475266,S2-993490087,S3-112622982,S3-130930879,S3-132059392,S3-158286890,S3-159727278,S3-255273080,S3-26518088,S3-306007429,S3-306293324,S3-437095941,S3-470729256,S3-499366400,S3-49969804,S3-544815983,S3-548638389,S3-552747224,S3-563289184,S3-591959672,S3-615273241,S3-617561952,S3-634389186,S3-644674773,S3-64804362,S3-699866986,S3-735946669,S3-860570793,S3-870159056,S3-887727527,S3-900007740,S3-938556608
S1-245620451	S2-186289777,S2-205740900,S2-262390675,S2-288680988,S2-310723739,S2-312525530,S2-401019933,S2-413288612,S2-432017348,S2-483924351,S2-492961988,S2-521975308,S2-522127085,S2-570642667,S2-607801041,S2-619418532,S2-620842460,S2-629531459,S2-697870384,S2-725419084,S2-764761449,S2-801064285,S2-819125888,S2-823162663,S2-824224908,S2-861914330,S2-883235876,S2-886305138,S2-893927014,S2-967728352,S3-120869685,S3-128217052,S3-135539819,S3-245472146,S3-263278642,S3-273783279,S3-28922301,S3-291734592,S3-312134730,S3-337585292,S3-419735863,S3-452944980,S3-531644904,S3-558012426,S3-585833715,S3-614997999,S3-631518497,S3-663949940,S3-674696049,S3-677360583,S3-6924959,S3-764471937,S3-800310829,S3-830498481,S3-836570876,S3-89404510,S3-920951018,S3-948818784,S3-958603778,S3-988533131
S1-402387176	S2-10597021,S2-122618492,S2-152529426,S2-172747358,S2-361755468,S2-444364195,S2-449681324,S2-519402336,S2-554235932,S2-565815027,S2-598135377,S2-607550764,S2-614631128,S2-645302261,S2-694923703,S2-725796500,S2-737133099,S2-766758355,S2-797430795,S2-799425521,S2-800824863,S2-819053810,S2-824609739,S2-863389531,S2-885181091,S2-919417805,S3-11647923,S3-129998704,S3-182608284,S3-183350599,S3-185961452,S3-2404864,S3-264220506,S3-360420408,S3-368535067,S3-400354404,S3-430015579,S3-454653712,S3-465807627,S3-486713615,S3-531813086,S3-565549765,S3-570284646,S3-571857808,S3-573624533,S3-664080582,S3-681604794,S3-745765359,S3-759995013,S3-762117152,S3-789803005,S3-829678808,S3-868491617,S3-894874695,S3-900936375,S3-947558717
S1-218107486	S2-449088274,S3-119663978,S3-261045255
S1-899593553	S3-693414246,S3-934549146
S1-103648967	S2-144937448,S2-191770456,S2-226167483,S2-304786331,S2-308843025,S2-310805476,S2-336853890,S2-348591231,S2-353883104,S2-354724531,S2-37342370,S2-422732249,S2-435578931,S2-450139613,S2-468731983,S2-524416744,S2-635926404,S2-659309809,S2-660614586,S2-67084375,S2-725934573,S2-759066488,S2-78041571,S2-806056962,S2-81284063,S2-839701207,S2-878599554,S2-912432071,S2-966920389,S2-979909198,S3-207652351,S3-216777839,S3-271336978,S3-293034011,S3-332471009,S3-353839362,S3-359994147,S3-365432202,S3-391802286,S3-430382961,S3-44485940,S3-451427191,S3-495579556,S3-498259793,S3-516633867,S3-53033411,S3-677929642,S3-689460866,S3-699603894,S3-729098014,S3-751950520,S3-797250654,S3-801134895,S3-810228665,S3-814448888,S3-912994581,S3-96394939,S3-969870619,S3-987164896,S3-990035125
S1-186871220	S2-581270995,S2-949165624
S1-856200540	S2-210749977,S2-215630566
S1-952064431	S2-759352229,S3-235080344,S3-50441474
S1-15967051	S2-104107889,S2-132073098,S2-311796009,S2-345269173,S2-349089775,S2-384685578,S2-449250455,S2-461837963,S2-469746705,S2-544638,S2-573617954,S2-592742231,S2-603210344,S2-624819949,S2-647928512,S2-650287644,S2-654458213,S2-697452687,S2-796740062,S2-817556800,S2-839365428,S2-867469231,S2-933222204,S3-114748279,S3-147411426,S3-15292860,S3-154825601,S3-258853135,S3-269358803,S3-274943292,S3-278529407,S3-278564491,S3-316083011,S3-336072590,S3-347929161,S3-349888904,S3-378470248,S3-431438366,S3-435928445,S3-494684327,S3-505922649,S3-509977803,S3-543915983,S3-558311059,S3-644692065,S3-649973215,S3-65241043,S3-688369802,S3-704470475,S3-718396537,S3-811266633,S3-902755168,S3-909824986
S1-499785692	S2-170345449,S2-198866483,S2-298733098,S2-299211988,S2-301541137,S2-320957015,S2-345438689,S2-446186460,S2-566583671,S2-585096012,S2-779912589,S3-236688040,S3-286581866,S3-520019228,S3-55797974,S3-695245267
S1-954789288	S2-580357277,S2-606176655,S3-392620560,S3-828039523,S3-956927467,S3-999412434
S1-543400611	S2-321820334,S2-3430245,S2-386598869,S2-48692111,S2-718754145,S2-806295857,S2-886492633,S2-961485914,S3-108897994,S3-197020570,S3-301289593,S3-357590272,S3-391403079,S3-408181616,S3-455540736,S3-494308528,S3-633635585,S3-681658080,S3-759395662,S3-809507900,S3-889043446,S3-906958887,S3-970097223
S1-552047258	S2-12791613,S2-438213269,S2-67380924,S2-980569997,S3-428514109,S3-496906998,S3-595803286,S3-80445728
S1-654184515	S2-833616678
S1-276858394	S2-12887865,S2-152758881,S2-166030569,S2-1676673,S2-198621643,S2-243628612,S2-266028799,S2-270500660,S2-310265884,S2-330195249,S2-341098987,S2-404445907,S2-40771710,S2-470552933,S2-473986486,S2-483126791,S2-555354215,S2-60356867,S2-617814308,S2-625678116,S2-645422705,S2-65631552,S2-673787300,S2-687871825,S2-699732450,S2-76896395,S2-819876678,S2-87070109,S2-965454860,S2-983226986,S3-157473090,S3-199046275,S3-208128909,S3-218448000,S3-231195525,S3-348752515,S3-354558388,S3-358880934,S3-37738895,S3-39026114,S3-397588484,S3-429969564,S3-446093981,S3-447124559,S3-522184132,S3-594659305,S3-611528926,S3-659288013,S3-703650736,S3-741448292,S3-756596372,S3-780533284,S3-795106501,S3-806636444,S3-821642492,S3-860671906,S3-86837544,S3-902587563,S3-955616939,S3-963107282
S1-533888847	S2-326547253,S2-457986608,S2-552342394,S2-763711714,S3-128771145,S3-295329385,S3-580246735,S3-584517571
S1-323057996	S2-267158013,S2-658616975,S3-310997048,S3-394271549,S3-413041401
S1-320086079	S2-100894395,S2-103374711,S2-14050785,S2-143408011,S2-165963078,S2-181447410,S2-199059841,S2-224472923,S2-24436688,S2-262111055,S2-276434293,S2-277405943,S2-347656281,S2-416318850,S2-440104204,S2-461867280,S2-469931821,S2-525224781,S2-536356133,S2-640314310,S2-641053663,S2-723382085,S2-774618142,S2-775031796,S2-86406830,S2-876927136,S2-933862681,S2-943825577,S2-988102878,S2-997025291,S3-101822794,S3-101833995,S3-105657362,S3-124950029,S3-134100017,S3-13566144,S3-245462596,S3-25930302,S3-293889735,S3-295149948,S3-31252871,S3-335864713,S3-345087586,S3-357174188,S3-382783271,S3-411722359,S3-419428523,S3-441126924,S3-450245414,S3-736713493,S3-796889560,S3-798361274,S3-833412183,S3-863379075,S3-890572097,S3-892197967,S3-894940020,S3-900271481,S3-960102954,S3-97617220
S1-855616906	S2-752426483,S2-81359118,S3-132993490,S3-898540106
S1-744754397	S2-312033138,S2-946669406,S3-108655758,S3-513957230,S3-723527328
S1-152508801	S2-104600975,S2-123027323,S2-156394579,S2-174538803,S2-182534403,S2-263499615,S2-295653167,S2-343701703,S2-37420962,S2-393871611,S2-39851156,S2-443801746,S2-4510554,S2-476679693,S2-477243985,S2-489939322,S2-572555835,S2-626383114,S2-677380364,S2-690052672,S2-726489372,S2-761031768,S2-769008789,S2-779454639,S2-789995780,S2-824464145,S2-855023295,S2-869098094,S2-902937495,S2-90850254,S3-102852571,S3-146527684,S3-260881748,S3-271923978,S3-274067311,S3-324988632,S3-341347688,S3-350410557,S3-37978310,S3-448263562,S3-468377486,S3-501170560,S3-55843449,S3-591177655,S3-598462282,S3-599078735,S3-617499269,S3-63100379,S3-647646626,S3-679533684,S3-684827979,S3-687387835,S3-856250410,S3-862356466,S3-869590476,S3-887029972,S3-923531212,S3-975725519,S3-977723522,S3-985127582
S1-307615125	S2-30419437,S2-47877274,S2-625162201,S3-581938595,S3-841161709,S3-92758893
S1-143536197	S2-115501390,S2-242940903,S2-247929903,S2-251645978,S2-279862051,S2-328528288,S2-400544712,S2-407691591,S2-510211322,S2-515655543,S2-532372104,S2-559691882,S2-562440556,S2-566091376,S2-569789651,S2-569964207,S2-593663679,S2-609600099,S2-61859157,S2-640726535,S2-646402763,S2-67446602,S2-723886021,S2-744098850,S2-771466285,S2-887461485,S2-916422778,S2-938267140,S2-956515324,S2-994429617,S3-137579213,S3-151550119,S3-267984854,S3-282799281,S3-327755483,S3-382842910,S3-38758664,S3-41557598,S3-445373307,S3-465727735,S3-486044251,S3-494024427,S3-515464263,S3-571158105,S3-60314261,S3-631529070,S3-664975319,S3-669341078,S3-674408138,S3-676755592,S3-695688970,S3-728027474,S3-735138951,S3-768003115,S3-818245522,S3-826031590,S3-844256531,S3-922251232,S3-925056261,S3-986524013
S1-618419675	S3-178206706,S3-396399117,S3-81971153,S3-911538155
S1-259620026	S2-807337566
S1-584838253	S2-71526772,S3-113870873,S3-366201889,S3-40704067,S3-522229705,S3-867653068,S3-878153677
S1-39575732	S2-133583268,S2-272272171,S2-34690563,S2-504416863,S2-596161829,S2-727105238,S2-761792760,S3-159956817,S3-343112014,S3-400702022,S3-453495519,S3-566903485,S3-589276303,S3-597984760,S3-713248805,S3-740212017,S3-767973887,S3-839986967,S3-944513782
S1-692949559	S2-123918336,S2-143243746,S2-143984589,S2-154510182,S2-158787337,S2-199635698,S2-247643864,S2-261824429,S2-32650388,S2-34360493,S2-402480835,S2-437573521,S2-461797028,S2-534763089,S2-54796958,S2-552947111,S2-587727836,S2-691490388,S2-71501312,S2-733226046,S2-750706070,S2-806052491,S2-850377616,S2-899404291,S2-905305256,S2-94754144,S2-972575178,S2-987388755,S2-996635287,S2-999642319,S3-120677989,S3-186879289,S3-24622475,S3-250642739,S3-276221000,S3-30158574,S3-393124265,S3-411979247,S3-432130323,S3-454925330,S3-502766140,S3-542816325,S3-544687727,S3-545969739,S3-600653577,S3-658080530,S3-706267148,S3-721639855,S3-733336606,S3-739933022,S3-753258577,S3-763939675,S3-768789500,S3-814505117,S3-863943780,S3-892017859,S3-90445897,S3-914711709,S3-959982819,S3-982715405
S1-777929094	S2-321468137,S2-56758149,S3-27489952
S1-31931266	S2-16456726,S2-218448251,S2-327136884,S2-433766952,S2-539643782,S2-555988112,S2-589339285,S2-648872469,S2-867632434,S2-905699039,S3-265514246,S3-520148275,S3-91062715,S3-940671152
S1-337081657	S2-15085061,S2-178437037,S2-195615566,S2-217178066,S2-499462690,S2-519567353,S2-549367892,S2-636859567,S2-637370137,S2-677648985,S2-684537170,S2-768432958,S2-785229153,S2-83893450,S2-858545418,S2-926110783,S2-993466092,S3-131117611,S3-153818457,S3-202422100,S3-213253005,S3-215665682,S3-278570784,S3-281914620,S3-311408939,S3-350017716,S3-375730952,S3-449694576,S3-462155029,S3-510469457,S3-542075378,S3-595872257,S3-623527853,S3-670788244,S3-797227749,S3-804153881
S1-478404464	S2-524607849,S2-845974866
S1-916370847	S2-551906016,S2-571700211
S1-373387246	S2-186451971,S2-52734457,S2-808144587,S3-110236940,S3-215572226,S3-959313455
S1-769814533	S2-114614407,S2-13993087,S2-162204885,S2-199851685,S2-234475754,S2-257649213,S2-273571690,S2-288557214,S2-306379377,S2-324267221,S2-326869988,S2-331626123,S2-390320137,S2-402378763,S2-422742374,S2-44133300,S2-474527669,S2-49383564,S2-512895058,S2-53522616,S2-702395413,S2-716015336,S2-78440696,S2-799559973,S2-809693873,S2-823452794,S2-834104265,S2-875398377,S2-933618748,S2-948672406,S3-110302607,S3-142955091,S3-179724692,S3-188033368,S3-189303597,S3-202203461,S3-217007212,S3-257074619,S3-322225882,S3-336385384,S3-436960551,S3-497864999,S3-505923286,S3-510449880,S3-567142718,S3-600508861,S3-610522853,S3-75286254,S3-759195082,S3-769680668,S3-772726344,S3-795885575,S3-84196301,S3-87089073,S3-874445631,S3-898606948,S3-90302355,S3-928039376,S3-944749066,S3-953401916
S1-423303116	S2-679028686,S2-738785346,S2-985128408,S3-104737230,S3-143856842,S3-152194898,S3-43957066
S1-765122448	S2-120782996,S2-130714789,S2-234541968,S2-2551253,S2-291951298,S2-302203458,S2-361331312,S2-414726436,S2-422580759,S2-464040169,S2-493403266,S2-49635926,S2-49639456,S2-502758802,S2-503609859,S2-525607792,S2-528057225,S2-553572793,S2-574364574,S2-621306956,S2-647398942,S2-656127530,S2-670006365,S2-708830260,S2-721784039,S2-797957409,S2-807744255,S2-930753468,S2-967165564,S2-975180891,S3-105371176,S3-11309746,S3-233462026,S3-233733873,S3-257414434,S3-316882405,S3-336478907,S3-457602441,S3-461659860,S3-501611545,S3-523195477,S3-529643392,S3-535813973,S3-572433424,S3-593948678,S3-628293693,S3-641793698,S3-685803415,S3-711457076,S3-77338927,S3-775387776,S3-778900680,S3-816671737,S3-830359046,S3-855681441,S3-872432834,S3-919405941,S3-933824082,S3-994498142,S3-999180023
S1-143143410	S2-151070668,S2-179380437,S2-221282101,S2-235842721,S2-236421849,S2-335713969,S2-354066421,S2-365976753,S2-418483644,S2-435860715,S2-480006522,S2-496485419,S2-51272301,S2-515432219,S2-589194842,S2-590931763,S2-608081383,S2-621225139,S2-635834020,S2-68825976,S2-713870273,S2-774090634,S2-776904229,S2-795664994,S2-818945153,S2-845245229,S2-861004213,S2-897259721,S2-959254983,S2-968633109,S3-132042998,S3-143062541,S3-148975276,S3-198182601,S3-233087378,S3-241419187,S3-300408577,S3-305215419,S3-319754807,S3-352588206,S3-367677565,S3-373474436,S3-402772811,S3-430108463,S3-455819966,S3-485649413,S3-496261830,S3-507084623,S3-543902884,S3-585887933,S3-595620152,S3-601468875,S3-627046566,S3-645362908,S3-646765530,S3-726443097,S3-754808599,S3-810545842,S3-8200545,S3-917727008
S1-45193124	S2-245180986,S2-435342268,S2-587355045,S2-596082612,S2-641101646,S2-745101601,S2-753375728,S2-853770980,S3-204527734,S3-27226183,S3-285551170,S3-45807485,S3-522574551,S3-915272960,S3-987086928
S1-957659829	S2-127538259,S2-19793024,S2-309486698,S2-314470837,S2-339495856,S2-344579631,S2-350504784,S2-389598288,S2-460995147,S2-510632723,S2-513786617,S2-531138101,S2-585575569,S2-643755539,S2-690682398,S2-731633654,S2-775321026,S2-868886548,S2-884075667,S2-899895892,S2-91100488,S2-920756535,S2-948673887,S2-969109367,S2-973720648,S3-212422976,S3-233601617,S3-240646225,S3-264778908,S3-314266120,S3-367386313,S3-381251190,S3-403903965,S3-413676685,S3-429390141,S3-492621402,S3-549279448,S3-568765127,S3-56940218,S3-582043066,S3-611616890,S3-618056047,S3-64523947,S3-670359682,S3-683774132,S3-737690345,S3-739068530,S3-744603741,S3-797495599,S3-880918024,S3-899522046,S3-907854715,S3-918129756,S3-954666400,S3-964428514
S1-783895442	S2-530055302,S2-622942354,S2-690594785,S3-689256824,S3-890671576,S3-895172477
S1-241194969	S2-146697526,S2-158388966,S2-187085703,S2-202451320,S2-208617837,S2-256376131,S2-290678302,S2-293852672,S2-369634827,S2-397040366,S2-402525290,S2-418144525,S2-459952451,S2-483820492,S2-490705126,S2-56101571,S2-574458913,S2-595623864,S2-599365223,S2-641128711,S2-645988033,S2-654102120,S2-691698788,S2-731904177,S2-736262588,S2-822440446,S2-847524620,S2-869546004,S2-916127850,S2-959127469,S3-133038624,S3-203012047,S3-24468174,S3-324808989,S3-338848124,S3-340984392,S3-380652361,S3-384743458,S3-45251608,S3-455333651,S3-485038584,S3-491415907,S3-493297431,S3-51395073,S3-559657389,S3-574231294,S3-575620204,S3-656730364,S3-690367724,S3-764991999,S3-81663783,S3-831075134,S3-840743168,S3-886053303,S3-893033069,S3-903983587,S3-933948651,S3-937841754,S3-950030808,S3-994395902
S1-906946241	S2-105868763,S2-121671916,S2-161264666,S2-202971573,S2-204776524,S2-211103823,S2-297780768,S2-446777121,S2-47042870,S2-476884708,S2-509134667,S2-533501934,S2-590876256,S2-63595301,S2-644794944,S2-660963589,S2-666815636,S2-674182492,S2-783710313,S2-836704874,S2-870312048,S2-873881790,S2-887639295,S2-887961788,S2-910678645,S2-941405696,S2-944960112,S2-950110457,S2-957821316,S2-992110245,S3-101485028,S3-150711548,S3-173692473,S3-197664965,S3-199392125,S3-232264146,S3-26928959,S3-342207548,S3-416752308,S3-435533089,S3-436122582,S3-439678589,S3-480700436,S3-493287158,S3-505124273,S3-513846655,S3-539330746,S3-574015318,S3-592749576,S3-609273469,S3-630875478,S3-641287120,S3-708684055,S3-730897351,S3-755534207,S3-756777052,S3-763658961,S3-792042248,S3-803133463,S3-906353454
S1-660027440	S2-773501319,S3-371678880,S3-82564698,S3-845975647,S3-946222114
S1-461670379	S2-185559978,S2-534631733,S2-559234819,S2-739160159,S2-8465385,S2-847139911,S2-980326798,S3-152037360,S3-313523262,S3-792465204,S3-79528540,S3-862564495,S3-922101804,S3-974206824
S1-985740908	S2-108024720,S2-109493723,S2-130172513,S2-135031665,S2-139942333,S2-175378300,S2-226594343,S2-251843099,S2-305020483,S2-351758526,S2-365930083,S2-400856974,S2-410097822,S2-424455929,S2-437639961,S2-483724508,S2-497516742,S2-544850265,S2-560892586,S2-561864878,S2-655619525,S2-670462376,S2-673238415,S2-678310928,S2-768208539,S2-775225932,S2-813817379,S2-911397504,S2-941702960,S2-9998874,S3-104093477,S3-139528269,S3-156204254,S3-158284152,S3-266782847,S3-30597106,S3-312038739,S3-434163967,S3-477673857,S3-499520613,S3-615636665,S3-672583903,S3-702211421,S3-716577088,S3-758196765,S3-788789497,S3-820856494,S3-838335313,S3-848137217,S3-849610104,S3-888711142,S3-89927667,S3-92224193,S3-929363816,S3-933360110,S3-934031884,S3-945016600,S3-970490294,S3-986823746,S3-993427324
S1-870743390	S3-326164527
S1-575174642	S2-112719774,S2-130050780,S2-298857626,S2-92323907,S3-683658794,S3-690452252,S3-880355278
S1-828526849	S2-136228957,S2-151922064,S2-157809844,S2-184131140,S2-224531788,S2-249934533,S2-278856091,S2-314074967,S2-373495518,S2-390234480,S2-422722361,S2-455440419,S2-458985873,S2-52450740,S2-543978348,S2-633859604,S2-723296873,S2-819506893,S2-832686081,S2-847495565,S2-858933517,S2-877674453,S2-931635568,S2-970138051,S3-102729851,S3-123083564,S3-192952114,S3-199128759,S3-248881650,S3-258586655,S3-276174068,S3-288408050,S3-294215470,S3-303881194,S3-30816785,S3-320031587,S3-330090321,S3-34548214,S3-406178747,S3-420452821,S3-441348245,S3-571168586,S3-604742438,S3-619936444,S3-716419448,S3-75558719,S3-766323544,S3-783475978,S3-825507279,S3-876425685,S3-89318692,S3-94530213,S3-970873186,S3-978426224
S1-670774972	S2-258397793,S2-27268226,S2-664820149,S2-681789462,S2-740812213,S2-952141938,S3-116966427,S3-366237166,S3-411667723,S3-76268948
S1-222836798	S2-690569624,S2-965521247,S3-27424026,S3-493487022,S3-969206249,S3-993019382
S1-941927098	S2-221614512,S2-342345469,S3-962332856
S1-36050400	S2-135326945,S2-190764295,S2-421935022,S2-489246516,S2-839147537,S2-975000128,S3-129416681,S3-255803503,S3-342490809,S3-362041243,S3-545578962,S3-715344651,S3-890622316,S3-967143724,S3-992442140
S1-480447397	S2-108956230,S2-175859614,S2-209065457,S2-221217057,S2-223342616,S2-261507081,S2-267413785,S2-28870960,S2-296950763,S2-321642625,S2-340260621,S2-371653767,S2-406883810,S2-427908873,S2-476457423,S2-503123935,S2-503672192,S2-508268312,S2-542280215,S2-545294605,S2-551547413,S2-698043373,S2-714326861,S2-7319120,S2-763360233,S2-767718980,S2-824608800,S2-87038239,S2-900996972,S2-922643366,S3-138933852,S3-177853521,S3-189223700,S3-190677424,S3-24909500,S3-280178953,S3-281441721,S3-42337871,S3-434985679,S3-435710305,S3-445349397,S3-552834579,S3-584041492,S3-590406621,S3-594980043,S3-615326893,S3-637821783,S3-644097198,S3-650770446,S3-67324488,S3-682302322,S3-721664415,S3-735418500,S3-755402445,S3-790563892,S3-856785161,S3-898178072,S3-927202396,S3-933145205,S3-982913743
S1-810784492	
S1-311974093	S2-104639964,S2-187841044,S2-25306844,S2-288793144,S2-492365356,S2-652328466,S2-750670716,S2-807069420,S2-866956877,S2-927648140,S3-112505251,S3-171562132,S3-343021555,S3-430383440,S3-487179670,S3-817032207,S3-829599479,S3-871819463,S3-974936967
S1-59070872	S2-118801513,S2-222401776,S2-355840725,S2-454194779,S2-561585896,S2-650527583,S2-667763210,S2-775200039,S2-886847120,S2-895657665,S3-173552811,S3-25192718,S3-583385545,S3-661152578,S3-775862459,S3-810169082,S3-891118755
S1-226072612	S2-581710799,S3-306917068,S3-731335463
S1-142032781	S2-11845925,S2-159808458,S2-182460017,S2-3277992,S2-361074761,S2-373484770,S2-377108414,S2-377818313,S2-38594274,S2-409537815,S2-427657375,S2-45090298,S2-45993877,S2-572336804,S2-579591383,S2-58902911,S2-598204869,S2-633370623,S2-692611590,S2-710843636,S2-72246545,S2-741249762,S2-804676727,S2-818221407,S2-83393468,S2-851524057,S2-910052576,S2-910158361,S2-923677488,S2-935187466,S3-173333370,S3-194680380,S3-223014340,S3-251968134,S3-280867100,S3-307632846,S3-316831766,S3-356711264,S3-376441712,S3-394084728,S3-457473290,S3-485743156,S3-496213041,S3-592592508,S3-595913495,S3-617727923,S3-632398194,S3-643027208,S3-689144498,S3-712726662,S3-724116216,S3-730844663,S3-766926775,S3-789007251,S3-83366906,S3-874584570,S3-894209125,S3-970616583,S3-986398548,S3-989225719
S1-45340570	S2-494531060,S3-253379044,S3-357712930,S3-394144462,S3-552744334,S3-617782362,S3-713888341,S3-983264460,S3-994957917
S1-917054737	S2-103979145,S2-121218781,S2-145624583,S2-184279155,S2-190718655,S2-215291143,S2-233459488,S2-240157530,S2-271600189,S2-274037274,S2-288338180,S2-304803933,S2-317498395,S2-319339691,S2-344194918,S2-350437936,S2-355884151,S2-396744701,S2-447745373,S2-487871381,S2-547127493,S2-583749211,S2-632285439,S2-682384290,S2-718936632,S2-775006882,S2-781953936,S2-841140433,S2-8415538,S2-964082615,S3-11382725,S3-126187522,S3-127138912,S3-167602249,S3-181736930,S3-207838575,S3-211790578,S3-232568924,S3-330062249,S3-338549672,S3-340086735,S3-341447193,S3-365465484,S3-393052306,S3-425074955,S3-441125919,S3-467282938,S3-491226686,S3-572582313,S3-587945065,S3-66829638,S3-670922532,S3-747414622,S3-788962659,S3-821505510,S3-883822095,S3-921603413,S3-953435506,S3-962972384,S3-983539854
S1-740535429	S2-117606222,S2-19798037,S2-20540206,S2-25522264,S2-389664688,S2-39593029,S2-396703188,S2-415882602,S2-521118696,S2-574690806,S2-591446863,S2-595683000,S2-602760936,S2-658501915,S2-664618442,S2-666259495,S2-668269151,S2-691366282,S2-769128668,S2-807069420,S2-822271136,S2-860878232,S2-86202359,S2-867389469,S2-927973827,S2-93911306,S2-948583192,S2-971575042,S2-975738884,S2-982231924,S3-186472000,S3-204412411,S3-235708253,S3-246299808,S3-249166375,S3-255760842,S3-257374640,S3-281924230,S3-297837856,S3-336546263,S3-351317355,S3-351923879,S3-363519223,S3-386110579,S3-401017016,S3-47427192,S3-487179670,S3-516863366,S3-52544580,S3-666157548,S3-686235320,S3-692656532,S3-712467869,S3-799533211,S3-817032207,S3-938430231,S3-948701743,S3-970376054,S3-973091022,S3-97889980
S1-547382550	S2-109286655,S2-137707160,S2-152523406,S2-218619721,S2-234463739,S2-305637735,S2-311974636,S2-330344696,S2-389924615,S2-390627971,S2-445039677,S2-479951785,S2-489180375,S2-506930268,S2-517729144,S2-540587525,S2-545123347,S2-551128687,S2-555290311,S2-601792102,S2-615651599,S2-624649453,S2-714486407,S2-721273162,S2-732779775,S2-73405617,S2-735804910,S2-771092155,S2-877613262,S2-94679254,S3-138738397,S3-160593015,S3-163458967,S3-168748626,S3-171882428,S3-181289504,S3-193082249,S3-256713770,S3-259455906,S3-283071962,S3-313281185,S3-356039312,S3-373462158,S3-404861973,S3-442588742,S3-458510250,S3-459373673,S3-553516582,S3-571468495,S3-586758631,S3-59547065,S3-601197303,S3-633294168,S3-667815823,S3-697396640,S3-723110817,S3-727698517,S3-761354474,S3-812550378,S3-968779902
S1-705324532	S2-23501635,S2-590680320,S3-555336504,S3-795164347
S1-754493357	S2-212250073,S2-21818886,S2-221895852,S2-238352203,S2-241833484,S2-243389861,S2-684089072,S2-730796087,S2-929705070,S2-935672228,S2-941249258,S2-971617752,S3-134517472,S3-260251255,S3-375022446,S3-446774411,S3-46327930,S3-511650093,S3-573426776,S3-625844408,S3-734092905,S3-768968789
S1-831250685	S2-10315717,S2-130778861,S2-165146533,S2-17473212,S2-197540838,S2-236721352,S2-284481505,S2-288250235,S2-325753624,S2-443627857,S2-484189978,S2-497518999,S2-608618050,S2-609528307,S2-634663233,S2-643212211,S2-648038396,S2-656266438,S2-693368483,S2-716452384,S2-736010032,S2-736642239,S2-767452711,S2-813995916,S2-829376583,S2-888529740,S2-924231624,S2-982789981,S2-983816447,S2-989239057,S3-2224748,S3-223772718,S3-268107583,S3-306124692,S3-314322476,S3-336997764,S3-353469406,S3-378223388,S3-389198509,S3-405930312,S3-458517223,S3-518075820,S3-546292124,S3-621212510,S3-630681717,S3-639963330,S3-672721395,S3-72830076,S3-762726185,S3-774861071,S3-822868286,S3-837456965,S3-844655202,S3-866046873,S3-895542084,S3-913325915,S3-93122945,S3-93156015,S3-948661397,S3-979967771
S1-522913763	S2-161822528,S2-195647631,S2-214824863,S2-240041573,S2-33011402,S2-391020136,S2-753241749,S2-895221700,S2-919410954,S2-964465184,S3-273536318,S3-287596947,S3-321401834,S3-516729509,S3-628286939,S3-631076771,S3-784213896
S1-934216469	S2-457771032,S2-731272233,S3-467902255
S1-860733442	S2-10874063,S2-134310891,S2-160392023,S2-169444910,S2-192282887,S2-225285656,S2-236055240,S2-23898110,S2-333784856,S2-335926476,S2-343578120,S2-362562595,S2-589105153,S2-593089556,S2-595673377,S2-639309891,S2-645236388,S2-758708826,S2-801639995,S2-805047517,S2-832502718,S2-835191544,S2-843438780,S2-890918423,S2-893613744,S2-913423561,S2-923447273,S2-949585022,S3-101070987,S3-11627689,S3-14768049,S3-154162790,S3-168610291,S3-203191335,S3-210070386,S3-220444640,S3-270810890,S3-290659422,S3-370517319,S3-416142200,S3-416526198,S3-443468343,S3-467186218,S3-529450901,S3-547763392,S3-570627773,S3-575050839,S3-609337518,S3-623148549,S3-628233728,S3-658863051,S3-679131458,S3-71959599,S3-764540047,S3-781476980,S3-78458826,S3-835239389,S3-926418166
